1463027652,2001:470:83ae:2:212:6d02:0:4045,1
1463027654,2001:470:83ae:2:212:6d02:0:4043,1
1463027656,2001:470:83ae:2:212:6d02:0:4044,1
1463027658,2001:470:83ae:2:212:6d02:0:4040,1
1463027660,2001:470:83ae:2:212:6d02:0:400f,1
1463027662,2001:470:83ae:2:212:6d02:0:4042,1
1463027664,2001:470:83ae:2:212:6d02:0:4041,1
1463027666,2001:470:83ae:2:212:6d02:0:4035,1
1463027668,2001:470:83ae:2:212:6d02:0:4013,1
1463027670,2001:470:83ae:2:212:6d02:0:4034,1
1463027682,2001:470:83ae:2:212:6d02:0:4045,2
1463027684,2001:470:83ae:2:212:6d02:0:4043,2
1463027686,2001:470:83ae:2:212:6d02:0:4044,2
1463027688,2001:470:83ae:2:212:6d02:0:4040,2
1463027690,2001:470:83ae:2:212:6d02:0:400f,2
1463027692,2001:470:83ae:2:212:6d02:0:4042,2
1463027694,2001:470:83ae:2:212:6d02:0:4041,2
1463027698,2001:470:83ae:2:212:6d02:0:4013,2
1463027700,2001:470:83ae:2:212:6d02:0:4034,2
1463027711,2001:470:83ae:2:212:6d02:0:4045,3
1463027716,2001:470:83ae:2:212:6d02:0:4044,3
1463027718,2001:470:83ae:2:212:6d02:0:4040,3
1463027720,2001:470:83ae:2:212:6d02:0:400f,3
1463027721,2001:470:83ae:2:212:6d02:0:4042,3
1463027724,2001:470:83ae:2:212:6d02:0:4041,3
1463027726,2001:470:83ae:2:212:6d02:0:4035,3
1463027728,2001:470:83ae:2:212:6d02:0:4013,3
1463027730,2001:470:83ae:2:212:6d02:0:4034,3
1463027741,2001:470:83ae:2:212:6d02:0:4045,4
1463027743,2001:470:83ae:2:212:6d02:0:4043,4
1463027746,2001:470:83ae:2:212:6d02:0:4044,4
1463027748,2001:470:83ae:2:212:6d02:0:4040,4
1463027750,2001:470:83ae:2:212:6d02:0:400f,4
1463027751,2001:470:83ae:2:212:6d02:0:4042,4
1463027754,2001:470:83ae:2:212:6d02:0:4041,4
1463027756,2001:470:83ae:2:212:6d02:0:4035,4
1463027758,2001:470:83ae:2:212:6d02:0:4013,4
1463027760,2001:470:83ae:2:212:6d02:0:4034,4
1463027771,2001:470:83ae:2:212:6d02:0:4045,5
1463027773,2001:470:83ae:2:212:6d02:0:4043,5
1463027777,2001:470:83ae:2:212:6d02:0:4044,5
1463027778,2001:470:83ae:2:212:6d02:0:4040,5
1463027780,2001:470:83ae:2:212:6d02:0:400f,5
1463027781,2001:470:83ae:2:212:6d02:0:4042,5
1463027784,2001:470:83ae:2:212:6d02:0:4041,5
1463027786,2001:470:83ae:2:212:6d02:0:4035,5
1463027788,2001:470:83ae:2:212:6d02:0:4013,5
1463027790,2001:470:83ae:2:212:6d02:0:4034,5
1463027801,2001:470:83ae:2:212:6d02:0:4045,6
1463027803,2001:470:83ae:2:212:6d02:0:4043,6
1463027807,2001:470:83ae:2:212:6d02:0:4044,6
1463027808,2001:470:83ae:2:212:6d02:0:4040,6
1463027810,2001:470:83ae:2:212:6d02:0:400f,6
1463027811,2001:470:83ae:2:212:6d02:0:4042,6
1463027813,2001:470:83ae:2:212:6d02:0:4041,6
1463027816,2001:470:83ae:2:212:6d02:0:4035,6
1463027818,2001:470:83ae:2:212:6d02:0:4013,6
1463027819,2001:470:83ae:2:212:6d02:0:4034,6
1463027831,2001:470:83ae:2:212:6d02:0:4045,7
1463027833,2001:470:83ae:2:212:6d02:0:4043,7
1463027837,2001:470:83ae:2:212:6d02:0:4044,7
1463027838,2001:470:83ae:2:212:6d02:0:4040,7
1463027840,2001:470:83ae:2:212:6d02:0:400f,7
1463027841,2001:470:83ae:2:212:6d02:0:4042,7
1463027843,2001:470:83ae:2:212:6d02:0:4041,7
1463027846,2001:470:83ae:2:212:6d02:0:4035,7
1463027848,2001:470:83ae:2:212:6d02:0:4013,7
1463027849,2001:470:83ae:2:212:6d02:0:4034,7
1463027861,2001:470:83ae:2:212:6d02:0:4045,8
1463027863,2001:470:83ae:2:212:6d02:0:4043,8
1463027867,2001:470:83ae:2:212:6d02:0:4044,8
1463027868,2001:470:83ae:2:212:6d02:0:4040,8
1463027870,2001:470:83ae:2:212:6d02:0:400f,8
1463027871,2001:470:83ae:2:212:6d02:0:4042,8
1463027873,2001:470:83ae:2:212:6d02:0:4041,8
1463027876,2001:470:83ae:2:212:6d02:0:4035,8
1463027878,2001:470:83ae:2:212:6d02:0:4013,8
1463027879,2001:470:83ae:2:212:6d02:0:4034,8
1463027891,2001:470:83ae:2:212:6d02:0:4045,9
1463027893,2001:470:83ae:2:212:6d02:0:4043,9
1463027897,2001:470:83ae:2:212:6d02:0:4044,9
1463027898,2001:470:83ae:2:212:6d02:0:4040,9
1463027900,2001:470:83ae:2:212:6d02:0:400f,9
1463027901,2001:470:83ae:2:212:6d02:0:4042,9
1463027903,2001:470:83ae:2:212:6d02:0:4041,9
1463027905,2001:470:83ae:2:212:6d02:0:4035,9
1463027908,2001:470:83ae:2:212:6d02:0:4013,9
1463027909,2001:470:83ae:2:212:6d02:0:4034,9
1463027921,2001:470:83ae:2:212:6d02:0:4045,10
1463027923,2001:470:83ae:2:212:6d02:0:4043,10
1463027928,2001:470:83ae:2:212:6d02:0:4044,10
1463027929,2001:470:83ae:2:212:6d02:0:400f,10
1463027931,2001:470:83ae:2:212:6d02:0:4042,10
1463027933,2001:470:83ae:2:212:6d02:0:4041,10
1463027935,2001:470:83ae:2:212:6d02:0:4035,10
1463027938,2001:470:83ae:2:212:6d02:0:4013,10
1463027939,2001:470:83ae:2:212:6d02:0:4034,10
1463027953,2001:470:83ae:2:212:6d02:0:4043,11
1463027958,2001:470:83ae:2:212:6d02:0:4040,11
1463027958,2001:470:83ae:2:212:6d02:0:4044,11
1463027959,2001:470:83ae:2:212:6d02:0:400f,11
1463027961,2001:470:83ae:2:212:6d02:0:4042,11
1463027963,2001:470:83ae:2:212:6d02:0:4041,11
1463027965,2001:470:83ae:2:212:6d02:0:4035,11
1463027968,2001:470:83ae:2:212:6d02:0:4013,11
1463027969,2001:470:83ae:2:212:6d02:0:4034,11
1463027981,2001:470:83ae:2:212:6d02:0:4045,12
1463027983,2001:470:83ae:2:212:6d02:0:4043,12
1463027988,2001:470:83ae:2:212:6d02:0:4040,12
1463027988,2001:470:83ae:2:212:6d02:0:4044,12
1463027989,2001:470:83ae:2:212:6d02:0:400f,12
1463027991,2001:470:83ae:2:212:6d02:0:4042,12
1463027993,2001:470:83ae:2:212:6d02:0:4041,12
1463027995,2001:470:83ae:2:212:6d02:0:4035,12
1463027998,2001:470:83ae:2:212:6d02:0:4013,12
1463027999,2001:470:83ae:2:212:6d02:0:4034,12
1463028011,2001:470:83ae:2:212:6d02:0:4045,13
1463028013,2001:470:83ae:2:212:6d02:0:4043,13
1463028018,2001:470:83ae:2:212:6d02:0:4040,13
1463028018,2001:470:83ae:2:212:6d02:0:4044,13
1463028019,2001:470:83ae:2:212:6d02:0:400f,13
1463028021,2001:470:83ae:2:212:6d02:0:4042,13
1463028023,2001:470:83ae:2:212:6d02:0:4041,13
1463028025,2001:470:83ae:2:212:6d02:0:4035,13
1463028028,2001:470:83ae:2:212:6d02:0:4013,13
1463028029,2001:470:83ae:2:212:6d02:0:4034,13
1463028040,2001:470:83ae:2:212:6d02:0:4045,14
1463028043,2001:470:83ae:2:212:6d02:0:4043,14
1463028048,2001:470:83ae:2:212:6d02:0:4040,14
1463028049,2001:470:83ae:2:212:6d02:0:400f,14
1463028051,2001:470:83ae:2:212:6d02:0:4042,14
1463028053,2001:470:83ae:2:212:6d02:0:4041,14
1463028055,2001:470:83ae:2:212:6d02:0:4035,14
1463028058,2001:470:83ae:2:212:6d02:0:4013,14
1463028059,2001:470:83ae:2:212:6d02:0:4034,14
1463028070,2001:470:83ae:2:212:6d02:0:4045,15
1463028073,2001:470:83ae:2:212:6d02:0:4043,15
1463028078,2001:470:83ae:2:212:6d02:0:4040,15
1463028079,2001:470:83ae:2:212:6d02:0:4044,15
1463028079,2001:470:83ae:2:212:6d02:0:400f,15
1463028081,2001:470:83ae:2:212:6d02:0:4042,15
1463028083,2001:470:83ae:2:212:6d02:0:4041,15
1463028085,2001:470:83ae:2:212:6d02:0:4035,15
1463028088,2001:470:83ae:2:212:6d02:0:4013,15
1463028089,2001:470:83ae:2:212:6d02:0:4034,15
1463028100,2001:470:83ae:2:212:6d02:0:4045,16
1463028103,2001:470:83ae:2:212:6d02:0:4043,16
1463028108,2001:470:83ae:2:212:6d02:0:4040,16
1463028109,2001:470:83ae:2:212:6d02:0:4044,16
1463028109,2001:470:83ae:2:212:6d02:0:400f,16
1463028111,2001:470:83ae:2:212:6d02:0:4042,16
1463028113,2001:470:83ae:2:212:6d02:0:4041,16
1463028115,2001:470:83ae:2:212:6d02:0:4035,16
1463028118,2001:470:83ae:2:212:6d02:0:4013,16
1463028119,2001:470:83ae:2:212:6d02:0:4034,16
1463028130,2001:470:83ae:2:212:6d02:0:4045,17
1463028133,2001:470:83ae:2:212:6d02:0:4043,17
1463028138,2001:470:83ae:2:212:6d02:0:4040,17
1463028139,2001:470:83ae:2:212:6d02:0:4044,17
1463028139,2001:470:83ae:2:212:6d02:0:400f,17
1463028140,2001:470:83ae:2:212:6d02:0:4042,17
1463028143,2001:470:83ae:2:212:6d02:0:4041,17
1463028145,2001:470:83ae:2:212:6d02:0:4035,17
1463028148,2001:470:83ae:2:212:6d02:0:4013,17
1463028149,2001:470:83ae:2:212:6d02:0:4034,17
1463028160,2001:470:83ae:2:212:6d02:0:4045,18
1463028163,2001:470:83ae:2:212:6d02:0:4043,18
1463028168,2001:470:83ae:2:212:6d02:0:4040,18
1463028169,2001:470:83ae:2:212:6d02:0:4044,18
1463028169,2001:470:83ae:2:212:6d02:0:400f,18
1463028170,2001:470:83ae:2:212:6d02:0:4042,18
1463028173,2001:470:83ae:2:212:6d02:0:4041,18
1463028175,2001:470:83ae:2:212:6d02:0:4035,18
1463028178,2001:470:83ae:2:212:6d02:0:4013,18
1463028179,2001:470:83ae:2:212:6d02:0:4034,18
1463028190,2001:470:83ae:2:212:6d02:0:4045,19
1463028193,2001:470:83ae:2:212:6d02:0:4043,19
1463028198,2001:470:83ae:2:212:6d02:0:4040,19
1463028199,2001:470:83ae:2:212:6d02:0:4044,19
1463028199,2001:470:83ae:2:212:6d02:0:400f,19
1463028200,2001:470:83ae:2:212:6d02:0:4042,19
1463028203,2001:470:83ae:2:212:6d02:0:4041,19
1463028205,2001:470:83ae:2:212:6d02:0:4035,19
1463028208,2001:470:83ae:2:212:6d02:0:4013,19
1463028209,2001:470:83ae:2:212:6d02:0:4034,19
1463028220,2001:470:83ae:2:212:6d02:0:4045,20
1463028223,2001:470:83ae:2:212:6d02:0:4043,20
1463028228,2001:470:83ae:2:212:6d02:0:4040,20
1463028229,2001:470:83ae:2:212:6d02:0:400f,20
1463028229,2001:470:83ae:2:212:6d02:0:4044,20
1463028230,2001:470:83ae:2:212:6d02:0:4042,20
1463028233,2001:470:83ae:2:212:6d02:0:4041,20
1463028235,2001:470:83ae:2:212:6d02:0:4035,20
1463028238,2001:470:83ae:2:212:6d02:0:4013,20
1463028239,2001:470:83ae:2:212:6d02:0:4034,20
1463028250,2001:470:83ae:2:212:6d02:0:4045,21
1463028253,2001:470:83ae:2:212:6d02:0:4043,21
1463028258,2001:470:83ae:2:212:6d02:0:4040,21
1463028259,2001:470:83ae:2:212:6d02:0:400f,21
1463028260,2001:470:83ae:2:212:6d02:0:4044,21
1463028260,2001:470:83ae:2:212:6d02:0:4042,21
1463028263,2001:470:83ae:2:212:6d02:0:4041,21
1463028265,2001:470:83ae:2:212:6d02:0:4035,21
1463028268,2001:470:83ae:2:212:6d02:0:4013,21
1463028269,2001:470:83ae:2:212:6d02:0:4034,21
1463028280,2001:470:83ae:2:212:6d02:0:4045,22
1463028283,2001:470:83ae:2:212:6d02:0:4043,22
1463028288,2001:470:83ae:2:212:6d02:0:4040,22
1463028289,2001:470:83ae:2:212:6d02:0:400f,22
1463028290,2001:470:83ae:2:212:6d02:0:4044,22
1463028290,2001:470:83ae:2:212:6d02:0:4042,22
1463028293,2001:470:83ae:2:212:6d02:0:4041,22
1463028295,2001:470:83ae:2:212:6d02:0:4035,22
1463028298,2001:470:83ae:2:212:6d02:0:4013,22
1463028299,2001:470:83ae:2:212:6d02:0:4034,22
1463028310,2001:470:83ae:2:212:6d02:0:4045,23
1463028312,2001:470:83ae:2:212:6d02:0:4043,23
1463028318,2001:470:83ae:2:212:6d02:0:4040,23
1463028319,2001:470:83ae:2:212:6d02:0:400f,23
1463028320,2001:470:83ae:2:212:6d02:0:4042,23
1463028320,2001:470:83ae:2:212:6d02:0:4044,23
1463028323,2001:470:83ae:2:212:6d02:0:4041,23
1463028325,2001:470:83ae:2:212:6d02:0:4035,23
1463028328,2001:470:83ae:2:212:6d02:0:4013,23
1463028329,2001:470:83ae:2:212:6d02:0:4034,23
1463028340,2001:470:83ae:2:212:6d02:0:4045,24
1463028342,2001:470:83ae:2:212:6d02:0:4043,24
1463028348,2001:470:83ae:2:212:6d02:0:4040,24
1463028349,2001:470:83ae:2:212:6d02:0:400f,24
1463028350,2001:470:83ae:2:212:6d02:0:4042,24
1463028350,2001:470:83ae:2:212:6d02:0:4044,24
1463028353,2001:470:83ae:2:212:6d02:0:4041,24
1463028355,2001:470:83ae:2:212:6d02:0:4035,24
1463028358,2001:470:83ae:2:212:6d02:0:4013,24
1463028359,2001:470:83ae:2:212:6d02:0:4034,24
1463028370,2001:470:83ae:2:212:6d02:0:4045,25
1463028372,2001:470:83ae:2:212:6d02:0:4043,25
1463028378,2001:470:83ae:2:212:6d02:0:4040,25
1463028379,2001:470:83ae:2:212:6d02:0:400f,25
1463028380,2001:470:83ae:2:212:6d02:0:4042,25
1463028380,2001:470:83ae:2:212:6d02:0:4044,25
1463028383,2001:470:83ae:2:212:6d02:0:4041,25
1463028385,2001:470:83ae:2:212:6d02:0:4035,25
1463028388,2001:470:83ae:2:212:6d02:0:4013,25
1463028389,2001:470:83ae:2:212:6d02:0:4034,25
1463028399,2001:470:83ae:2:212:6d02:0:4045,26
1463028402,2001:470:83ae:2:212:6d02:0:4043,26
1463028408,2001:470:83ae:2:212:6d02:0:4040,26
1463028409,2001:470:83ae:2:212:6d02:0:400f,26
1463028410,2001:470:83ae:2:212:6d02:0:4042,26
1463028411,2001:470:83ae:2:212:6d02:0:4044,26
1463028413,2001:470:83ae:2:212:6d02:0:4041,26
1463028415,2001:470:83ae:2:212:6d02:0:4035,26
1463028418,2001:470:83ae:2:212:6d02:0:4013,26
1463028419,2001:470:83ae:2:212:6d02:0:4034,26
1463028429,2001:470:83ae:2:212:6d02:0:4045,27
1463028432,2001:470:83ae:2:212:6d02:0:4043,27
1463028438,2001:470:83ae:2:212:6d02:0:4040,27
1463028439,2001:470:83ae:2:212:6d02:0:400f,27
1463028440,2001:470:83ae:2:212:6d02:0:4042,27
1463028441,2001:470:83ae:2:212:6d02:0:4044,27
1463028443,2001:470:83ae:2:212:6d02:0:4041,27
1463028445,2001:470:83ae:2:212:6d02:0:4035,27
1463028448,2001:470:83ae:2:212:6d02:0:4013,27
1463028449,2001:470:83ae:2:212:6d02:0:4034,27
1463028459,2001:470:83ae:2:212:6d02:0:4045,28
1463028462,2001:470:83ae:2:212:6d02:0:4043,28
1463028468,2001:470:83ae:2:212:6d02:0:4040,28
1463028469,2001:470:83ae:2:212:6d02:0:400f,28
1463028470,2001:470:83ae:2:212:6d02:0:4042,28
1463028471,2001:470:83ae:2:212:6d02:0:4044,28
1463028473,2001:470:83ae:2:212:6d02:0:4041,28
1463028475,2001:470:83ae:2:212:6d02:0:4035,28
1463028478,2001:470:83ae:2:212:6d02:0:4013,28
1463028479,2001:470:83ae:2:212:6d02:0:4034,28
1463028489,2001:470:83ae:2:212:6d02:0:4045,29
1463028492,2001:470:83ae:2:212:6d02:0:4043,29
1463028498,2001:470:83ae:2:212:6d02:0:4040,29
1463028499,2001:470:83ae:2:212:6d02:0:400f,29
1463028500,2001:470:83ae:2:212:6d02:0:4042,29
1463028501,2001:470:83ae:2:212:6d02:0:4044,29
1463028502,2001:470:83ae:2:212:6d02:0:4041,29
1463028505,2001:470:83ae:2:212:6d02:0:4035,29
1463028508,2001:470:83ae:2:212:6d02:0:4013,29
1463028509,2001:470:83ae:2:212:6d02:0:4034,29
1463028519,2001:470:83ae:2:212:6d02:0:4045,30
1463028522,2001:470:83ae:2:212:6d02:0:4043,30
1463028528,2001:470:83ae:2:212:6d02:0:4040,30
1463028529,2001:470:83ae:2:212:6d02:0:400f,30
1463028529,2001:470:83ae:2:212:6d02:0:4042,30
1463028531,2001:470:83ae:2:212:6d02:0:4044,30
1463028532,2001:470:83ae:2:212:6d02:0:4041,30
1463028535,2001:470:83ae:2:212:6d02:0:4035,30
1463028538,2001:470:83ae:2:212:6d02:0:4013,30
1463028539,2001:470:83ae:2:212:6d02:0:4034,30
1463028549,2001:470:83ae:2:212:6d02:0:4045,31
1463028552,2001:470:83ae:2:212:6d02:0:4043,31
1463028558,2001:470:83ae:2:212:6d02:0:4040,31
1463028559,2001:470:83ae:2:212:6d02:0:400f,31
1463028559,2001:470:83ae:2:212:6d02:0:4042,31
1463028562,2001:470:83ae:2:212:6d02:0:4044,31
1463028562,2001:470:83ae:2:212:6d02:0:4041,31
1463028565,2001:470:83ae:2:212:6d02:0:4035,31
1463028568,2001:470:83ae:2:212:6d02:0:4013,31
1463028569,2001:470:83ae:2:212:6d02:0:4034,31
1463028579,2001:470:83ae:2:212:6d02:0:4045,32
1463028582,2001:470:83ae:2:212:6d02:0:4043,32
1463028588,2001:470:83ae:2:212:6d02:0:4040,32
1463028589,2001:470:83ae:2:212:6d02:0:400f,32
1463028592,2001:470:83ae:2:212:6d02:0:4044,32
1463028592,2001:470:83ae:2:212:6d02:0:4041,32
1463028595,2001:470:83ae:2:212:6d02:0:4035,32
1463028598,2001:470:83ae:2:212:6d02:0:4013,32
1463028598,2001:470:83ae:2:212:6d02:0:4034,32
1463028609,2001:470:83ae:2:212:6d02:0:4045,33
1463028612,2001:470:83ae:2:212:6d02:0:4043,33
1463028618,2001:470:83ae:2:212:6d02:0:4040,33
1463028619,2001:470:83ae:2:212:6d02:0:4042,33
1463028619,2001:470:83ae:2:212:6d02:0:400f,33
1463028622,2001:470:83ae:2:212:6d02:0:4044,33
1463028622,2001:470:83ae:2:212:6d02:0:4041,33
1463028625,2001:470:83ae:2:212:6d02:0:4035,33
1463028628,2001:470:83ae:2:212:6d02:0:4013,33
1463028628,2001:470:83ae:2:212:6d02:0:4034,33
1463028639,2001:470:83ae:2:212:6d02:0:4045,34
1463028642,2001:470:83ae:2:212:6d02:0:4043,34
1463028648,2001:470:83ae:2:212:6d02:0:4040,34
1463028649,2001:470:83ae:2:212:6d02:0:4042,34
1463028649,2001:470:83ae:2:212:6d02:0:400f,34
1463028652,2001:470:83ae:2:212:6d02:0:4044,34
1463028652,2001:470:83ae:2:212:6d02:0:4041,34
1463028655,2001:470:83ae:2:212:6d02:0:4035,34
1463028658,2001:470:83ae:2:212:6d02:0:4013,34
1463028658,2001:470:83ae:2:212:6d02:0:4034,34
1463028669,2001:470:83ae:2:212:6d02:0:4045,35
1463028672,2001:470:83ae:2:212:6d02:0:4043,35
1463028678,2001:470:83ae:2:212:6d02:0:4040,35
1463028679,2001:470:83ae:2:212:6d02:0:4042,35
1463028679,2001:470:83ae:2:212:6d02:0:400f,35
1463028682,2001:470:83ae:2:212:6d02:0:4041,35
1463028682,2001:470:83ae:2:212:6d02:0:4044,35
1463028685,2001:470:83ae:2:212:6d02:0:4035,35
1463028688,2001:470:83ae:2:212:6d02:0:4013,35
1463028688,2001:470:83ae:2:212:6d02:0:4034,35
1463028699,2001:470:83ae:2:212:6d02:0:4045,36
1463028702,2001:470:83ae:2:212:6d02:0:4043,36
1463028708,2001:470:83ae:2:212:6d02:0:4040,36
1463028709,2001:470:83ae:2:212:6d02:0:4042,36
1463028709,2001:470:83ae:2:212:6d02:0:400f,36
1463028712,2001:470:83ae:2:212:6d02:0:4041,36
1463028712,2001:470:83ae:2:212:6d02:0:4044,36
1463028715,2001:470:83ae:2:212:6d02:0:4035,36
1463028718,2001:470:83ae:2:212:6d02:0:4013,36
1463028718,2001:470:83ae:2:212:6d02:0:4034,36
1463028729,2001:470:83ae:2:212:6d02:0:4045,37
1463028732,2001:470:83ae:2:212:6d02:0:4043,37
1463028738,2001:470:83ae:2:212:6d02:0:4040,37
1463028739,2001:470:83ae:2:212:6d02:0:4042,37
1463028739,2001:470:83ae:2:212:6d02:0:400f,37
1463028742,2001:470:83ae:2:212:6d02:0:4041,37
1463028743,2001:470:83ae:2:212:6d02:0:4044,37
1463028745,2001:470:83ae:2:212:6d02:0:4035,37
1463028748,2001:470:83ae:2:212:6d02:0:4013,37
1463028748,2001:470:83ae:2:212:6d02:0:4034,37
1463028758,2001:470:83ae:2:212:6d02:0:4045,38
1463028762,2001:470:83ae:2:212:6d02:0:4043,38
1463028768,2001:470:83ae:2:212:6d02:0:4040,38
1463028769,2001:470:83ae:2:212:6d02:0:400f,38
1463028772,2001:470:83ae:2:212:6d02:0:4041,38
1463028773,2001:470:83ae:2:212:6d02:0:4044,38
1463028775,2001:470:83ae:2:212:6d02:0:4035,38
1463028778,2001:470:83ae:2:212:6d02:0:4013,38
1463028778,2001:470:83ae:2:212:6d02:0:4034,38
1463028788,2001:470:83ae:2:212:6d02:0:4045,39
1463028792,2001:470:83ae:2:212:6d02:0:4043,39
1463028798,2001:470:83ae:2:212:6d02:0:4040,39
1463028799,2001:470:83ae:2:212:6d02:0:4042,39
1463028799,2001:470:83ae:2:212:6d02:0:400f,39
1463028802,2001:470:83ae:2:212:6d02:0:4041,39
1463028803,2001:470:83ae:2:212:6d02:0:4044,39
1463028805,2001:470:83ae:2:212:6d02:0:4035,39
1463028808,2001:470:83ae:2:212:6d02:0:4013,39
1463028808,2001:470:83ae:2:212:6d02:0:4034,39
1463028818,2001:470:83ae:2:212:6d02:0:4045,40
1463028822,2001:470:83ae:2:212:6d02:0:4043,40
1463028828,2001:470:83ae:2:212:6d02:0:4040,40
1463028829,2001:470:83ae:2:212:6d02:0:4042,40
1463028829,2001:470:83ae:2:212:6d02:0:400f,40
1463028832,2001:470:83ae:2:212:6d02:0:4041,40
1463028833,2001:470:83ae:2:212:6d02:0:4044,40
1463028835,2001:470:83ae:2:212:6d02:0:4035,40
1463028838,2001:470:83ae:2:212:6d02:0:4013,40
1463028838,2001:470:83ae:2:212:6d02:0:4034,40
1463028848,2001:470:83ae:2:212:6d02:0:4045,41
1463028852,2001:470:83ae:2:212:6d02:0:4043,41
1463028858,2001:470:83ae:2:212:6d02:0:4040,41
1463028859,2001:470:83ae:2:212:6d02:0:4042,41
1463028859,2001:470:83ae:2:212:6d02:0:400f,41
1463028862,2001:470:83ae:2:212:6d02:0:4041,41
1463028863,2001:470:83ae:2:212:6d02:0:4044,41
1463028865,2001:470:83ae:2:212:6d02:0:4035,41
1463028868,2001:470:83ae:2:212:6d02:0:4013,41
1463028868,2001:470:83ae:2:212:6d02:0:4034,41
1463028878,2001:470:83ae:2:212:6d02:0:4045,42
1463028882,2001:470:83ae:2:212:6d02:0:4043,42
1463028888,2001:470:83ae:2:212:6d02:0:4040,42
1463028889,2001:470:83ae:2:212:6d02:0:4042,42
1463028889,2001:470:83ae:2:212:6d02:0:400f,42
1463028892,2001:470:83ae:2:212:6d02:0:4041,42
1463028894,2001:470:83ae:2:212:6d02:0:4044,42
1463028895,2001:470:83ae:2:212:6d02:0:4035,42
1463028898,2001:470:83ae:2:212:6d02:0:4013,42
1463028898,2001:470:83ae:2:212:6d02:0:4034,42
1463028908,2001:470:83ae:2:212:6d02:0:4045,43
1463028912,2001:470:83ae:2:212:6d02:0:4043,43
1463028917,2001:470:83ae:2:212:6d02:0:4040,43
1463028918,2001:470:83ae:2:212:6d02:0:4042,43
1463028919,2001:470:83ae:2:212:6d02:0:400f,43
1463028922,2001:470:83ae:2:212:6d02:0:4041,43
1463028924,2001:470:83ae:2:212:6d02:0:4044,43
1463028925,2001:470:83ae:2:212:6d02:0:4035,43
1463028928,2001:470:83ae:2:212:6d02:0:4013,43
1463028928,2001:470:83ae:2:212:6d02:0:4034,43
1463028938,2001:470:83ae:2:212:6d02:0:4045,44
1463028941,2001:470:83ae:2:212:6d02:0:4043,44
1463028947,2001:470:83ae:2:212:6d02:0:4040,44
1463028948,2001:470:83ae:2:212:6d02:0:4042,44
1463028949,2001:470:83ae:2:212:6d02:0:400f,44
1463028952,2001:470:83ae:2:212:6d02:0:4041,44
1463028954,2001:470:83ae:2:212:6d02:0:4044,44
1463028955,2001:470:83ae:2:212:6d02:0:4035,44
1463028958,2001:470:83ae:2:212:6d02:0:4013,44
1463028968,2001:470:83ae:2:212:6d02:0:4045,45
1463028971,2001:470:83ae:2:212:6d02:0:4043,45
1463028977,2001:470:83ae:2:212:6d02:0:4040,45
1463028978,2001:470:83ae:2:212:6d02:0:4042,45
1463028979,2001:470:83ae:2:212:6d02:0:400f,45
1463028982,2001:470:83ae:2:212:6d02:0:4041,45
1463028984,2001:470:83ae:2:212:6d02:0:4044,45
1463028985,2001:470:83ae:2:212:6d02:0:4035,45
1463028988,2001:470:83ae:2:212:6d02:0:4034,45
1463028998,2001:470:83ae:2:212:6d02:0:4045,46
1463029001,2001:470:83ae:2:212:6d02:0:4043,46
1463029008,2001:470:83ae:2:212:6d02:0:4040,46
1463029008,2001:470:83ae:2:212:6d02:0:4042,46
1463029009,2001:470:83ae:2:212:6d02:0:400f,46
1463029012,2001:470:83ae:2:212:6d02:0:4041,46
1463029014,2001:470:83ae:2:212:6d02:0:4044,46
1463029015,2001:470:83ae:2:212:6d02:0:4035,46
1463029018,2001:470:83ae:2:212:6d02:0:4034,46
1463029018,2001:470:83ae:2:212:6d02:0:4013,46
1463029028,2001:470:83ae:2:212:6d02:0:4045,47
1463029031,2001:470:83ae:2:212:6d02:0:4043,47
1463029037,2001:470:83ae:2:212:6d02:0:4040,47
1463029038,2001:470:83ae:2:212:6d02:0:4042,47
1463029039,2001:470:83ae:2:212:6d02:0:400f,47
1463029042,2001:470:83ae:2:212:6d02:0:4041,47
1463029045,2001:470:83ae:2:212:6d02:0:4044,47
1463029045,2001:470:83ae:2:212:6d02:0:4035,47
1463029048,2001:470:83ae:2:212:6d02:0:4034,47
1463029048,2001:470:83ae:2:212:6d02:0:4013,47
1463029058,2001:470:83ae:2:212:6d02:0:4045,48
1463029061,2001:470:83ae:2:212:6d02:0:4043,48
1463029067,2001:470:83ae:2:212:6d02:0:4040,48
1463029068,2001:470:83ae:2:212:6d02:0:4042,48
1463029069,2001:470:83ae:2:212:6d02:0:400f,48
1463029072,2001:470:83ae:2:212:6d02:0:4041,48
1463029075,2001:470:83ae:2:212:6d02:0:4035,48
1463029078,2001:470:83ae:2:212:6d02:0:4034,48
1463029078,2001:470:83ae:2:212:6d02:0:4013,48
1463029087,2001:470:83ae:2:212:6d02:0:4045,49
1463029091,2001:470:83ae:2:212:6d02:0:4043,49
1463029097,2001:470:83ae:2:212:6d02:0:4040,49
1463029098,2001:470:83ae:2:212:6d02:0:4042,49
1463029099,2001:470:83ae:2:212:6d02:0:400f,49
1463029102,2001:470:83ae:2:212:6d02:0:4041,49
1463029105,2001:470:83ae:2:212:6d02:0:4035,49
1463029105,2001:470:83ae:2:212:6d02:0:4044,49
1463029108,2001:470:83ae:2:212:6d02:0:4034,49
1463029108,2001:470:83ae:2:212:6d02:0:4013,49
1463029117,2001:470:83ae:2:212:6d02:0:4045,50
1463029121,2001:470:83ae:2:212:6d02:0:4043,50
1463029127,2001:470:83ae:2:212:6d02:0:4040,50
1463029128,2001:470:83ae:2:212:6d02:0:4042,50
1463029129,2001:470:83ae:2:212:6d02:0:400f,50
1463029131,2001:470:83ae:2:212:6d02:0:4041,50
1463029135,2001:470:83ae:2:212:6d02:0:4035,50
1463029135,2001:470:83ae:2:212:6d02:0:4044,50
1463029138,2001:470:83ae:2:212:6d02:0:4034,50
1463029138,2001:470:83ae:2:212:6d02:0:4013,50
1463029147,2001:470:83ae:2:212:6d02:0:4045,51
1463029151,2001:470:83ae:2:212:6d02:0:4043,51
1463029157,2001:470:83ae:2:212:6d02:0:4040,51
1463029158,2001:470:83ae:2:212:6d02:0:4042,51
1463029159,2001:470:83ae:2:212:6d02:0:400f,51
1463029161,2001:470:83ae:2:212:6d02:0:4041,51
1463029165,2001:470:83ae:2:212:6d02:0:4035,51
1463029165,2001:470:83ae:2:212:6d02:0:4044,51
1463029168,2001:470:83ae:2:212:6d02:0:4034,51
1463029168,2001:470:83ae:2:212:6d02:0:4013,51
1463029177,2001:470:83ae:2:212:6d02:0:4045,52
1463029181,2001:470:83ae:2:212:6d02:0:4043,52
1463029187,2001:470:83ae:2:212:6d02:0:4040,52
1463029188,2001:470:83ae:2:212:6d02:0:4042,52
1463029189,2001:470:83ae:2:212:6d02:0:400f,52
1463029191,2001:470:83ae:2:212:6d02:0:4041,52
1463029195,2001:470:83ae:2:212:6d02:0:4035,52
1463029196,2001:470:83ae:2:212:6d02:0:4044,52
1463029198,2001:470:83ae:2:212:6d02:0:4034,52
1463029198,2001:470:83ae:2:212:6d02:0:4013,52
1463029207,2001:470:83ae:2:212:6d02:0:4045,53
1463029211,2001:470:83ae:2:212:6d02:0:4043,53
1463029217,2001:470:83ae:2:212:6d02:0:4040,53
1463029218,2001:470:83ae:2:212:6d02:0:4042,53
1463029219,2001:470:83ae:2:212:6d02:0:400f,53
1463029221,2001:470:83ae:2:212:6d02:0:4041,53
1463029225,2001:470:83ae:2:212:6d02:0:4035,53
1463029226,2001:470:83ae:2:212:6d02:0:4044,53
1463029228,2001:470:83ae:2:212:6d02:0:4034,53
1463029228,2001:470:83ae:2:212:6d02:0:4013,53
1463029237,2001:470:83ae:2:212:6d02:0:4045,54
1463029241,2001:470:83ae:2:212:6d02:0:4043,54
1463029247,2001:470:83ae:2:212:6d02:0:4040,54
1463029248,2001:470:83ae:2:212:6d02:0:4042,54
1463029249,2001:470:83ae:2:212:6d02:0:400f,54
1463029251,2001:470:83ae:2:212:6d02:0:4041,54
1463029255,2001:470:83ae:2:212:6d02:0:4035,54
1463029256,2001:470:83ae:2:212:6d02:0:4044,54
1463029258,2001:470:83ae:2:212:6d02:0:4034,54
1463029258,2001:470:83ae:2:212:6d02:0:4013,54
1463029267,2001:470:83ae:2:212:6d02:0:4045,55
1463029271,2001:470:83ae:2:212:6d02:0:4043,55
1463029277,2001:470:83ae:2:212:6d02:0:4040,55
1463029278,2001:470:83ae:2:212:6d02:0:4042,55
1463029279,2001:470:83ae:2:212:6d02:0:400f,55
1463029281,2001:470:83ae:2:212:6d02:0:4041,55
1463029285,2001:470:83ae:2:212:6d02:0:4035,55
1463029286,2001:470:83ae:2:212:6d02:0:4044,55
1463029288,2001:470:83ae:2:212:6d02:0:4034,55
1463029288,2001:470:83ae:2:212:6d02:0:4013,55
1463029297,2001:470:83ae:2:212:6d02:0:4045,56
1463029301,2001:470:83ae:2:212:6d02:0:4043,56
1463029307,2001:470:83ae:2:212:6d02:0:4040,56
1463029308,2001:470:83ae:2:212:6d02:0:4042,56
1463029309,2001:470:83ae:2:212:6d02:0:400f,56
1463029311,2001:470:83ae:2:212:6d02:0:4041,56
1463029315,2001:470:83ae:2:212:6d02:0:4035,56
1463029316,2001:470:83ae:2:212:6d02:0:4044,56
1463029318,2001:470:83ae:2:212:6d02:0:4034,56
1463029318,2001:470:83ae:2:212:6d02:0:4013,56
1463029327,2001:470:83ae:2:212:6d02:0:4045,57
1463029331,2001:470:83ae:2:212:6d02:0:4043,57
1463029337,2001:470:83ae:2:212:6d02:0:4042,57
1463029337,2001:470:83ae:2:212:6d02:0:4040,57
1463029339,2001:470:83ae:2:212:6d02:0:400f,57
1463029341,2001:470:83ae:2:212:6d02:0:4041,57
1463029345,2001:470:83ae:2:212:6d02:0:4035,57
1463029346,2001:470:83ae:2:212:6d02:0:4044,57
1463029348,2001:470:83ae:2:212:6d02:0:4034,57
1463029348,2001:470:83ae:2:212:6d02:0:4013,57
1463029357,2001:470:83ae:2:212:6d02:0:4045,58
1463029361,2001:470:83ae:2:212:6d02:0:4043,58
1463029367,2001:470:83ae:2:212:6d02:0:4042,58
1463029367,2001:470:83ae:2:212:6d02:0:4040,58
1463029369,2001:470:83ae:2:212:6d02:0:400f,58
1463029371,2001:470:83ae:2:212:6d02:0:4041,58
1463029375,2001:470:83ae:2:212:6d02:0:4035,58
1463029377,2001:470:83ae:2:212:6d02:0:4044,58
1463029377,2001:470:83ae:2:212:6d02:0:4034,58
1463029378,2001:470:83ae:2:212:6d02:0:4013,58
1463029387,2001:470:83ae:2:212:6d02:0:4045,59
1463029391,2001:470:83ae:2:212:6d02:0:4043,59
1463029397,2001:470:83ae:2:212:6d02:0:4042,59
1463029397,2001:470:83ae:2:212:6d02:0:4040,59
1463029399,2001:470:83ae:2:212:6d02:0:400f,59
1463029401,2001:470:83ae:2:212:6d02:0:4041,59
1463029404,2001:470:83ae:2:212:6d02:0:4035,59
1463029407,2001:470:83ae:2:212:6d02:0:4044,59
1463029407,2001:470:83ae:2:212:6d02:0:4034,59
1463029408,2001:470:83ae:2:212:6d02:0:4013,59
1463029417,2001:470:83ae:2:212:6d02:0:4045,60
1463029421,2001:470:83ae:2:212:6d02:0:4043,60
1463029427,2001:470:83ae:2:212:6d02:0:4042,60
1463029427,2001:470:83ae:2:212:6d02:0:4040,60
1463029429,2001:470:83ae:2:212:6d02:0:400f,60
1463029431,2001:470:83ae:2:212:6d02:0:4041,60
1463029434,2001:470:83ae:2:212:6d02:0:4035,60
1463029437,2001:470:83ae:2:212:6d02:0:4044,60
1463029437,2001:470:83ae:2:212:6d02:0:4034,60
1463029438,2001:470:83ae:2:212:6d02:0:4013,60
1463029446,2001:470:83ae:2:212:6d02:0:4045,61
1463029451,2001:470:83ae:2:212:6d02:0:4043,61
1463029457,2001:470:83ae:2:212:6d02:0:4042,61
1463029457,2001:470:83ae:2:212:6d02:0:4040,61
1463029459,2001:470:83ae:2:212:6d02:0:400f,61
1463029461,2001:470:83ae:2:212:6d02:0:4041,61
1463029464,2001:470:83ae:2:212:6d02:0:4035,61
1463029467,2001:470:83ae:2:212:6d02:0:4044,61
1463029467,2001:470:83ae:2:212:6d02:0:4034,61
1463029468,2001:470:83ae:2:212:6d02:0:4013,61
1463029476,2001:470:83ae:2:212:6d02:0:4045,62
1463029481,2001:470:83ae:2:212:6d02:0:4043,62
1463029487,2001:470:83ae:2:212:6d02:0:4042,62
1463029487,2001:470:83ae:2:212:6d02:0:4040,62
1463029489,2001:470:83ae:2:212:6d02:0:400f,62
1463029491,2001:470:83ae:2:212:6d02:0:4041,62
1463029494,2001:470:83ae:2:212:6d02:0:4035,62
1463029497,2001:470:83ae:2:212:6d02:0:4034,62
1463029497,2001:470:83ae:2:212:6d02:0:4044,62
1463029498,2001:470:83ae:2:212:6d02:0:4013,62
1463029506,2001:470:83ae:2:212:6d02:0:4045,63
1463029511,2001:470:83ae:2:212:6d02:0:4043,63
1463029517,2001:470:83ae:2:212:6d02:0:4042,63
1463029517,2001:470:83ae:2:212:6d02:0:4040,63
1463029519,2001:470:83ae:2:212:6d02:0:400f,63
1463029521,2001:470:83ae:2:212:6d02:0:4041,63
1463029524,2001:470:83ae:2:212:6d02:0:4035,63
1463029527,2001:470:83ae:2:212:6d02:0:4034,63
1463029528,2001:470:83ae:2:212:6d02:0:4044,63
1463029528,2001:470:83ae:2:212:6d02:0:4013,63
1463029536,2001:470:83ae:2:212:6d02:0:4045,64
1463029541,2001:470:83ae:2:212:6d02:0:4043,64
1463029547,2001:470:83ae:2:212:6d02:0:4042,64
1463029547,2001:470:83ae:2:212:6d02:0:4040,64
1463029549,2001:470:83ae:2:212:6d02:0:400f,64
1463029551,2001:470:83ae:2:212:6d02:0:4041,64
1463029554,2001:470:83ae:2:212:6d02:0:4035,64
1463029557,2001:470:83ae:2:212:6d02:0:4034,64
1463029558,2001:470:83ae:2:212:6d02:0:4044,64
1463029558,2001:470:83ae:2:212:6d02:0:4013,64
1463029566,2001:470:83ae:2:212:6d02:0:4045,65
1463029570,2001:470:83ae:2:212:6d02:0:4043,65
1463029577,2001:470:83ae:2:212:6d02:0:4042,65
1463029577,2001:470:83ae:2:212:6d02:0:4040,65
1463029579,2001:470:83ae:2:212:6d02:0:400f,65
1463029581,2001:470:83ae:2:212:6d02:0:4041,65
1463029584,2001:470:83ae:2:212:6d02:0:4035,65
1463029587,2001:470:83ae:2:212:6d02:0:4034,65
1463029588,2001:470:83ae:2:212:6d02:0:4044,65
1463029588,2001:470:83ae:2:212:6d02:0:4013,65
1463029596,2001:470:83ae:2:212:6d02:0:4045,66
1463029600,2001:470:83ae:2:212:6d02:0:4043,66
1463029607,2001:470:83ae:2:212:6d02:0:4042,66
1463029607,2001:470:83ae:2:212:6d02:0:4040,66
1463029609,2001:470:83ae:2:212:6d02:0:400f,66
1463029611,2001:470:83ae:2:212:6d02:0:4041,66
1463029614,2001:470:83ae:2:212:6d02:0:4035,66
1463029617,2001:470:83ae:2:212:6d02:0:4034,66
1463029618,2001:470:83ae:2:212:6d02:0:4013,66
1463029618,2001:470:83ae:2:212:6d02:0:4044,66
1463029626,2001:470:83ae:2:212:6d02:0:4045,67
1463029630,2001:470:83ae:2:212:6d02:0:4043,67
1463029637,2001:470:83ae:2:212:6d02:0:4042,67
1463029637,2001:470:83ae:2:212:6d02:0:4040,67
1463029639,2001:470:83ae:2:212:6d02:0:400f,67
1463029641,2001:470:83ae:2:212:6d02:0:4041,67
1463029644,2001:470:83ae:2:212:6d02:0:4035,67
1463029647,2001:470:83ae:2:212:6d02:0:4034,67
1463029648,2001:470:83ae:2:212:6d02:0:4013,67
1463029648,2001:470:83ae:2:212:6d02:0:4044,67
1463029656,2001:470:83ae:2:212:6d02:0:4045,68
1463029660,2001:470:83ae:2:212:6d02:0:4043,68
1463029667,2001:470:83ae:2:212:6d02:0:4042,68
1463029667,2001:470:83ae:2:212:6d02:0:4040,68
1463029669,2001:470:83ae:2:212:6d02:0:400f,68
1463029671,2001:470:83ae:2:212:6d02:0:4041,68
1463029674,2001:470:83ae:2:212:6d02:0:4035,68
1463029677,2001:470:83ae:2:212:6d02:0:4034,68
1463029678,2001:470:83ae:2:212:6d02:0:4013,68
1463029679,2001:470:83ae:2:212:6d02:0:4044,68
1463029686,2001:470:83ae:2:212:6d02:0:4045,69
1463029690,2001:470:83ae:2:212:6d02:0:4043,69
1463029697,2001:470:83ae:2:212:6d02:0:4042,69
1463029697,2001:470:83ae:2:212:6d02:0:4040,69
1463029699,2001:470:83ae:2:212:6d02:0:400f,69
1463029701,2001:470:83ae:2:212:6d02:0:4041,69
1463029704,2001:470:83ae:2:212:6d02:0:4035,69
1463029707,2001:470:83ae:2:212:6d02:0:4034,69
1463029708,2001:470:83ae:2:212:6d02:0:4013,69
1463029709,2001:470:83ae:2:212:6d02:0:4044,69
1463029716,2001:470:83ae:2:212:6d02:0:4045,70
1463029720,2001:470:83ae:2:212:6d02:0:4043,70
1463029726,2001:470:83ae:2:212:6d02:0:4042,70
1463029727,2001:470:83ae:2:212:6d02:0:4040,70
1463029729,2001:470:83ae:2:212:6d02:0:400f,70
1463029730,2001:470:83ae:2:212:6d02:0:4041,70
1463029734,2001:470:83ae:2:212:6d02:0:4035,70
1463029738,2001:470:83ae:2:212:6d02:0:4013,70
1463029739,2001:470:83ae:2:212:6d02:0:4044,70
1463029746,2001:470:83ae:2:212:6d02:0:4045,71
1463029750,2001:470:83ae:2:212:6d02:0:4043,71
1463029756,2001:470:83ae:2:212:6d02:0:4042,71
1463029757,2001:470:83ae:2:212:6d02:0:4040,71
1463029759,2001:470:83ae:2:212:6d02:0:400f,71
1463029760,2001:470:83ae:2:212:6d02:0:4041,71
1463029764,2001:470:83ae:2:212:6d02:0:4035,71
1463029767,2001:470:83ae:2:212:6d02:0:4034,71
1463029768,2001:470:83ae:2:212:6d02:0:4013,71
1463029769,2001:470:83ae:2:212:6d02:0:4044,71
1463029776,2001:470:83ae:2:212:6d02:0:4045,72
1463029780,2001:470:83ae:2:212:6d02:0:4043,72
1463029786,2001:470:83ae:2:212:6d02:0:4042,72
1463029787,2001:470:83ae:2:212:6d02:0:4040,72
1463029789,2001:470:83ae:2:212:6d02:0:400f,72
1463029790,2001:470:83ae:2:212:6d02:0:4041,72
1463029794,2001:470:83ae:2:212:6d02:0:4035,72
1463029797,2001:470:83ae:2:212:6d02:0:4034,72
1463029798,2001:470:83ae:2:212:6d02:0:4013,72
1463029799,2001:470:83ae:2:212:6d02:0:4044,72
1463029806,2001:470:83ae:2:212:6d02:0:4045,73
1463029810,2001:470:83ae:2:212:6d02:0:4043,73
1463029816,2001:470:83ae:2:212:6d02:0:4042,73
1463029817,2001:470:83ae:2:212:6d02:0:4040,73
1463029819,2001:470:83ae:2:212:6d02:0:400f,73
1463029820,2001:470:83ae:2:212:6d02:0:4041,73
