1462918476,2001:470:83ae:2:212:6d02:0:4042,1
1462918482,2001:470:83ae:2:212:6d02:0:4044,1
1462918486,2001:470:83ae:2:212:6d02:0:4042,2
1462918486,2001:470:83ae:2:212:6d02:0:4013,2
1462918492,2001:470:83ae:2:212:6d02:0:4044,2
1462918496,2001:470:83ae:2:212:6d02:0:4042,3
1462918496,2001:470:83ae:2:212:6d02:0:4043,3
1462918496,2001:470:83ae:2:212:6d02:0:4035,3
1462918496,2001:470:83ae:2:212:6d02:0:4040,3
1462918502,2001:470:83ae:2:212:6d02:0:4044,3
1462918506,2001:470:83ae:2:212:6d02:0:4042,4
1462918506,2001:470:83ae:2:212:6d02:0:4043,4
1462918506,2001:470:83ae:2:212:6d02:0:4035,4
1462918513,2001:470:83ae:2:212:6d02:0:4044,4
1462918516,2001:470:83ae:2:212:6d02:0:4043,5
1462918516,2001:470:83ae:2:212:6d02:0:4035,5
1462918516,2001:470:83ae:2:212:6d02:0:4040,5
1462918523,2001:470:83ae:2:212:6d02:0:4044,5
1462918526,2001:470:83ae:2:212:6d02:0:4042,6
1462918526,2001:470:83ae:2:212:6d02:0:4035,6
1462918526,2001:470:83ae:2:212:6d02:0:4043,6
1462918526,2001:470:83ae:2:212:6d02:0:4040,6
1462918526,2001:470:83ae:2:212:6d02:0:4013,6
1462918533,2001:470:83ae:2:212:6d02:0:4044,6
1462918536,2001:470:83ae:2:212:6d02:0:4043,7
1462918536,2001:470:83ae:2:212:6d02:0:4035,7
1462918570,2001:470:83ae:2:212:6d02:0:4042,1
1462918576,2001:470:83ae:2:212:6d02:0:4034,1
1462918578,2001:470:83ae:2:212:6d02:0:400f,1
1462918580,2001:470:83ae:2:212:6d02:0:4040,2
1462918580,2001:470:83ae:2:212:6d02:0:4044,1
1462918582,2001:470:83ae:2:212:6d02:0:4013,1
1462918584,2001:470:83ae:2:212:6d02:0:4043,1
1462918586,2001:470:83ae:2:212:6d02:0:4043,1
1462918588,2001:470:83ae:2:212:6d02:0:400f,2
1462918588,2001:470:83ae:2:212:6d02:0:4042,1
1462918590,2001:470:83ae:2:212:6d02:0:4040,1
1462918590,2001:470:83ae:2:212:6d02:0:4044,2
1462918592,2001:470:83ae:2:212:6d02:0:4035,1
1462918594,2001:470:83ae:2:212:6d02:0:4043,2
1462918594,2001:470:83ae:2:212:6d02:0:4041,1
1462918596,2001:470:83ae:2:212:6d02:0:4034,3
1462918596,2001:470:83ae:2:212:6d02:0:4043,2
1462918598,2001:470:83ae:2:212:6d02:0:400f,3
1462918600,2001:470:83ae:2:212:6d02:0:4044,3
1462918602,2001:470:83ae:2:212:6d02:0:4013,3
1462918602,2001:470:83ae:2:212:6d02:0:4035,2
1462918604,2001:470:83ae:2:212:6d02:0:4043,3
1462918604,2001:470:83ae:2:212:6d02:0:4041,2
1462918606,2001:470:83ae:2:212:6d02:0:4034,4
1462918606,2001:470:83ae:2:212:6d02:0:4043,3
1462918608,2001:470:83ae:2:212:6d02:0:4042,3
1462918610,2001:470:83ae:2:212:6d02:0:4040,3
1462918610,2001:470:83ae:2:212:6d02:0:4044,4
1462918612,2001:470:83ae:2:212:6d02:0:4013,4
1462918612,2001:470:83ae:2:212:6d02:0:4035,3
1462918614,2001:470:83ae:2:212:6d02:0:4043,4
1462918614,2001:470:83ae:2:212:6d02:0:4041,3
1462918616,2001:470:83ae:2:212:6d02:0:4034,5
1462918616,2001:470:83ae:2:212:6d02:0:4043,4
1462918618,2001:470:83ae:2:212:6d02:0:4042,4
1462918618,2001:470:83ae:2:212:6d02:0:400f,5
1462918620,2001:470:83ae:2:212:6d02:0:4040,4
1462918620,2001:470:83ae:2:212:6d02:0:4044,5
1462918622,2001:470:83ae:2:212:6d02:0:4013,5
1462918622,2001:470:83ae:2:212:6d02:0:4035,4
1462918624,2001:470:83ae:2:212:6d02:0:4043,5
1462918624,2001:470:83ae:2:212:6d02:0:4041,4
1462918626,2001:470:83ae:2:212:6d02:0:4034,6
1462918626,2001:470:83ae:2:212:6d02:0:4043,5
1462918628,2001:470:83ae:2:212:6d02:0:4042,5
1462918628,2001:470:83ae:2:212:6d02:0:400f,6
1462918630,2001:470:83ae:2:212:6d02:0:4040,5
1462918631,2001:470:83ae:2:212:6d02:0:4044,6
1462918632,2001:470:83ae:2:212:6d02:0:4035,5
1462918632,2001:470:83ae:2:212:6d02:0:4013,6
1462918634,2001:470:83ae:2:212:6d02:0:4043,6
1462918634,2001:470:83ae:2:212:6d02:0:4041,5
1462918636,2001:470:83ae:2:212:6d02:0:4034,7
1462918636,2001:470:83ae:2:212:6d02:0:4043,6
1462918638,2001:470:83ae:2:212:6d02:0:400f,7
1462918638,2001:470:83ae:2:212:6d02:0:4042,6
1462918641,2001:470:83ae:2:212:6d02:0:4044,7
1462918642,2001:470:83ae:2:212:6d02:0:4013,7
1462918642,2001:470:83ae:2:212:6d02:0:4035,6
1462918644,2001:470:83ae:2:212:6d02:0:4043,7
1462918644,2001:470:83ae:2:212:6d02:0:4041,6
1462918646,2001:470:83ae:2:212:6d02:0:4034,8
1462918646,2001:470:83ae:2:212:6d02:0:4043,7
1462918648,2001:470:83ae:2:212:6d02:0:4042,7
1462918648,2001:470:83ae:2:212:6d02:0:400f,8
1462918650,2001:470:83ae:2:212:6d02:0:4040,7
1462918651,2001:470:83ae:2:212:6d02:0:4044,8
1462918652,2001:470:83ae:2:212:6d02:0:4013,8
1462918652,2001:470:83ae:2:212:6d02:0:4035,7
1462918654,2001:470:83ae:2:212:6d02:0:4043,8
1462918654,2001:470:83ae:2:212:6d02:0:4041,7
1462918656,2001:470:83ae:2:212:6d02:0:4034,9
1462918656,2001:470:83ae:2:212:6d02:0:4043,8
1462918658,2001:470:83ae:2:212:6d02:0:4042,8
1462918658,2001:470:83ae:2:212:6d02:0:400f,9
1462918660,2001:470:83ae:2:212:6d02:0:4040,8
1462918661,2001:470:83ae:2:212:6d02:0:4044,9
1462918662,2001:470:83ae:2:212:6d02:0:4013,9
1462918662,2001:470:83ae:2:212:6d02:0:4035,8
1462918664,2001:470:83ae:2:212:6d02:0:4043,9
1462918664,2001:470:83ae:2:212:6d02:0:4041,8
1462918666,2001:470:83ae:2:212:6d02:0:4034,10
1462918666,2001:470:83ae:2:212:6d02:0:4043,9
1462918668,2001:470:83ae:2:212:6d02:0:4042,9
1462918668,2001:470:83ae:2:212:6d02:0:400f,10
1462918670,2001:470:83ae:2:212:6d02:0:4040,9
1462918671,2001:470:83ae:2:212:6d02:0:4044,10
1462918672,2001:470:83ae:2:212:6d02:0:4013,10
1462918672,2001:470:83ae:2:212:6d02:0:4035,9
1462918674,2001:470:83ae:2:212:6d02:0:4043,10
1462918674,2001:470:83ae:2:212:6d02:0:4041,9
1462918676,2001:470:83ae:2:212:6d02:0:4034,11
1462918676,2001:470:83ae:2:212:6d02:0:4043,10
1462918678,2001:470:83ae:2:212:6d02:0:4042,10
1462918678,2001:470:83ae:2:212:6d02:0:400f,11
1462918680,2001:470:83ae:2:212:6d02:0:4040,10
1462918681,2001:470:83ae:2:212:6d02:0:4044,11
1462918682,2001:470:83ae:2:212:6d02:0:4013,11
1462918682,2001:470:83ae:2:212:6d02:0:4035,10
1462918684,2001:470:83ae:2:212:6d02:0:4043,11
1462918684,2001:470:83ae:2:212:6d02:0:4041,10
1462918686,2001:470:83ae:2:212:6d02:0:4034,12
1462918686,2001:470:83ae:2:212:6d02:0:4043,11
1462918688,2001:470:83ae:2:212:6d02:0:4042,11
1462918688,2001:470:83ae:2:212:6d02:0:400f,12
1462918690,2001:470:83ae:2:212:6d02:0:4040,11
1462918691,2001:470:83ae:2:212:6d02:0:4044,12
1462918692,2001:470:83ae:2:212:6d02:0:4013,12
1462918692,2001:470:83ae:2:212:6d02:0:4035,11
1462918694,2001:470:83ae:2:212:6d02:0:4043,12
1462918694,2001:470:83ae:2:212:6d02:0:4041,11
1462918696,2001:470:83ae:2:212:6d02:0:4034,13
1462918696,2001:470:83ae:2:212:6d02:0:4043,12
1462918698,2001:470:83ae:2:212:6d02:0:4042,12
1462918698,2001:470:83ae:2:212:6d02:0:400f,13
1462918700,2001:470:83ae:2:212:6d02:0:4040,12
1462918701,2001:470:83ae:2:212:6d02:0:4044,13
1462918702,2001:470:83ae:2:212:6d02:0:4013,13
1462918702,2001:470:83ae:2:212:6d02:0:4035,12
1462918704,2001:470:83ae:2:212:6d02:0:4043,13
1462918704,2001:470:83ae:2:212:6d02:0:4041,12
1462918706,2001:470:83ae:2:212:6d02:0:4034,14
1462918706,2001:470:83ae:2:212:6d02:0:4043,13
1462918708,2001:470:83ae:2:212:6d02:0:4042,13
1462918708,2001:470:83ae:2:212:6d02:0:400f,14
1462918710,2001:470:83ae:2:212:6d02:0:4040,13
1462918711,2001:470:83ae:2:212:6d02:0:4044,14
1462918712,2001:470:83ae:2:212:6d02:0:4013,14
1462918712,2001:470:83ae:2:212:6d02:0:4035,13
1462918714,2001:470:83ae:2:212:6d02:0:4043,14
1462918714,2001:470:83ae:2:212:6d02:0:4041,13
1462918716,2001:470:83ae:2:212:6d02:0:4034,15
1462918716,2001:470:83ae:2:212:6d02:0:4043,14
1462918718,2001:470:83ae:2:212:6d02:0:4042,14
1462918718,2001:470:83ae:2:212:6d02:0:400f,15
1462918720,2001:470:83ae:2:212:6d02:0:4040,14
1462918721,2001:470:83ae:2:212:6d02:0:4044,15
1462918722,2001:470:83ae:2:212:6d02:0:4013,15
1462918722,2001:470:83ae:2:212:6d02:0:4035,14
1462918724,2001:470:83ae:2:212:6d02:0:4043,15
1462918724,2001:470:83ae:2:212:6d02:0:4041,14
1462918726,2001:470:83ae:2:212:6d02:0:4034,16
1462918726,2001:470:83ae:2:212:6d02:0:4043,15
1462918728,2001:470:83ae:2:212:6d02:0:4042,15
1462918728,2001:470:83ae:2:212:6d02:0:400f,16
1462918730,2001:470:83ae:2:212:6d02:0:4040,15
1462918731,2001:470:83ae:2:212:6d02:0:4044,16
1462918732,2001:470:83ae:2:212:6d02:0:4013,16
1462918732,2001:470:83ae:2:212:6d02:0:4035,15
1462918734,2001:470:83ae:2:212:6d02:0:4043,16
1462918734,2001:470:83ae:2:212:6d02:0:4041,15
1462918736,2001:470:83ae:2:212:6d02:0:4034,17
1462918736,2001:470:83ae:2:212:6d02:0:4043,16
1462918738,2001:470:83ae:2:212:6d02:0:4042,16
1462918738,2001:470:83ae:2:212:6d02:0:400f,17
1462918740,2001:470:83ae:2:212:6d02:0:4040,16
1462918741,2001:470:83ae:2:212:6d02:0:4044,17
1462918742,2001:470:83ae:2:212:6d02:0:4013,17
1462918742,2001:470:83ae:2:212:6d02:0:4035,16
1462918744,2001:470:83ae:2:212:6d02:0:4043,17
1462918744,2001:470:83ae:2:212:6d02:0:4041,16
1462918746,2001:470:83ae:2:212:6d02:0:4034,18
1462918746,2001:470:83ae:2:212:6d02:0:4043,17
1462918748,2001:470:83ae:2:212:6d02:0:4042,17
1462918748,2001:470:83ae:2:212:6d02:0:400f,18
1462918750,2001:470:83ae:2:212:6d02:0:4040,17
1462918751,2001:470:83ae:2:212:6d02:0:4044,18
1462918752,2001:470:83ae:2:212:6d02:0:4013,18
1462918752,2001:470:83ae:2:212:6d02:0:4035,17
1462918754,2001:470:83ae:2:212:6d02:0:4043,18
1462918754,2001:470:83ae:2:212:6d02:0:4041,17
1462918756,2001:470:83ae:2:212:6d02:0:4034,19
1462918756,2001:470:83ae:2:212:6d02:0:4043,18
1462918758,2001:470:83ae:2:212:6d02:0:4042,18
1462918758,2001:470:83ae:2:212:6d02:0:400f,19
1462918760,2001:470:83ae:2:212:6d02:0:4040,18
1462918761,2001:470:83ae:2:212:6d02:0:4044,19
1462918762,2001:470:83ae:2:212:6d02:0:4013,19
1462918762,2001:470:83ae:2:212:6d02:0:4035,18
1462918764,2001:470:83ae:2:212:6d02:0:4043,19
1462918764,2001:470:83ae:2:212:6d02:0:4041,18
1462918766,2001:470:83ae:2:212:6d02:0:4034,20
1462918766,2001:470:83ae:2:212:6d02:0:4043,19
1462918768,2001:470:83ae:2:212:6d02:0:4042,19
1462918768,2001:470:83ae:2:212:6d02:0:400f,20
1462918770,2001:470:83ae:2:212:6d02:0:4040,19
1462918771,2001:470:83ae:2:212:6d02:0:4044,20
1462918772,2001:470:83ae:2:212:6d02:0:4013,20
1462918772,2001:470:83ae:2:212:6d02:0:4035,19
1462918774,2001:470:83ae:2:212:6d02:0:4043,20
1462918774,2001:470:83ae:2:212:6d02:0:4041,19
1462918776,2001:470:83ae:2:212:6d02:0:4034,21
1462918776,2001:470:83ae:2:212:6d02:0:4043,20
1462918778,2001:470:83ae:2:212:6d02:0:4042,20
1462918778,2001:470:83ae:2:212:6d02:0:400f,21
1462918780,2001:470:83ae:2:212:6d02:0:4040,20
1462918781,2001:470:83ae:2:212:6d02:0:4044,21
1462918782,2001:470:83ae:2:212:6d02:0:4013,21
1462918782,2001:470:83ae:2:212:6d02:0:4035,20
1462918784,2001:470:83ae:2:212:6d02:0:4043,21
1462918784,2001:470:83ae:2:212:6d02:0:4041,20
1462918786,2001:470:83ae:2:212:6d02:0:4034,22
1462918786,2001:470:83ae:2:212:6d02:0:4043,21
1462918788,2001:470:83ae:2:212:6d02:0:4042,21
1462918788,2001:470:83ae:2:212:6d02:0:400f,22
1462918790,2001:470:83ae:2:212:6d02:0:4040,21
1462918791,2001:470:83ae:2:212:6d02:0:4044,22
1462918792,2001:470:83ae:2:212:6d02:0:4013,22
1462918792,2001:470:83ae:2:212:6d02:0:4035,21
1462918794,2001:470:83ae:2:212:6d02:0:4043,22
1462918794,2001:470:83ae:2:212:6d02:0:4041,21
1462918796,2001:470:83ae:2:212:6d02:0:4034,23
1462918796,2001:470:83ae:2:212:6d02:0:4043,22
1462918798,2001:470:83ae:2:212:6d02:0:4042,22
1462918798,2001:470:83ae:2:212:6d02:0:400f,23
1462918800,2001:470:83ae:2:212:6d02:0:4040,22
1462918802,2001:470:83ae:2:212:6d02:0:4044,23
1462918802,2001:470:83ae:2:212:6d02:0:4013,23
1462918802,2001:470:83ae:2:212:6d02:0:4035,22
1462918804,2001:470:83ae:2:212:6d02:0:4043,23
1462918804,2001:470:83ae:2:212:6d02:0:4041,22
1462918806,2001:470:83ae:2:212:6d02:0:4034,24
1462918806,2001:470:83ae:2:212:6d02:0:4043,23
1462918808,2001:470:83ae:2:212:6d02:0:4042,23
1462918808,2001:470:83ae:2:212:6d02:0:400f,24
1462918810,2001:470:83ae:2:212:6d02:0:4040,23
1462918812,2001:470:83ae:2:212:6d02:0:4044,24
1462918812,2001:470:83ae:2:212:6d02:0:4013,24
1462918812,2001:470:83ae:2:212:6d02:0:4035,23
1462918814,2001:470:83ae:2:212:6d02:0:4043,24
1462918814,2001:470:83ae:2:212:6d02:0:4041,23
1462918816,2001:470:83ae:2:212:6d02:0:4034,25
1462918816,2001:470:83ae:2:212:6d02:0:4043,24
1462918818,2001:470:83ae:2:212:6d02:0:4042,24
1462918818,2001:470:83ae:2:212:6d02:0:400f,25
1462918820,2001:470:83ae:2:212:6d02:0:4040,24
1462918822,2001:470:83ae:2:212:6d02:0:4044,25
1462918822,2001:470:83ae:2:212:6d02:0:4013,25
1462918822,2001:470:83ae:2:212:6d02:0:4035,24
1462918824,2001:470:83ae:2:212:6d02:0:4043,25
1462918824,2001:470:83ae:2:212:6d02:0:4041,24
1462918826,2001:470:83ae:2:212:6d02:0:4034,26
1462918826,2001:470:83ae:2:212:6d02:0:4043,25
1462918828,2001:470:83ae:2:212:6d02:0:4042,25
1462918828,2001:470:83ae:2:212:6d02:0:400f,26
1462918830,2001:470:83ae:2:212:6d02:0:4040,25
1462918832,2001:470:83ae:2:212:6d02:0:4044,26
1462918832,2001:470:83ae:2:212:6d02:0:4013,26
1462918832,2001:470:83ae:2:212:6d02:0:4035,25
1462918834,2001:470:83ae:2:212:6d02:0:4043,26
1462918834,2001:470:83ae:2:212:6d02:0:4041,25
1462918836,2001:470:83ae:2:212:6d02:0:4034,27
1462918836,2001:470:83ae:2:212:6d02:0:4043,26
1462918838,2001:470:83ae:2:212:6d02:0:4042,26
1462918838,2001:470:83ae:2:212:6d02:0:400f,27
1462918840,2001:470:83ae:2:212:6d02:0:4040,26
1462918842,2001:470:83ae:2:212:6d02:0:4044,27
1462918842,2001:470:83ae:2:212:6d02:0:4013,27
1462918842,2001:470:83ae:2:212:6d02:0:4035,26
1462918844,2001:470:83ae:2:212:6d02:0:4043,27
1462918844,2001:470:83ae:2:212:6d02:0:4041,26
1462918846,2001:470:83ae:2:212:6d02:0:4034,28
1462918846,2001:470:83ae:2:212:6d02:0:4043,27
1462918848,2001:470:83ae:2:212:6d02:0:4042,27
1462918848,2001:470:83ae:2:212:6d02:0:400f,28
1462918850,2001:470:83ae:2:212:6d02:0:4040,27
1462918852,2001:470:83ae:2:212:6d02:0:4044,28
1462918852,2001:470:83ae:2:212:6d02:0:4013,28
1462918852,2001:470:83ae:2:212:6d02:0:4035,27
1462918854,2001:470:83ae:2:212:6d02:0:4043,28
1462918854,2001:470:83ae:2:212:6d02:0:4041,27
1462918856,2001:470:83ae:2:212:6d02:0:4034,29
1462918856,2001:470:83ae:2:212:6d02:0:4043,28
1462918857,2001:470:83ae:2:212:6d02:0:4042,28
1462918858,2001:470:83ae:2:212:6d02:0:400f,29
1462918860,2001:470:83ae:2:212:6d02:0:4040,28
1462918862,2001:470:83ae:2:212:6d02:0:4044,29
1462918862,2001:470:83ae:2:212:6d02:0:4013,29
1462918862,2001:470:83ae:2:212:6d02:0:4035,28
1462918864,2001:470:83ae:2:212:6d02:0:4043,29
1462918864,2001:470:83ae:2:212:6d02:0:4041,28
1462918866,2001:470:83ae:2:212:6d02:0:4034,30
1462918866,2001:470:83ae:2:212:6d02:0:4043,29
1462918868,2001:470:83ae:2:212:6d02:0:4042,29
1462918868,2001:470:83ae:2:212:6d02:0:400f,30
1462918870,2001:470:83ae:2:212:6d02:0:4040,29
1462918872,2001:470:83ae:2:212:6d02:0:4044,30
1462918872,2001:470:83ae:2:212:6d02:0:4013,30
1462918872,2001:470:83ae:2:212:6d02:0:4035,29
1462918874,2001:470:83ae:2:212:6d02:0:4043,30
1462918874,2001:470:83ae:2:212:6d02:0:4041,29
1462918876,2001:470:83ae:2:212:6d02:0:4034,31
1462918876,2001:470:83ae:2:212:6d02:0:4043,30
1462918877,2001:470:83ae:2:212:6d02:0:4042,30
1462918878,2001:470:83ae:2:212:6d02:0:400f,31
1462918880,2001:470:83ae:2:212:6d02:0:4040,30
1462918882,2001:470:83ae:2:212:6d02:0:4044,31
1462918882,2001:470:83ae:2:212:6d02:0:4013,31
1462918882,2001:470:83ae:2:212:6d02:0:4035,30
1462918884,2001:470:83ae:2:212:6d02:0:4043,31
1462918884,2001:470:83ae:2:212:6d02:0:4041,30
1462918886,2001:470:83ae:2:212:6d02:0:4034,32
1462918886,2001:470:83ae:2:212:6d02:0:4043,31
1462918887,2001:470:83ae:2:212:6d02:0:4042,31
1462918888,2001:470:83ae:2:212:6d02:0:400f,32
1462918890,2001:470:83ae:2:212:6d02:0:4040,31
1462918892,2001:470:83ae:2:212:6d02:0:4044,32
1462918892,2001:470:83ae:2:212:6d02:0:4013,32
1462918892,2001:470:83ae:2:212:6d02:0:4035,31
1462918894,2001:470:83ae:2:212:6d02:0:4043,32
1462918894,2001:470:83ae:2:212:6d02:0:4041,31
1462918896,2001:470:83ae:2:212:6d02:0:4034,33
1462918896,2001:470:83ae:2:212:6d02:0:4043,32
1462918897,2001:470:83ae:2:212:6d02:0:4042,32
1462918898,2001:470:83ae:2:212:6d02:0:400f,33
1462918900,2001:470:83ae:2:212:6d02:0:4040,32
1462918902,2001:470:83ae:2:212:6d02:0:4013,33
1462918902,2001:470:83ae:2:212:6d02:0:4044,33
1462918902,2001:470:83ae:2:212:6d02:0:4035,32
1462918904,2001:470:83ae:2:212:6d02:0:4043,33
1462918904,2001:470:83ae:2:212:6d02:0:4041,32
1462918906,2001:470:83ae:2:212:6d02:0:4034,34
1462918906,2001:470:83ae:2:212:6d02:0:4043,33
1462918907,2001:470:83ae:2:212:6d02:0:4042,33
1462918908,2001:470:83ae:2:212:6d02:0:400f,34
1462918910,2001:470:83ae:2:212:6d02:0:4040,33
1462918912,2001:470:83ae:2:212:6d02:0:4013,34
1462918912,2001:470:83ae:2:212:6d02:0:4035,33
1462918914,2001:470:83ae:2:212:6d02:0:4043,34
1462918914,2001:470:83ae:2:212:6d02:0:4041,33
1462918916,2001:470:83ae:2:212:6d02:0:4034,35
1462918916,2001:470:83ae:2:212:6d02:0:4043,34
1462918917,2001:470:83ae:2:212:6d02:0:4042,34
1462918918,2001:470:83ae:2:212:6d02:0:400f,35
1462918920,2001:470:83ae:2:212:6d02:0:4040,34
1462918922,2001:470:83ae:2:212:6d02:0:4013,35
1462918922,2001:470:83ae:2:212:6d02:0:4035,34
1462918922,2001:470:83ae:2:212:6d02:0:4044,35
1462918924,2001:470:83ae:2:212:6d02:0:4043,35
1462918924,2001:470:83ae:2:212:6d02:0:4041,34
1462918926,2001:470:83ae:2:212:6d02:0:4034,36
1462918926,2001:470:83ae:2:212:6d02:0:4043,35
1462918927,2001:470:83ae:2:212:6d02:0:4042,35
1462918928,2001:470:83ae:2:212:6d02:0:400f,36
1462918930,2001:470:83ae:2:212:6d02:0:4040,35
1462918932,2001:470:83ae:2:212:6d02:0:4013,36
1462918932,2001:470:83ae:2:212:6d02:0:4035,35
1462918932,2001:470:83ae:2:212:6d02:0:4044,36
1462918934,2001:470:83ae:2:212:6d02:0:4043,36
1462918934,2001:470:83ae:2:212:6d02:0:4041,35
1462918936,2001:470:83ae:2:212:6d02:0:4034,37
1462918936,2001:470:83ae:2:212:6d02:0:4043,36
1462918937,2001:470:83ae:2:212:6d02:0:4042,36
1462918938,2001:470:83ae:2:212:6d02:0:400f,37
1462918940,2001:470:83ae:2:212:6d02:0:4040,36
1462918942,2001:470:83ae:2:212:6d02:0:4013,37
1462918942,2001:470:83ae:2:212:6d02:0:4035,36
1462918942,2001:470:83ae:2:212:6d02:0:4044,37
1462918944,2001:470:83ae:2:212:6d02:0:4043,37
1462918944,2001:470:83ae:2:212:6d02:0:4041,36
1462918946,2001:470:83ae:2:212:6d02:0:4034,38
1462918946,2001:470:83ae:2:212:6d02:0:4043,37
1462918947,2001:470:83ae:2:212:6d02:0:4042,37
1462918948,2001:470:83ae:2:212:6d02:0:400f,38
1462918950,2001:470:83ae:2:212:6d02:0:4040,37
1462918952,2001:470:83ae:2:212:6d02:0:4013,38
1462918952,2001:470:83ae:2:212:6d02:0:4035,37
1462918952,2001:470:83ae:2:212:6d02:0:4044,38
1462918954,2001:470:83ae:2:212:6d02:0:4043,38
1462918954,2001:470:83ae:2:212:6d02:0:4041,37
1462918956,2001:470:83ae:2:212:6d02:0:4034,39
1462918956,2001:470:83ae:2:212:6d02:0:4043,38
1462918957,2001:470:83ae:2:212:6d02:0:4042,38
1462918958,2001:470:83ae:2:212:6d02:0:400f,39
1462918960,2001:470:83ae:2:212:6d02:0:4040,38
1462918962,2001:470:83ae:2:212:6d02:0:4013,39
1462918962,2001:470:83ae:2:212:6d02:0:4035,38
1462918963,2001:470:83ae:2:212:6d02:0:4044,39
1462918964,2001:470:83ae:2:212:6d02:0:4043,39
1462918964,2001:470:83ae:2:212:6d02:0:4041,38
1462918966,2001:470:83ae:2:212:6d02:0:4034,40
1462918966,2001:470:83ae:2:212:6d02:0:4043,39
1462918967,2001:470:83ae:2:212:6d02:0:4042,39
1462918968,2001:470:83ae:2:212:6d02:0:400f,40
1462918970,2001:470:83ae:2:212:6d02:0:4040,39
1462918972,2001:470:83ae:2:212:6d02:0:4013,40
1462918972,2001:470:83ae:2:212:6d02:0:4035,39
1462918973,2001:470:83ae:2:212:6d02:0:4044,40
1462918974,2001:470:83ae:2:212:6d02:0:4041,39
1462918976,2001:470:83ae:2:212:6d02:0:4034,41
1462918976,2001:470:83ae:2:212:6d02:0:4043,40
1462918977,2001:470:83ae:2:212:6d02:0:4042,40
1462918978,2001:470:83ae:2:212:6d02:0:400f,41
1462918980,2001:470:83ae:2:212:6d02:0:4040,40
1462918982,2001:470:83ae:2:212:6d02:0:4013,41
1462918982,2001:470:83ae:2:212:6d02:0:4035,40
1462918983,2001:470:83ae:2:212:6d02:0:4044,41
1462918984,2001:470:83ae:2:212:6d02:0:4041,40
1462918986,2001:470:83ae:2:212:6d02:0:4034,42
1462918986,2001:470:83ae:2:212:6d02:0:4043,41
1462918987,2001:470:83ae:2:212:6d02:0:4042,41
1462918988,2001:470:83ae:2:212:6d02:0:400f,42
1462918990,2001:470:83ae:2:212:6d02:0:4040,41
1462918992,2001:470:83ae:2:212:6d02:0:4013,42
1462918992,2001:470:83ae:2:212:6d02:0:4035,41
1462918993,2001:470:83ae:2:212:6d02:0:4044,42
1462918994,2001:470:83ae:2:212:6d02:0:4041,41
1462918996,2001:470:83ae:2:212:6d02:0:4034,43
1462918996,2001:470:83ae:2:212:6d02:0:4043,42
1462918997,2001:470:83ae:2:212:6d02:0:4042,42
1462918998,2001:470:83ae:2:212:6d02:0:400f,43
1462919000,2001:470:83ae:2:212:6d02:0:4040,42
1462919002,2001:470:83ae:2:212:6d02:0:4013,43
1462919002,2001:470:83ae:2:212:6d02:0:4035,42
1462919003,2001:470:83ae:2:212:6d02:0:4044,43
1462919004,2001:470:83ae:2:212:6d02:0:4041,42
1462919006,2001:470:83ae:2:212:6d02:0:4034,44
1462919006,2001:470:83ae:2:212:6d02:0:4043,43
1462919007,2001:470:83ae:2:212:6d02:0:4042,43
1462919008,2001:470:83ae:2:212:6d02:0:400f,44
1462919010,2001:470:83ae:2:212:6d02:0:4040,43
1462919012,2001:470:83ae:2:212:6d02:0:4013,44
1462919012,2001:470:83ae:2:212:6d02:0:4035,43
1462919013,2001:470:83ae:2:212:6d02:0:4044,44
1462919014,2001:470:83ae:2:212:6d02:0:4041,43
1462919016,2001:470:83ae:2:212:6d02:0:4034,45
1462919016,2001:470:83ae:2:212:6d02:0:4043,44
1462919017,2001:470:83ae:2:212:6d02:0:4042,44
1462919018,2001:470:83ae:2:212:6d02:0:400f,45
1462919020,2001:470:83ae:2:212:6d02:0:4040,44
1462919022,2001:470:83ae:2:212:6d02:0:4013,45
1462919022,2001:470:83ae:2:212:6d02:0:4035,44
1462919023,2001:470:83ae:2:212:6d02:0:4044,45
1462919024,2001:470:83ae:2:212:6d02:0:4041,44
1462919025,2001:470:83ae:2:212:6d02:0:4034,46
1462919026,2001:470:83ae:2:212:6d02:0:4043,45
1462919027,2001:470:83ae:2:212:6d02:0:4042,45
1462919028,2001:470:83ae:2:212:6d02:0:400f,46
1462919030,2001:470:83ae:2:212:6d02:0:4040,45
1462919032,2001:470:83ae:2:212:6d02:0:4013,46
1462919032,2001:470:83ae:2:212:6d02:0:4035,45
1462919033,2001:470:83ae:2:212:6d02:0:4044,46
1462919034,2001:470:83ae:2:212:6d02:0:4043,46
1462919034,2001:470:83ae:2:212:6d02:0:4041,45
1462919035,2001:470:83ae:2:212:6d02:0:4034,47
1462919036,2001:470:83ae:2:212:6d02:0:4043,46
1462919037,2001:470:83ae:2:212:6d02:0:4042,46
1462919038,2001:470:83ae:2:212:6d02:0:400f,47
1462919040,2001:470:83ae:2:212:6d02:0:4040,46
1462919042,2001:470:83ae:2:212:6d02:0:4013,47
1462919043,2001:470:83ae:2:212:6d02:0:4044,47
1462919044,2001:470:83ae:2:212:6d02:0:4043,47
1462919044,2001:470:83ae:2:212:6d02:0:4041,46
1462919045,2001:470:83ae:2:212:6d02:0:4034,48
1462919046,2001:470:83ae:2:212:6d02:0:4043,47
1462919047,2001:470:83ae:2:212:6d02:0:4042,47
1462919048,2001:470:83ae:2:212:6d02:0:400f,48
1462919050,2001:470:83ae:2:212:6d02:0:4040,47
1462919052,2001:470:83ae:2:212:6d02:0:4013,48
1462919052,2001:470:83ae:2:212:6d02:0:4035,47
1462919053,2001:470:83ae:2:212:6d02:0:4044,48
1462919053,2001:470:83ae:2:212:6d02:0:4043,48
1462919054,2001:470:83ae:2:212:6d02:0:4041,47
1462919055,2001:470:83ae:2:212:6d02:0:4034,49
1462919056,2001:470:83ae:2:212:6d02:0:4043,48
1462919057,2001:470:83ae:2:212:6d02:0:4042,48
1462919058,2001:470:83ae:2:212:6d02:0:400f,49
1462919060,2001:470:83ae:2:212:6d02:0:4040,48
1462919062,2001:470:83ae:2:212:6d02:0:4013,49
1462919062,2001:470:83ae:2:212:6d02:0:4035,48
1462919063,2001:470:83ae:2:212:6d02:0:4044,49
1462919063,2001:470:83ae:2:212:6d02:0:4043,49
1462919064,2001:470:83ae:2:212:6d02:0:4041,48
1462919065,2001:470:83ae:2:212:6d02:0:4034,50
1462919066,2001:470:83ae:2:212:6d02:0:4043,49
1462919067,2001:470:83ae:2:212:6d02:0:4042,49
1462919068,2001:470:83ae:2:212:6d02:0:400f,50
1462919070,2001:470:83ae:2:212:6d02:0:4040,49
1462919072,2001:470:83ae:2:212:6d02:0:4013,50
1462919072,2001:470:83ae:2:212:6d02:0:4035,49
1462919073,2001:470:83ae:2:212:6d02:0:4044,50
1462919073,2001:470:83ae:2:212:6d02:0:4043,50
1462919074,2001:470:83ae:2:212:6d02:0:4041,49
1462919075,2001:470:83ae:2:212:6d02:0:4034,51
1462919076,2001:470:83ae:2:212:6d02:0:4043,50
1462919077,2001:470:83ae:2:212:6d02:0:4042,50
1462919078,2001:470:83ae:2:212:6d02:0:400f,51
1462919080,2001:470:83ae:2:212:6d02:0:4040,50
1462919082,2001:470:83ae:2:212:6d02:0:4013,51
1462919082,2001:470:83ae:2:212:6d02:0:4035,50
1462919083,2001:470:83ae:2:212:6d02:0:4044,51
1462919083,2001:470:83ae:2:212:6d02:0:4043,51
1462919084,2001:470:83ae:2:212:6d02:0:4041,50
1462919085,2001:470:83ae:2:212:6d02:0:4034,52
1462919085,2001:470:83ae:2:212:6d02:0:4043,51
1462919087,2001:470:83ae:2:212:6d02:0:4042,51
1462919088,2001:470:83ae:2:212:6d02:0:400f,52
1462919090,2001:470:83ae:2:212:6d02:0:4040,51
1462919092,2001:470:83ae:2:212:6d02:0:4013,52
1462919092,2001:470:83ae:2:212:6d02:0:4035,51
1462919093,2001:470:83ae:2:212:6d02:0:4044,52
1462919093,2001:470:83ae:2:212:6d02:0:4043,52
1462919094,2001:470:83ae:2:212:6d02:0:4041,51
1462919095,2001:470:83ae:2:212:6d02:0:4034,53
1462919095,2001:470:83ae:2:212:6d02:0:4043,52
1462919097,2001:470:83ae:2:212:6d02:0:4042,52
1462919098,2001:470:83ae:2:212:6d02:0:400f,53
1462919100,2001:470:83ae:2:212:6d02:0:4040,52
1462919102,2001:470:83ae:2:212:6d02:0:4013,53
1462919102,2001:470:83ae:2:212:6d02:0:4035,52
1462919103,2001:470:83ae:2:212:6d02:0:4044,53
1462919103,2001:470:83ae:2:212:6d02:0:4043,53
1462919104,2001:470:83ae:2:212:6d02:0:4041,52
1462919105,2001:470:83ae:2:212:6d02:0:4034,54
1462919105,2001:470:83ae:2:212:6d02:0:4043,53
1462919107,2001:470:83ae:2:212:6d02:0:4042,53
1462919108,2001:470:83ae:2:212:6d02:0:400f,54
1462919110,2001:470:83ae:2:212:6d02:0:4040,53
1462919112,2001:470:83ae:2:212:6d02:0:4013,54
1462919112,2001:470:83ae:2:212:6d02:0:4035,53
1462919113,2001:470:83ae:2:212:6d02:0:4043,54
1462919114,2001:470:83ae:2:212:6d02:0:4041,53
1462919115,2001:470:83ae:2:212:6d02:0:4034,55
1462919115,2001:470:83ae:2:212:6d02:0:4043,54
1462919117,2001:470:83ae:2:212:6d02:0:4042,54
1462919118,2001:470:83ae:2:212:6d02:0:400f,55
1462919120,2001:470:83ae:2:212:6d02:0:4040,54
1462919122,2001:470:83ae:2:212:6d02:0:4013,55
1462919122,2001:470:83ae:2:212:6d02:0:4035,54
1462919123,2001:470:83ae:2:212:6d02:0:4043,55
1462919124,2001:470:83ae:2:212:6d02:0:4044,55
1462919124,2001:470:83ae:2:212:6d02:0:4041,54
1462919125,2001:470:83ae:2:212:6d02:0:4034,56
1462919125,2001:470:83ae:2:212:6d02:0:4043,55
1462919127,2001:470:83ae:2:212:6d02:0:4042,55
1462919128,2001:470:83ae:2:212:6d02:0:400f,56
1462919130,2001:470:83ae:2:212:6d02:0:4040,55
1462919132,2001:470:83ae:2:212:6d02:0:4013,56
1462919132,2001:470:83ae:2:212:6d02:0:4035,55
1462919133,2001:470:83ae:2:212:6d02:0:4043,56
1462919134,2001:470:83ae:2:212:6d02:0:4044,56
1462919134,2001:470:83ae:2:212:6d02:0:4041,55
1462919135,2001:470:83ae:2:212:6d02:0:4034,57
1462919135,2001:470:83ae:2:212:6d02:0:4043,56
1462919137,2001:470:83ae:2:212:6d02:0:4042,56
1462919138,2001:470:83ae:2:212:6d02:0:400f,57
1462919140,2001:470:83ae:2:212:6d02:0:4040,56
1462919142,2001:470:83ae:2:212:6d02:0:4013,57
1462919142,2001:470:83ae:2:212:6d02:0:4035,56
1462919143,2001:470:83ae:2:212:6d02:0:4043,57
1462919144,2001:470:83ae:2:212:6d02:0:4044,57
1462919144,2001:470:83ae:2:212:6d02:0:4041,56
1462919145,2001:470:83ae:2:212:6d02:0:4034,58
1462919145,2001:470:83ae:2:212:6d02:0:4043,57
1462919147,2001:470:83ae:2:212:6d02:0:4042,57
1462919148,2001:470:83ae:2:212:6d02:0:400f,58
1462919150,2001:470:83ae:2:212:6d02:0:4040,57
1462919152,2001:470:83ae:2:212:6d02:0:4013,58
1462919152,2001:470:83ae:2:212:6d02:0:4035,57
1462919153,2001:470:83ae:2:212:6d02:0:4043,58
1462919154,2001:470:83ae:2:212:6d02:0:4041,57
1462919155,2001:470:83ae:2:212:6d02:0:4043,58
1462919157,2001:470:83ae:2:212:6d02:0:4042,58
1462919158,2001:470:83ae:2:212:6d02:0:400f,59
1462919160,2001:470:83ae:2:212:6d02:0:4040,58
1462919162,2001:470:83ae:2:212:6d02:0:4013,59
1462919162,2001:470:83ae:2:212:6d02:0:4035,58
1462919163,2001:470:83ae:2:212:6d02:0:4043,59
1462919164,2001:470:83ae:2:212:6d02:0:4041,58
1462919164,2001:470:83ae:2:212:6d02:0:4044,59
1462919165,2001:470:83ae:2:212:6d02:0:4043,59
1462919167,2001:470:83ae:2:212:6d02:0:4042,59
1462919168,2001:470:83ae:2:212:6d02:0:400f,60
1462919170,2001:470:83ae:2:212:6d02:0:4040,59
1462919172,2001:470:83ae:2:212:6d02:0:4013,60
1462919172,2001:470:83ae:2:212:6d02:0:4035,59
1462919173,2001:470:83ae:2:212:6d02:0:4043,60
1462919174,2001:470:83ae:2:212:6d02:0:4041,59
1462919174,2001:470:83ae:2:212:6d02:0:4044,60
1462919175,2001:470:83ae:2:212:6d02:0:4043,60
1462919177,2001:470:83ae:2:212:6d02:0:4042,60
1462919178,2001:470:83ae:2:212:6d02:0:400f,61
1462919180,2001:470:83ae:2:212:6d02:0:4040,60
1462919182,2001:470:83ae:2:212:6d02:0:4013,61
1462919182,2001:470:83ae:2:212:6d02:0:4035,60
1462919183,2001:470:83ae:2:212:6d02:0:4043,61
1462919184,2001:470:83ae:2:212:6d02:0:4041,60
1462919184,2001:470:83ae:2:212:6d02:0:4044,61
1462919185,2001:470:83ae:2:212:6d02:0:4043,61
1462919187,2001:470:83ae:2:212:6d02:0:4042,61
1462919188,2001:470:83ae:2:212:6d02:0:400f,62
1462919190,2001:470:83ae:2:212:6d02:0:4040,61
1462919192,2001:470:83ae:2:212:6d02:0:4013,62
1462919192,2001:470:83ae:2:212:6d02:0:4035,61
1462919193,2001:470:83ae:2:212:6d02:0:4043,62
1462919194,2001:470:83ae:2:212:6d02:0:4041,61
1462919194,2001:470:83ae:2:212:6d02:0:4044,62
1462919195,2001:470:83ae:2:212:6d02:0:4043,62
1462919197,2001:470:83ae:2:212:6d02:0:4042,62
1462919198,2001:470:83ae:2:212:6d02:0:400f,63
1462919200,2001:470:83ae:2:212:6d02:0:4040,62
1462919202,2001:470:83ae:2:212:6d02:0:4013,63
1462919202,2001:470:83ae:2:212:6d02:0:4035,62
1462919203,2001:470:83ae:2:212:6d02:0:4043,63
1462919204,2001:470:83ae:2:212:6d02:0:4041,62
1462919204,2001:470:83ae:2:212:6d02:0:4044,63
1462919205,2001:470:83ae:2:212:6d02:0:4043,63
1462919207,2001:470:83ae:2:212:6d02:0:4042,63
1462919208,2001:470:83ae:2:212:6d02:0:400f,64
1462919210,2001:470:83ae:2:212:6d02:0:4040,63
1462919212,2001:470:83ae:2:212:6d02:0:4013,64
1462919212,2001:470:83ae:2:212:6d02:0:4035,63
1462919213,2001:470:83ae:2:212:6d02:0:4043,64
1462919214,2001:470:83ae:2:212:6d02:0:4041,63
1462919214,2001:470:83ae:2:212:6d02:0:4044,64
1462919215,2001:470:83ae:2:212:6d02:0:4043,64
1462919217,2001:470:83ae:2:212:6d02:0:4042,64
1462919218,2001:470:83ae:2:212:6d02:0:400f,65
1462919220,2001:470:83ae:2:212:6d02:0:4040,64
1462919222,2001:470:83ae:2:212:6d02:0:4013,65
1462919222,2001:470:83ae:2:212:6d02:0:4035,64
1462919223,2001:470:83ae:2:212:6d02:0:4043,65
1462919224,2001:470:83ae:2:212:6d02:0:4041,64
1462919224,2001:470:83ae:2:212:6d02:0:4044,65
1462919225,2001:470:83ae:2:212:6d02:0:4043,65
1462919227,2001:470:83ae:2:212:6d02:0:4042,65
1462919228,2001:470:83ae:2:212:6d02:0:400f,66
1462919230,2001:470:83ae:2:212:6d02:0:4040,65
1462919232,2001:470:83ae:2:212:6d02:0:4013,66
1462919232,2001:470:83ae:2:212:6d02:0:4035,65
1462919233,2001:470:83ae:2:212:6d02:0:4043,66
1462919234,2001:470:83ae:2:212:6d02:0:4041,65
1462919234,2001:470:83ae:2:212:6d02:0:4044,66
1462919235,2001:470:83ae:2:212:6d02:0:4043,66
1462919237,2001:470:83ae:2:212:6d02:0:4042,66
1462919238,2001:470:83ae:2:212:6d02:0:400f,67
1462919240,2001:470:83ae:2:212:6d02:0:4040,66
1462919242,2001:470:83ae:2:212:6d02:0:4013,67
1462919242,2001:470:83ae:2:212:6d02:0:4035,66
1462919243,2001:470:83ae:2:212:6d02:0:4043,67
1462919243,2001:470:83ae:2:212:6d02:0:4041,66
1462919244,2001:470:83ae:2:212:6d02:0:4044,67
1462919245,2001:470:83ae:2:212:6d02:0:4043,67
1462919247,2001:470:83ae:2:212:6d02:0:4042,67
1462919248,2001:470:83ae:2:212:6d02:0:400f,68
1462919250,2001:470:83ae:2:212:6d02:0:4040,67
1462919252,2001:470:83ae:2:212:6d02:0:4013,68
1462919252,2001:470:83ae:2:212:6d02:0:4035,67
1462919253,2001:470:83ae:2:212:6d02:0:4043,68
1462919253,2001:470:83ae:2:212:6d02:0:4041,67
1462919254,2001:470:83ae:2:212:6d02:0:4044,68
1462919255,2001:470:83ae:2:212:6d02:0:4043,68
1462919256,2001:470:83ae:2:212:6d02:0:4042,68
1462919258,2001:470:83ae:2:212:6d02:0:400f,69
1462919260,2001:470:83ae:2:212:6d02:0:4040,68
1462919262,2001:470:83ae:2:212:6d02:0:4013,69
1462919262,2001:470:83ae:2:212:6d02:0:4035,68
1462919263,2001:470:83ae:2:212:6d02:0:4043,69
1462919263,2001:470:83ae:2:212:6d02:0:4041,68
1462919264,2001:470:83ae:2:212:6d02:0:4044,69
1462919265,2001:470:83ae:2:212:6d02:0:4043,69
1462919266,2001:470:83ae:2:212:6d02:0:4042,69
1462919268,2001:470:83ae:2:212:6d02:0:400f,70
1462919270,2001:470:83ae:2:212:6d02:0:4040,69
1462919272,2001:470:83ae:2:212:6d02:0:4013,70
1462919272,2001:470:83ae:2:212:6d02:0:4035,69
1462919273,2001:470:83ae:2:212:6d02:0:4043,70
1462919273,2001:470:83ae:2:212:6d02:0:4041,69
1462919274,2001:470:83ae:2:212:6d02:0:4044,70
1462919275,2001:470:83ae:2:212:6d02:0:4043,70
1462919276,2001:470:83ae:2:212:6d02:0:4042,70
1462919278,2001:470:83ae:2:212:6d02:0:400f,71
1462919280,2001:470:83ae:2:212:6d02:0:4040,70
1462919282,2001:470:83ae:2:212:6d02:0:4013,71
1462919282,2001:470:83ae:2:212:6d02:0:4035,70
1462919283,2001:470:83ae:2:212:6d02:0:4043,71
1462919283,2001:470:83ae:2:212:6d02:0:4041,70
1462919284,2001:470:83ae:2:212:6d02:0:4044,71
1462919285,2001:470:83ae:2:212:6d02:0:4043,71
1462919286,2001:470:83ae:2:212:6d02:0:4042,71
1462919288,2001:470:83ae:2:212:6d02:0:400f,72
1462919290,2001:470:83ae:2:212:6d02:0:4040,71
1462919292,2001:470:83ae:2:212:6d02:0:4013,72
1462919292,2001:470:83ae:2:212:6d02:0:4035,71
1462919293,2001:470:83ae:2:212:6d02:0:4043,72
1462919293,2001:470:83ae:2:212:6d02:0:4041,71
1462919294,2001:470:83ae:2:212:6d02:0:4044,72
1462919295,2001:470:83ae:2:212:6d02:0:4043,72
1462919296,2001:470:83ae:2:212:6d02:0:4042,72
1462919298,2001:470:83ae:2:212:6d02:0:400f,73
1462919300,2001:470:83ae:2:212:6d02:0:4040,72
1462919302,2001:470:83ae:2:212:6d02:0:4013,73
1462919302,2001:470:83ae:2:212:6d02:0:4035,72
1462919303,2001:470:83ae:2:212:6d02:0:4043,73
1462919303,2001:470:83ae:2:212:6d02:0:4041,72
1462919305,2001:470:83ae:2:212:6d02:0:4044,73
1462919305,2001:470:83ae:2:212:6d02:0:4043,73
1462919306,2001:470:83ae:2:212:6d02:0:4042,73
1462919308,2001:470:83ae:2:212:6d02:0:400f,74
1462919310,2001:470:83ae:2:212:6d02:0:4040,73
1462919312,2001:470:83ae:2:212:6d02:0:4013,74
1462919312,2001:470:83ae:2:212:6d02:0:4035,73
1462919313,2001:470:83ae:2:212:6d02:0:4043,74
1462919313,2001:470:83ae:2:212:6d02:0:4041,73
1462919315,2001:470:83ae:2:212:6d02:0:4044,74
1462919315,2001:470:83ae:2:212:6d02:0:4043,74
1462919316,2001:470:83ae:2:212:6d02:0:4042,74
1462919318,2001:470:83ae:2:212:6d02:0:400f,75
1462919320,2001:470:83ae:2:212:6d02:0:4040,74
1462919322,2001:470:83ae:2:212:6d02:0:4013,75
1462919322,2001:470:83ae:2:212:6d02:0:4035,74
1462919323,2001:470:83ae:2:212:6d02:0:4043,75
1462919323,2001:470:83ae:2:212:6d02:0:4041,74
1462919325,2001:470:83ae:2:212:6d02:0:4044,75
1462919325,2001:470:83ae:2:212:6d02:0:4043,75
1462919326,2001:470:83ae:2:212:6d02:0:4042,75
1462919328,2001:470:83ae:2:212:6d02:0:400f,76
1462919330,2001:470:83ae:2:212:6d02:0:4040,75
1462919332,2001:470:83ae:2:212:6d02:0:4013,76
1462919332,2001:470:83ae:2:212:6d02:0:4035,75
1462919333,2001:470:83ae:2:212:6d02:0:4043,76
1462919333,2001:470:83ae:2:212:6d02:0:4041,75
1462919335,2001:470:83ae:2:212:6d02:0:4044,76
1462919335,2001:470:83ae:2:212:6d02:0:4043,76
1462919336,2001:470:83ae:2:212:6d02:0:4042,76
1462919338,2001:470:83ae:2:212:6d02:0:400f,77
1462919340,2001:470:83ae:2:212:6d02:0:4040,76
1462919342,2001:470:83ae:2:212:6d02:0:4013,77
1462919342,2001:470:83ae:2:212:6d02:0:4035,76
1462919343,2001:470:83ae:2:212:6d02:0:4043,77
1462919343,2001:470:83ae:2:212:6d02:0:4041,76
1462919345,2001:470:83ae:2:212:6d02:0:4044,77
1462919345,2001:470:83ae:2:212:6d02:0:4043,77
1462919346,2001:470:83ae:2:212:6d02:0:4042,77
1462919348,2001:470:83ae:2:212:6d02:0:400f,78
1462919350,2001:470:83ae:2:212:6d02:0:4040,77
1462919352,2001:470:83ae:2:212:6d02:0:4013,78
1462919352,2001:470:83ae:2:212:6d02:0:4035,77
1462919353,2001:470:83ae:2:212:6d02:0:4043,78
1462919353,2001:470:83ae:2:212:6d02:0:4041,77
1462919355,2001:470:83ae:2:212:6d02:0:4044,78
1462919355,2001:470:83ae:2:212:6d02:0:4043,78
1462919356,2001:470:83ae:2:212:6d02:0:4042,78
1462919358,2001:470:83ae:2:212:6d02:0:400f,79
1462919360,2001:470:83ae:2:212:6d02:0:4040,78
1462919362,2001:470:83ae:2:212:6d02:0:4013,79
1462919362,2001:470:83ae:2:212:6d02:0:4035,78
1462919363,2001:470:83ae:2:212:6d02:0:4043,79
1462919363,2001:470:83ae:2:212:6d02:0:4041,78
1462919365,2001:470:83ae:2:212:6d02:0:4044,79
1462919365,2001:470:83ae:2:212:6d02:0:4043,79
1462919366,2001:470:83ae:2:212:6d02:0:4042,79
1462919368,2001:470:83ae:2:212:6d02:0:400f,80
1462919370,2001:470:83ae:2:212:6d02:0:4040,79
1462919372,2001:470:83ae:2:212:6d02:0:4013,80
1462919372,2001:470:83ae:2:212:6d02:0:4035,79
1462919373,2001:470:83ae:2:212:6d02:0:4043,80
1462919373,2001:470:83ae:2:212:6d02:0:4041,79
1462919375,2001:470:83ae:2:212:6d02:0:4044,80
1462919375,2001:470:83ae:2:212:6d02:0:4034,81
1462919375,2001:470:83ae:2:212:6d02:0:4043,80
1462919376,2001:470:83ae:2:212:6d02:0:4042,80
1462919378,2001:470:83ae:2:212:6d02:0:400f,81
1462919380,2001:470:83ae:2:212:6d02:0:4040,80
1462919382,2001:470:83ae:2:212:6d02:0:4013,81
1462919382,2001:470:83ae:2:212:6d02:0:4035,80
1462919383,2001:470:83ae:2:212:6d02:0:4043,81
1462919383,2001:470:83ae:2:212:6d02:0:4041,80
1462919385,2001:470:83ae:2:212:6d02:0:4034,82
1462919385,2001:470:83ae:2:212:6d02:0:4044,81
1462919386,2001:470:83ae:2:212:6d02:0:4042,81
1462919388,2001:470:83ae:2:212:6d02:0:400f,82
1462919390,2001:470:83ae:2:212:6d02:0:4040,81
1462919392,2001:470:83ae:2:212:6d02:0:4013,82
1462919392,2001:470:83ae:2:212:6d02:0:4035,81
1462919393,2001:470:83ae:2:212:6d02:0:4043,82
1462919393,2001:470:83ae:2:212:6d02:0:4041,81
1462919395,2001:470:83ae:2:212:6d02:0:4034,83
1462919395,2001:470:83ae:2:212:6d02:0:4043,82
1462919395,2001:470:83ae:2:212:6d02:0:4044,82
1462919396,2001:470:83ae:2:212:6d02:0:4042,82
1462919398,2001:470:83ae:2:212:6d02:0:400f,83
1462919400,2001:470:83ae:2:212:6d02:0:4040,82
1462919402,2001:470:83ae:2:212:6d02:0:4013,83
1462919402,2001:470:83ae:2:212:6d02:0:4035,82
1462919403,2001:470:83ae:2:212:6d02:0:4043,83
1462919403,2001:470:83ae:2:212:6d02:0:4041,82
1462919405,2001:470:83ae:2:212:6d02:0:4034,84
1462919405,2001:470:83ae:2:212:6d02:0:4043,83
1462919405,2001:470:83ae:2:212:6d02:0:4044,83
1462919406,2001:470:83ae:2:212:6d02:0:4042,83
1462919408,2001:470:83ae:2:212:6d02:0:400f,84
1462919410,2001:470:83ae:2:212:6d02:0:4040,83
1462919412,2001:470:83ae:2:212:6d02:0:4013,84
1462919412,2001:470:83ae:2:212:6d02:0:4035,83
1462919413,2001:470:83ae:2:212:6d02:0:4043,84
1462919413,2001:470:83ae:2:212:6d02:0:4041,83
1462919415,2001:470:83ae:2:212:6d02:0:4034,85
1462919415,2001:470:83ae:2:212:6d02:0:4043,84
1462919415,2001:470:83ae:2:212:6d02:0:4044,84
1462919416,2001:470:83ae:2:212:6d02:0:4042,84
1462919418,2001:470:83ae:2:212:6d02:0:400f,85
1462919420,2001:470:83ae:2:212:6d02:0:4040,84
1462919422,2001:470:83ae:2:212:6d02:0:4013,85
1462919422,2001:470:83ae:2:212:6d02:0:4035,84
1462919423,2001:470:83ae:2:212:6d02:0:4043,85
1462919423,2001:470:83ae:2:212:6d02:0:4041,84
1462919425,2001:470:83ae:2:212:6d02:0:4034,86
1462919425,2001:470:83ae:2:212:6d02:0:4043,85
1462919425,2001:470:83ae:2:212:6d02:0:4044,85
1462919426,2001:470:83ae:2:212:6d02:0:4042,85
1462919428,2001:470:83ae:2:212:6d02:0:400f,86
1462919430,2001:470:83ae:2:212:6d02:0:4040,85
1462919432,2001:470:83ae:2:212:6d02:0:4013,86
1462919432,2001:470:83ae:2:212:6d02:0:4035,85
1462919433,2001:470:83ae:2:212:6d02:0:4043,86
1462919433,2001:470:83ae:2:212:6d02:0:4041,85
1462919435,2001:470:83ae:2:212:6d02:0:4034,87
1462919435,2001:470:83ae:2:212:6d02:0:4043,86
1462919435,2001:470:83ae:2:212:6d02:0:4044,86
1462919436,2001:470:83ae:2:212:6d02:0:4042,86
1462919438,2001:470:83ae:2:212:6d02:0:400f,87
1462919440,2001:470:83ae:2:212:6d02:0:4040,86
1462919442,2001:470:83ae:2:212:6d02:0:4013,87
1462919442,2001:470:83ae:2:212:6d02:0:4035,86
1462919443,2001:470:83ae:2:212:6d02:0:4043,87
1462919443,2001:470:83ae:2:212:6d02:0:4041,86
1462919445,2001:470:83ae:2:212:6d02:0:4034,88
1462919445,2001:470:83ae:2:212:6d02:0:4043,87
1462919445,2001:470:83ae:2:212:6d02:0:4044,87
1462919446,2001:470:83ae:2:212:6d02:0:4042,87
1462919448,2001:470:83ae:2:212:6d02:0:400f,88
1462919450,2001:470:83ae:2:212:6d02:0:4040,87
1462919452,2001:470:83ae:2:212:6d02:0:4013,88
1462919452,2001:470:83ae:2:212:6d02:0:4035,87
1462919453,2001:470:83ae:2:212:6d02:0:4043,88
1462919453,2001:470:83ae:2:212:6d02:0:4041,87
1462919455,2001:470:83ae:2:212:6d02:0:4034,89
1462919455,2001:470:83ae:2:212:6d02:0:4043,88
1462919455,2001:470:83ae:2:212:6d02:0:4044,88
1462919456,2001:470:83ae:2:212:6d02:0:4042,88
1462919458,2001:470:83ae:2:212:6d02:0:400f,89
1462919460,2001:470:83ae:2:212:6d02:0:4040,88
1462919462,2001:470:83ae:2:212:6d02:0:4013,89
1462919462,2001:470:83ae:2:212:6d02:0:4035,88
1462919463,2001:470:83ae:2:212:6d02:0:4043,89
1462919463,2001:470:83ae:2:212:6d02:0:4041,88
1462919465,2001:470:83ae:2:212:6d02:0:4034,90
1462919465,2001:470:83ae:2:212:6d02:0:4043,89
1462919465,2001:470:83ae:2:212:6d02:0:4044,89
1462919466,2001:470:83ae:2:212:6d02:0:4042,89
1462919468,2001:470:83ae:2:212:6d02:0:400f,90
1462919470,2001:470:83ae:2:212:6d02:0:4040,89
1462919472,2001:470:83ae:2:212:6d02:0:4013,90
1462919472,2001:470:83ae:2:212:6d02:0:4035,89
1462919473,2001:470:83ae:2:212:6d02:0:4043,90
1462919473,2001:470:83ae:2:212:6d02:0:4041,89
1462919475,2001:470:83ae:2:212:6d02:0:4034,91
1462919475,2001:470:83ae:2:212:6d02:0:4043,90
1462919476,2001:470:83ae:2:212:6d02:0:4044,90
1462919476,2001:470:83ae:2:212:6d02:0:4042,90
1462919478,2001:470:83ae:2:212:6d02:0:400f,91
1462919480,2001:470:83ae:2:212:6d02:0:4040,90
1462919482,2001:470:83ae:2:212:6d02:0:4013,91
1462919482,2001:470:83ae:2:212:6d02:0:4035,90
1462919483,2001:470:83ae:2:212:6d02:0:4043,91
1462919483,2001:470:83ae:2:212:6d02:0:4041,90
1462919485,2001:470:83ae:2:212:6d02:0:4034,92
1462919485,2001:470:83ae:2:212:6d02:0:4043,91
1462919486,2001:470:83ae:2:212:6d02:0:4044,91
1462919486,2001:470:83ae:2:212:6d02:0:4042,91
1462919488,2001:470:83ae:2:212:6d02:0:400f,92
1462919490,2001:470:83ae:2:212:6d02:0:4040,91
1462919492,2001:470:83ae:2:212:6d02:0:4013,92
1462919492,2001:470:83ae:2:212:6d02:0:4035,91
1462919493,2001:470:83ae:2:212:6d02:0:4043,92
1462919493,2001:470:83ae:2:212:6d02:0:4041,91
1462919495,2001:470:83ae:2:212:6d02:0:4034,93
1462919495,2001:470:83ae:2:212:6d02:0:4043,92
1462919496,2001:470:83ae:2:212:6d02:0:4044,92
1462919496,2001:470:83ae:2:212:6d02:0:4042,92
1462919498,2001:470:83ae:2:212:6d02:0:400f,93
1462919500,2001:470:83ae:2:212:6d02:0:4040,92
1462919502,2001:470:83ae:2:212:6d02:0:4013,93
1462919502,2001:470:83ae:2:212:6d02:0:4035,92
1462919503,2001:470:83ae:2:212:6d02:0:4043,93
1462919503,2001:470:83ae:2:212:6d02:0:4041,92
1462919505,2001:470:83ae:2:212:6d02:0:4034,94
1462919505,2001:470:83ae:2:212:6d02:0:4043,93
1462919506,2001:470:83ae:2:212:6d02:0:4044,93
1462919506,2001:470:83ae:2:212:6d02:0:4042,93
1462919508,2001:470:83ae:2:212:6d02:0:400f,94
1462919510,2001:470:83ae:2:212:6d02:0:4040,93
1462919512,2001:470:83ae:2:212:6d02:0:4013,94
1462919512,2001:470:83ae:2:212:6d02:0:4035,93
1462919513,2001:470:83ae:2:212:6d02:0:4043,94
1462919513,2001:470:83ae:2:212:6d02:0:4041,93
1462919515,2001:470:83ae:2:212:6d02:0:4034,95
1462919515,2001:470:83ae:2:212:6d02:0:4043,94
1462919516,2001:470:83ae:2:212:6d02:0:4044,94
1462919516,2001:470:83ae:2:212:6d02:0:4042,94
1462919518,2001:470:83ae:2:212:6d02:0:400f,95
1462919520,2001:470:83ae:2:212:6d02:0:4040,94
1462919522,2001:470:83ae:2:212:6d02:0:4013,95
1462919522,2001:470:83ae:2:212:6d02:0:4035,94
1462919523,2001:470:83ae:2:212:6d02:0:4043,95
1462919523,2001:470:83ae:2:212:6d02:0:4041,94
1462919525,2001:470:83ae:2:212:6d02:0:4034,96
1462919525,2001:470:83ae:2:212:6d02:0:4043,95
1462919526,2001:470:83ae:2:212:6d02:0:4042,95
1462919526,2001:470:83ae:2:212:6d02:0:4044,95
1462919528,2001:470:83ae:2:212:6d02:0:400f,96
1462919530,2001:470:83ae:2:212:6d02:0:4040,95
1462919532,2001:470:83ae:2:212:6d02:0:4013,96
1462919532,2001:470:83ae:2:212:6d02:0:4035,95
1462919533,2001:470:83ae:2:212:6d02:0:4043,96
1462919533,2001:470:83ae:2:212:6d02:0:4041,95
1462919535,2001:470:83ae:2:212:6d02:0:4034,97
1462919535,2001:470:83ae:2:212:6d02:0:4043,96
1462919536,2001:470:83ae:2:212:6d02:0:4042,96
1462919536,2001:470:83ae:2:212:6d02:0:4044,96
1462919538,2001:470:83ae:2:212:6d02:0:400f,97
1462919540,2001:470:83ae:2:212:6d02:0:4040,96
1462919542,2001:470:83ae:2:212:6d02:0:4013,97
1462919542,2001:470:83ae:2:212:6d02:0:4035,96
1462919543,2001:470:83ae:2:212:6d02:0:4043,97
1462919543,2001:470:83ae:2:212:6d02:0:4041,96
1462919545,2001:470:83ae:2:212:6d02:0:4034,98
1462919545,2001:470:83ae:2:212:6d02:0:4043,97
1462919546,2001:470:83ae:2:212:6d02:0:4042,97
1462919546,2001:470:83ae:2:212:6d02:0:4044,97
1462919548,2001:470:83ae:2:212:6d02:0:400f,98
1462919550,2001:470:83ae:2:212:6d02:0:4040,97
1462919552,2001:470:83ae:2:212:6d02:0:4013,98
1462919552,2001:470:83ae:2:212:6d02:0:4035,97
1462919553,2001:470:83ae:2:212:6d02:0:4043,98
1462919553,2001:470:83ae:2:212:6d02:0:4041,97
1462919555,2001:470:83ae:2:212:6d02:0:4034,99
1462919555,2001:470:83ae:2:212:6d02:0:4043,98
1462919556,2001:470:83ae:2:212:6d02:0:4042,98
1462919556,2001:470:83ae:2:212:6d02:0:4044,98
1462919558,2001:470:83ae:2:212:6d02:0:400f,99
1462919560,2001:470:83ae:2:212:6d02:0:4040,98
1462919562,2001:470:83ae:2:212:6d02:0:4013,99
1462919562,2001:470:83ae:2:212:6d02:0:4035,98
1462919563,2001:470:83ae:2:212:6d02:0:4043,99
1462919563,2001:470:83ae:2:212:6d02:0:4041,98
1462919565,2001:470:83ae:2:212:6d02:0:4034,100
1462919565,2001:470:83ae:2:212:6d02:0:4043,99
1462919566,2001:470:83ae:2:212:6d02:0:4042,99
1462919566,2001:470:83ae:2:212:6d02:0:4044,99
1462919568,2001:470:83ae:2:212:6d02:0:400f,100
1462919570,2001:470:83ae:2:212:6d02:0:4040,99
1462919572,2001:470:83ae:2:212:6d02:0:4013,100
1462919572,2001:470:83ae:2:212:6d02:0:4035,99
1462919573,2001:470:83ae:2:212:6d02:0:4043,100
1462919573,2001:470:83ae:2:212:6d02:0:4041,99
1462919575,2001:470:83ae:2:212:6d02:0:4034,101
1462919575,2001:470:83ae:2:212:6d02:0:4043,100
1462919576,2001:470:83ae:2:212:6d02:0:4042,100
1462919576,2001:470:83ae:2:212:6d02:0:4044,100
1462919578,2001:470:83ae:2:212:6d02:0:400f,101
1462919580,2001:470:83ae:2:212:6d02:0:4040,100
1462919582,2001:470:83ae:2:212:6d02:0:4013,101
1462919582,2001:470:83ae:2:212:6d02:0:4035,100
1462919583,2001:470:83ae:2:212:6d02:0:4043,101
1462919583,2001:470:83ae:2:212:6d02:0:4041,100
1462919585,2001:470:83ae:2:212:6d02:0:4034,102
1462919586,2001:470:83ae:2:212:6d02:0:4042,101
1462919586,2001:470:83ae:2:212:6d02:0:4044,101
1462919588,2001:470:83ae:2:212:6d02:0:400f,102
1462919590,2001:470:83ae:2:212:6d02:0:4040,101
1462919592,2001:470:83ae:2:212:6d02:0:4013,102
1462919592,2001:470:83ae:2:212:6d02:0:4035,101
1462919593,2001:470:83ae:2:212:6d02:0:4043,102
1462919593,2001:470:83ae:2:212:6d02:0:4041,101
1462919595,2001:470:83ae:2:212:6d02:0:4034,103
1462919595,2001:470:83ae:2:212:6d02:0:4043,102
1462919596,2001:470:83ae:2:212:6d02:0:4042,102
1462919596,2001:470:83ae:2:212:6d02:0:4044,102
1462919598,2001:470:83ae:2:212:6d02:0:400f,103
1462919600,2001:470:83ae:2:212:6d02:0:4040,102
1462919602,2001:470:83ae:2:212:6d02:0:4013,103
1462919602,2001:470:83ae:2:212:6d02:0:4035,102
1462919603,2001:470:83ae:2:212:6d02:0:4043,103
1462919603,2001:470:83ae:2:212:6d02:0:4041,102
1462919605,2001:470:83ae:2:212:6d02:0:4034,104
1462919605,2001:470:83ae:2:212:6d02:0:4043,103
1462919606,2001:470:83ae:2:212:6d02:0:4042,103
1462919606,2001:470:83ae:2:212:6d02:0:4044,103
1462919608,2001:470:83ae:2:212:6d02:0:400f,104
1462919610,2001:470:83ae:2:212:6d02:0:4040,103
1462919612,2001:470:83ae:2:212:6d02:0:4013,104
1462919612,2001:470:83ae:2:212:6d02:0:4035,103
1462919613,2001:470:83ae:2:212:6d02:0:4043,104
1462919613,2001:470:83ae:2:212:6d02:0:4041,103
1462919615,2001:470:83ae:2:212:6d02:0:4034,105
1462919615,2001:470:83ae:2:212:6d02:0:4043,104
1462919616,2001:470:83ae:2:212:6d02:0:4042,104
1462919616,2001:470:83ae:2:212:6d02:0:4044,104
1462919618,2001:470:83ae:2:212:6d02:0:400f,105
1462919620,2001:470:83ae:2:212:6d02:0:4040,104
1462919622,2001:470:83ae:2:212:6d02:0:4013,105
1462919622,2001:470:83ae:2:212:6d02:0:4035,104
1462919623,2001:470:83ae:2:212:6d02:0:4043,105
1462919623,2001:470:83ae:2:212:6d02:0:4041,104
1462919625,2001:470:83ae:2:212:6d02:0:4034,106
1462919626,2001:470:83ae:2:212:6d02:0:4042,105
1462919626,2001:470:83ae:2:212:6d02:0:4044,105
1462919628,2001:470:83ae:2:212:6d02:0:400f,106
1462919630,2001:470:83ae:2:212:6d02:0:4040,105
1462919632,2001:470:83ae:2:212:6d02:0:4013,106
1462919632,2001:470:83ae:2:212:6d02:0:4035,105
1462919633,2001:470:83ae:2:212:6d02:0:4043,106
1462919633,2001:470:83ae:2:212:6d02:0:4041,105
1462919635,2001:470:83ae:2:212:6d02:0:4034,107
1462919635,2001:470:83ae:2:212:6d02:0:4043,106
1462919636,2001:470:83ae:2:212:6d02:0:4042,106
1462919637,2001:470:83ae:2:212:6d02:0:4044,106
1462919638,2001:470:83ae:2:212:6d02:0:400f,107
1462919640,2001:470:83ae:2:212:6d02:0:4040,106
1462919642,2001:470:83ae:2:212:6d02:0:4013,107
1462919642,2001:470:83ae:2:212:6d02:0:4035,106
1462919643,2001:470:83ae:2:212:6d02:0:4043,107
1462919643,2001:470:83ae:2:212:6d02:0:4041,106
1462919645,2001:470:83ae:2:212:6d02:0:4034,108
1462919645,2001:470:83ae:2:212:6d02:0:4042,107
1462919647,2001:470:83ae:2:212:6d02:0:4044,107
1462919648,2001:470:83ae:2:212:6d02:0:400f,108
1462919650,2001:470:83ae:2:212:6d02:0:4040,107
1462919652,2001:470:83ae:2:212:6d02:0:4013,108
1462919652,2001:470:83ae:2:212:6d02:0:4035,107
1462919653,2001:470:83ae:2:212:6d02:0:4043,108
1462919653,2001:470:83ae:2:212:6d02:0:4041,107
1462919655,2001:470:83ae:2:212:6d02:0:4034,109
1462919655,2001:470:83ae:2:212:6d02:0:4042,108
1462919657,2001:470:83ae:2:212:6d02:0:4044,108
1462919658,2001:470:83ae:2:212:6d02:0:400f,109
1462919660,2001:470:83ae:2:212:6d02:0:4040,108
1462919662,2001:470:83ae:2:212:6d02:0:4013,109
1462919662,2001:470:83ae:2:212:6d02:0:4035,108
1462919663,2001:470:83ae:2:212:6d02:0:4043,109
1462919663,2001:470:83ae:2:212:6d02:0:4041,108
1462919665,2001:470:83ae:2:212:6d02:0:4034,110
1462919665,2001:470:83ae:2:212:6d02:0:4042,109
1462919667,2001:470:83ae:2:212:6d02:0:4044,109
1462919668,2001:470:83ae:2:212:6d02:0:400f,110
1462919670,2001:470:83ae:2:212:6d02:0:4040,109
1462919672,2001:470:83ae:2:212:6d02:0:4013,110
1462919672,2001:470:83ae:2:212:6d02:0:4035,109
1462919673,2001:470:83ae:2:212:6d02:0:4043,110
1462919673,2001:470:83ae:2:212:6d02:0:4041,109
1462919675,2001:470:83ae:2:212:6d02:0:4034,111
1462919675,2001:470:83ae:2:212:6d02:0:4042,110
1462919677,2001:470:83ae:2:212:6d02:0:4044,110
1462919678,2001:470:83ae:2:212:6d02:0:400f,111
1462919680,2001:470:83ae:2:212:6d02:0:4040,110
1462919682,2001:470:83ae:2:212:6d02:0:4013,111
1462919682,2001:470:83ae:2:212:6d02:0:4035,110
1462919683,2001:470:83ae:2:212:6d02:0:4043,111
1462919683,2001:470:83ae:2:212:6d02:0:4041,110
1462919685,2001:470:83ae:2:212:6d02:0:4034,112
1462919685,2001:470:83ae:2:212:6d02:0:4042,111
1462919687,2001:470:83ae:2:212:6d02:0:4044,111
1462919688,2001:470:83ae:2:212:6d02:0:400f,112
1462919690,2001:470:83ae:2:212:6d02:0:4040,111
1462919692,2001:470:83ae:2:212:6d02:0:4013,112
1462919692,2001:470:83ae:2:212:6d02:0:4035,111
1462919693,2001:470:83ae:2:212:6d02:0:4043,112
1462919693,2001:470:83ae:2:212:6d02:0:4041,111
1462919695,2001:470:83ae:2:212:6d02:0:4034,113
1462919695,2001:470:83ae:2:212:6d02:0:4042,112
1462919697,2001:470:83ae:2:212:6d02:0:4044,112
1462919698,2001:470:83ae:2:212:6d02:0:400f,113
1462919700,2001:470:83ae:2:212:6d02:0:4040,112
1462919702,2001:470:83ae:2:212:6d02:0:4013,113
1462919702,2001:470:83ae:2:212:6d02:0:4035,112
1462919702,2001:470:83ae:2:212:6d02:0:4043,113
1462919703,2001:470:83ae:2:212:6d02:0:4041,112
1462919705,2001:470:83ae:2:212:6d02:0:4034,114
1462919705,2001:470:83ae:2:212:6d02:0:4042,113
1462919707,2001:470:83ae:2:212:6d02:0:4044,113
1462919708,2001:470:83ae:2:212:6d02:0:400f,114
1462919710,2001:470:83ae:2:212:6d02:0:4040,113
1462919712,2001:470:83ae:2:212:6d02:0:4013,114
1462919712,2001:470:83ae:2:212:6d02:0:4035,113
1462919712,2001:470:83ae:2:212:6d02:0:4043,114
1462919713,2001:470:83ae:2:212:6d02:0:4041,113
1462919715,2001:470:83ae:2:212:6d02:0:4034,115
1462919715,2001:470:83ae:2:212:6d02:0:4042,114
1462919717,2001:470:83ae:2:212:6d02:0:4044,114
1462919718,2001:470:83ae:2:212:6d02:0:400f,115
1462919720,2001:470:83ae:2:212:6d02:0:4040,114
1462919722,2001:470:83ae:2:212:6d02:0:4013,115
1462919722,2001:470:83ae:2:212:6d02:0:4035,114
1462919722,2001:470:83ae:2:212:6d02:0:4043,115
1462919723,2001:470:83ae:2:212:6d02:0:4041,114
1462919725,2001:470:83ae:2:212:6d02:0:4034,116
1462919725,2001:470:83ae:2:212:6d02:0:4042,115
1462919727,2001:470:83ae:2:212:6d02:0:4044,115
1462919728,2001:470:83ae:2:212:6d02:0:400f,116
1462919730,2001:470:83ae:2:212:6d02:0:4040,115
1462919732,2001:470:83ae:2:212:6d02:0:4013,116
1462919732,2001:470:83ae:2:212:6d02:0:4035,115
1462919732,2001:470:83ae:2:212:6d02:0:4043,116
1462919733,2001:470:83ae:2:212:6d02:0:4041,115
1462919734,2001:470:83ae:2:212:6d02:0:4034,117
1462919735,2001:470:83ae:2:212:6d02:0:4042,116
1462919737,2001:470:83ae:2:212:6d02:0:4044,116
1462919738,2001:470:83ae:2:212:6d02:0:400f,117
1462919740,2001:470:83ae:2:212:6d02:0:4040,116
1462919742,2001:470:83ae:2:212:6d02:0:4013,117
1462919742,2001:470:83ae:2:212:6d02:0:4035,116
1462919742,2001:470:83ae:2:212:6d02:0:4043,117
1462919743,2001:470:83ae:2:212:6d02:0:4041,116
1462919744,2001:470:83ae:2:212:6d02:0:4034,118
1462919745,2001:470:83ae:2:212:6d02:0:4042,117
1462919747,2001:470:83ae:2:212:6d02:0:4044,117
1462919748,2001:470:83ae:2:212:6d02:0:400f,118
1462919750,2001:470:83ae:2:212:6d02:0:4040,117
1462919752,2001:470:83ae:2:212:6d02:0:4013,118
1462919752,2001:470:83ae:2:212:6d02:0:4035,117
1462919752,2001:470:83ae:2:212:6d02:0:4043,118
1462919753,2001:470:83ae:2:212:6d02:0:4041,117
1462919754,2001:470:83ae:2:212:6d02:0:4034,119
1462919755,2001:470:83ae:2:212:6d02:0:4042,118
1462919757,2001:470:83ae:2:212:6d02:0:4044,118
1462919758,2001:470:83ae:2:212:6d02:0:400f,119
1462919760,2001:470:83ae:2:212:6d02:0:4040,118
1462919762,2001:470:83ae:2:212:6d02:0:4013,119
1462919762,2001:470:83ae:2:212:6d02:0:4035,118
1462919762,2001:470:83ae:2:212:6d02:0:4043,119
1462919763,2001:470:83ae:2:212:6d02:0:4041,118
1462919764,2001:470:83ae:2:212:6d02:0:4034,120
1462919765,2001:470:83ae:2:212:6d02:0:4042,119
1462919767,2001:470:83ae:2:212:6d02:0:4044,119
1462919768,2001:470:83ae:2:212:6d02:0:400f,120
1462919770,2001:470:83ae:2:212:6d02:0:4040,119
1462919772,2001:470:83ae:2:212:6d02:0:4013,120
1462919772,2001:470:83ae:2:212:6d02:0:4035,119
1462919772,2001:470:83ae:2:212:6d02:0:4043,120
1462919773,2001:470:83ae:2:212:6d02:0:4041,119
1462919774,2001:470:83ae:2:212:6d02:0:4034,121
1462919775,2001:470:83ae:2:212:6d02:0:4042,120
1462919777,2001:470:83ae:2:212:6d02:0:4044,120
1462919778,2001:470:83ae:2:212:6d02:0:400f,121
1462919780,2001:470:83ae:2:212:6d02:0:4040,120
1462919782,2001:470:83ae:2:212:6d02:0:4013,121
1462919782,2001:470:83ae:2:212:6d02:0:4035,120
1462919782,2001:470:83ae:2:212:6d02:0:4043,121
1462919783,2001:470:83ae:2:212:6d02:0:4041,120
1462919785,2001:470:83ae:2:212:6d02:0:4034,122
1462919785,2001:470:83ae:2:212:6d02:0:4042,121
1462919787,2001:470:83ae:2:212:6d02:0:4044,121
1462919788,2001:470:83ae:2:212:6d02:0:400f,122
1462919790,2001:470:83ae:2:212:6d02:0:4040,121
1462919792,2001:470:83ae:2:212:6d02:0:4013,122
1462919792,2001:470:83ae:2:212:6d02:0:4035,121
1462919792,2001:470:83ae:2:212:6d02:0:4043,122
1462919793,2001:470:83ae:2:212:6d02:0:4041,121
1462919794,2001:470:83ae:2:212:6d02:0:4034,123
1462919795,2001:470:83ae:2:212:6d02:0:4042,122
1462919797,2001:470:83ae:2:212:6d02:0:4044,122
1462919798,2001:470:83ae:2:212:6d02:0:400f,123
1462919800,2001:470:83ae:2:212:6d02:0:4040,122
1462919802,2001:470:83ae:2:212:6d02:0:4013,123
1462919802,2001:470:83ae:2:212:6d02:0:4035,122
1462919802,2001:470:83ae:2:212:6d02:0:4043,123
1462919803,2001:470:83ae:2:212:6d02:0:4041,122
1462919804,2001:470:83ae:2:212:6d02:0:4034,124
1462919805,2001:470:83ae:2:212:6d02:0:4042,123
1462919808,2001:470:83ae:2:212:6d02:0:4044,123
1462919808,2001:470:83ae:2:212:6d02:0:400f,124
1462919810,2001:470:83ae:2:212:6d02:0:4040,123
1462919812,2001:470:83ae:2:212:6d02:0:4013,124
1462919812,2001:470:83ae:2:212:6d02:0:4035,123
1462919812,2001:470:83ae:2:212:6d02:0:4043,124
1462919813,2001:470:83ae:2:212:6d02:0:4041,123
1462919814,2001:470:83ae:2:212:6d02:0:4034,125
1462919815,2001:470:83ae:2:212:6d02:0:4042,124
1462919818,2001:470:83ae:2:212:6d02:0:4044,124
1462919818,2001:470:83ae:2:212:6d02:0:400f,125
1462919820,2001:470:83ae:2:212:6d02:0:4040,124
1462919822,2001:470:83ae:2:212:6d02:0:4013,125
1462919822,2001:470:83ae:2:212:6d02:0:4035,124
1462919822,2001:470:83ae:2:212:6d02:0:4043,125
1462919823,2001:470:83ae:2:212:6d02:0:4041,124
1462919824,2001:470:83ae:2:212:6d02:0:4034,126
1462919825,2001:470:83ae:2:212:6d02:0:4042,125
1462919828,2001:470:83ae:2:212:6d02:0:4044,125
1462919828,2001:470:83ae:2:212:6d02:0:400f,126
1462919830,2001:470:83ae:2:212:6d02:0:4040,125
1462919832,2001:470:83ae:2:212:6d02:0:4013,126
1462919832,2001:470:83ae:2:212:6d02:0:4035,125
1462919832,2001:470:83ae:2:212:6d02:0:4043,126
1462919833,2001:470:83ae:2:212:6d02:0:4041,125
1462919834,2001:470:83ae:2:212:6d02:0:4034,127
1462919835,2001:470:83ae:2:212:6d02:0:4042,126
1462919838,2001:470:83ae:2:212:6d02:0:4044,126
1462919838,2001:470:83ae:2:212:6d02:0:400f,127
1462919840,2001:470:83ae:2:212:6d02:0:4040,126
1462919842,2001:470:83ae:2:212:6d02:0:4013,127
1462919842,2001:470:83ae:2:212:6d02:0:4035,126
1462919842,2001:470:83ae:2:212:6d02:0:4043,127
1462919843,2001:470:83ae:2:212:6d02:0:4041,126
1462919844,2001:470:83ae:2:212:6d02:0:4034,128
1462919845,2001:470:83ae:2:212:6d02:0:4042,127
1462919848,2001:470:83ae:2:212:6d02:0:4044,127
1462919848,2001:470:83ae:2:212:6d02:0:400f,128
1462919850,2001:470:83ae:2:212:6d02:0:4040,127
1462919852,2001:470:83ae:2:212:6d02:0:4013,128
1462919852,2001:470:83ae:2:212:6d02:0:4035,127
1462919852,2001:470:83ae:2:212:6d02:0:4043,128
1462919853,2001:470:83ae:2:212:6d02:0:4041,127
1462919854,2001:470:83ae:2:212:6d02:0:4034,129
1462919855,2001:470:83ae:2:212:6d02:0:4042,128
1462919858,2001:470:83ae:2:212:6d02:0:4044,128
1462919858,2001:470:83ae:2:212:6d02:0:400f,129
1462919860,2001:470:83ae:2:212:6d02:0:4040,128
1462919862,2001:470:83ae:2:212:6d02:0:4013,129
1462919862,2001:470:83ae:2:212:6d02:0:4035,128
1462919862,2001:470:83ae:2:212:6d02:0:4043,129
1462919863,2001:470:83ae:2:212:6d02:0:4041,128
1462919864,2001:470:83ae:2:212:6d02:0:4034,130
1462919865,2001:470:83ae:2:212:6d02:0:4042,129
1462919868,2001:470:83ae:2:212:6d02:0:4044,129
1462919868,2001:470:83ae:2:212:6d02:0:400f,130
1462919870,2001:470:83ae:2:212:6d02:0:4040,129
1462919872,2001:470:83ae:2:212:6d02:0:4013,130
1462919872,2001:470:83ae:2:212:6d02:0:4035,129
1462919872,2001:470:83ae:2:212:6d02:0:4043,130
1462919873,2001:470:83ae:2:212:6d02:0:4041,129
1462919874,2001:470:83ae:2:212:6d02:0:4034,131
1462919874,2001:470:83ae:2:212:6d02:0:4043,130
1462919875,2001:470:83ae:2:212:6d02:0:4042,130
1462919878,2001:470:83ae:2:212:6d02:0:4044,130
1462919878,2001:470:83ae:2:212:6d02:0:400f,131
1462919880,2001:470:83ae:2:212:6d02:0:4040,130
1462919882,2001:470:83ae:2:212:6d02:0:4013,131
1462919882,2001:470:83ae:2:212:6d02:0:4035,130
1462919882,2001:470:83ae:2:212:6d02:0:4043,131
1462919883,2001:470:83ae:2:212:6d02:0:4041,130
1462919884,2001:470:83ae:2:212:6d02:0:4034,132
1462919885,2001:470:83ae:2:212:6d02:0:4042,131
1462919888,2001:470:83ae:2:212:6d02:0:400f,132
1462919890,2001:470:83ae:2:212:6d02:0:4040,131
1462919892,2001:470:83ae:2:212:6d02:0:4013,132
1462919892,2001:470:83ae:2:212:6d02:0:4035,131
1462919892,2001:470:83ae:2:212:6d02:0:4043,132
1462919893,2001:470:83ae:2:212:6d02:0:4041,131
1462919894,2001:470:83ae:2:212:6d02:0:4034,133
1462919895,2001:470:83ae:2:212:6d02:0:4042,132
1462919898,2001:470:83ae:2:212:6d02:0:400f,133
1462919898,2001:470:83ae:2:212:6d02:0:4044,132
1462919900,2001:470:83ae:2:212:6d02:0:4040,132
1462919902,2001:470:83ae:2:212:6d02:0:4013,133
1462919902,2001:470:83ae:2:212:6d02:0:4035,132
1462919902,2001:470:83ae:2:212:6d02:0:4043,133
1462919903,2001:470:83ae:2:212:6d02:0:4041,132
1462919904,2001:470:83ae:2:212:6d02:0:4034,134
1462919905,2001:470:83ae:2:212:6d02:0:4042,133
1462919908,2001:470:83ae:2:212:6d02:0:400f,134
1462919908,2001:470:83ae:2:212:6d02:0:4044,133
1462919910,2001:470:83ae:2:212:6d02:0:4040,133
1462919912,2001:470:83ae:2:212:6d02:0:4013,134
1462919912,2001:470:83ae:2:212:6d02:0:4035,133
1462919912,2001:470:83ae:2:212:6d02:0:4043,134
1462919913,2001:470:83ae:2:212:6d02:0:4041,133
1462919914,2001:470:83ae:2:212:6d02:0:4034,135
1462919915,2001:470:83ae:2:212:6d02:0:4042,134
1462919918,2001:470:83ae:2:212:6d02:0:400f,135
1462919918,2001:470:83ae:2:212:6d02:0:4044,134
1462919920,2001:470:83ae:2:212:6d02:0:4040,134
1462919922,2001:470:83ae:2:212:6d02:0:4013,135
1462919922,2001:470:83ae:2:212:6d02:0:4035,134
1462919922,2001:470:83ae:2:212:6d02:0:4043,135
1462919923,2001:470:83ae:2:212:6d02:0:4041,134
1462919924,2001:470:83ae:2:212:6d02:0:4043,135
1462919925,2001:470:83ae:2:212:6d02:0:4042,135
1462919928,2001:470:83ae:2:212:6d02:0:400f,136
1462919928,2001:470:83ae:2:212:6d02:0:4044,135
1462919930,2001:470:83ae:2:212:6d02:0:4040,135
1462919932,2001:470:83ae:2:212:6d02:0:4013,136
1462919932,2001:470:83ae:2:212:6d02:0:4035,135
1462919932,2001:470:83ae:2:212:6d02:0:4043,136
1462919933,2001:470:83ae:2:212:6d02:0:4041,135
1462919934,2001:470:83ae:2:212:6d02:0:4034,137
1462919935,2001:470:83ae:2:212:6d02:0:4042,136
1462919938,2001:470:83ae:2:212:6d02:0:400f,137
1462919938,2001:470:83ae:2:212:6d02:0:4044,136
1462919940,2001:470:83ae:2:212:6d02:0:4040,136
1462919942,2001:470:83ae:2:212:6d02:0:4013,137
1462919942,2001:470:83ae:2:212:6d02:0:4035,136
1462919942,2001:470:83ae:2:212:6d02:0:4043,137
1462919943,2001:470:83ae:2:212:6d02:0:4041,136
1462919944,2001:470:83ae:2:212:6d02:0:4034,138
1462919945,2001:470:83ae:2:212:6d02:0:4042,137
1462919948,2001:470:83ae:2:212:6d02:0:400f,138
1462919948,2001:470:83ae:2:212:6d02:0:4044,137
1462919950,2001:470:83ae:2:212:6d02:0:4040,137
1462919952,2001:470:83ae:2:212:6d02:0:4013,138
1462919952,2001:470:83ae:2:212:6d02:0:4035,137
1462919953,2001:470:83ae:2:212:6d02:0:4041,137
1462919954,2001:470:83ae:2:212:6d02:0:4043,138
1462919955,2001:470:83ae:2:212:6d02:0:4042,138
1462919958,2001:470:83ae:2:212:6d02:0:400f,139
1462919958,2001:470:83ae:2:212:6d02:0:4044,138
1462919960,2001:470:83ae:2:212:6d02:0:4040,138
1462919962,2001:470:83ae:2:212:6d02:0:4013,139
1462919962,2001:470:83ae:2:212:6d02:0:4035,138
1462919962,2001:470:83ae:2:212:6d02:0:4043,139
1462919963,2001:470:83ae:2:212:6d02:0:4041,138
1462919964,2001:470:83ae:2:212:6d02:0:4043,139
1462919965,2001:470:83ae:2:212:6d02:0:4042,139
1462919968,2001:470:83ae:2:212:6d02:0:400f,140
1462919969,2001:470:83ae:2:212:6d02:0:4044,139
1462919970,2001:470:83ae:2:212:6d02:0:4040,139
1462919972,2001:470:83ae:2:212:6d02:0:4013,140
1462919972,2001:470:83ae:2:212:6d02:0:4035,139
1462919972,2001:470:83ae:2:212:6d02:0:4043,140
1462919973,2001:470:83ae:2:212:6d02:0:4041,139
1462919974,2001:470:83ae:2:212:6d02:0:4043,140
1462919975,2001:470:83ae:2:212:6d02:0:4042,140
1462919978,2001:470:83ae:2:212:6d02:0:400f,141
1462919979,2001:470:83ae:2:212:6d02:0:4044,140
1462919980,2001:470:83ae:2:212:6d02:0:4040,140
1462919982,2001:470:83ae:2:212:6d02:0:4013,141
1462919982,2001:470:83ae:2:212:6d02:0:4035,140
1462919982,2001:470:83ae:2:212:6d02:0:4043,141
1462919983,2001:470:83ae:2:212:6d02:0:4041,140
1462919984,2001:470:83ae:2:212:6d02:0:4043,141
1462919985,2001:470:83ae:2:212:6d02:0:4042,141
1462919988,2001:470:83ae:2:212:6d02:0:400f,142
1462919989,2001:470:83ae:2:212:6d02:0:4044,141
1462919990,2001:470:83ae:2:212:6d02:0:4040,141
1462919992,2001:470:83ae:2:212:6d02:0:4013,142
1462919992,2001:470:83ae:2:212:6d02:0:4035,141
1462919992,2001:470:83ae:2:212:6d02:0:4043,142
1462919993,2001:470:83ae:2:212:6d02:0:4041,141
1462919994,2001:470:83ae:2:212:6d02:0:4043,142
1462919995,2001:470:83ae:2:212:6d02:0:4042,142
1462919998,2001:470:83ae:2:212:6d02:0:400f,143
1462919999,2001:470:83ae:2:212:6d02:0:4044,142
1462920000,2001:470:83ae:2:212:6d02:0:4040,142
1462920002,2001:470:83ae:2:212:6d02:0:4013,143
1462920002,2001:470:83ae:2:212:6d02:0:4035,142
1462920002,2001:470:83ae:2:212:6d02:0:4043,143
1462920003,2001:470:83ae:2:212:6d02:0:4041,142
1462920004,2001:470:83ae:2:212:6d02:0:4043,143
1462920005,2001:470:83ae:2:212:6d02:0:4042,143
1462920008,2001:470:83ae:2:212:6d02:0:400f,144
1462920009,2001:470:83ae:2:212:6d02:0:4044,143
1462920010,2001:470:83ae:2:212:6d02:0:4040,143
1462920012,2001:470:83ae:2:212:6d02:0:4013,144
1462920012,2001:470:83ae:2:212:6d02:0:4035,143
1462920012,2001:470:83ae:2:212:6d02:0:4043,144
1462920013,2001:470:83ae:2:212:6d02:0:4041,143
1462920014,2001:470:83ae:2:212:6d02:0:4043,144
1462920015,2001:470:83ae:2:212:6d02:0:4042,144
1462920018,2001:470:83ae:2:212:6d02:0:400f,145
1462920019,2001:470:83ae:2:212:6d02:0:4044,144
1462920020,2001:470:83ae:2:212:6d02:0:4040,144
1462920022,2001:470:83ae:2:212:6d02:0:4013,145
1462920022,2001:470:83ae:2:212:6d02:0:4035,144
1462920022,2001:470:83ae:2:212:6d02:0:4043,145
1462920023,2001:470:83ae:2:212:6d02:0:4041,144
1462920024,2001:470:83ae:2:212:6d02:0:4043,145
1462920025,2001:470:83ae:2:212:6d02:0:4042,145
1462920028,2001:470:83ae:2:212:6d02:0:400f,146
1462920029,2001:470:83ae:2:212:6d02:0:4044,145
1462920030,2001:470:83ae:2:212:6d02:0:4040,145
1462920032,2001:470:83ae:2:212:6d02:0:4013,146
1462920032,2001:470:83ae:2:212:6d02:0:4035,145
1462920033,2001:470:83ae:2:212:6d02:0:4041,145
1462920034,2001:470:83ae:2:212:6d02:0:4043,146
1462920035,2001:470:83ae:2:212:6d02:0:4042,146
1462920038,2001:470:83ae:2:212:6d02:0:400f,147
1462920039,2001:470:83ae:2:212:6d02:0:4044,146
1462920039,2001:470:83ae:2:212:6d02:0:4040,146
1462920042,2001:470:83ae:2:212:6d02:0:4013,147
1462920042,2001:470:83ae:2:212:6d02:0:4035,146
1462920043,2001:470:83ae:2:212:6d02:0:4041,146
1462920044,2001:470:83ae:2:212:6d02:0:4043,147
1462920045,2001:470:83ae:2:212:6d02:0:4042,147
1462920048,2001:470:83ae:2:212:6d02:0:400f,148
1462920049,2001:470:83ae:2:212:6d02:0:4044,147
1462920049,2001:470:83ae:2:212:6d02:0:4040,147
1462920052,2001:470:83ae:2:212:6d02:0:4013,148
1462920052,2001:470:83ae:2:212:6d02:0:4043,148
1462920053,2001:470:83ae:2:212:6d02:0:4041,147
1462920054,2001:470:83ae:2:212:6d02:0:4043,148
1462920054,2001:470:83ae:2:212:6d02:0:4042,148
1462920058,2001:470:83ae:2:212:6d02:0:400f,149
1462920059,2001:470:83ae:2:212:6d02:0:4044,148
1462920059,2001:470:83ae:2:212:6d02:0:4040,148
1462920062,2001:470:83ae:2:212:6d02:0:4013,149
1462920062,2001:470:83ae:2:212:6d02:0:4043,149
1462920063,2001:470:83ae:2:212:6d02:0:4041,148
1462920064,2001:470:83ae:2:212:6d02:0:4043,149
1462920064,2001:470:83ae:2:212:6d02:0:4042,149
1462920068,2001:470:83ae:2:212:6d02:0:400f,150
1462920069,2001:470:83ae:2:212:6d02:0:4044,149
1462920069,2001:470:83ae:2:212:6d02:0:4040,149
1462920072,2001:470:83ae:2:212:6d02:0:4013,150
1462920072,2001:470:83ae:2:212:6d02:0:4035,149
1462920073,2001:470:83ae:2:212:6d02:0:4041,149
1462920074,2001:470:83ae:2:212:6d02:0:4043,150
1462920074,2001:470:83ae:2:212:6d02:0:4042,150
1462920078,2001:470:83ae:2:212:6d02:0:400f,151
1462920079,2001:470:83ae:2:212:6d02:0:4044,150
1462920079,2001:470:83ae:2:212:6d02:0:4040,150
1462920082,2001:470:83ae:2:212:6d02:0:4013,151
1462920082,2001:470:83ae:2:212:6d02:0:4043,151
1462920082,2001:470:83ae:2:212:6d02:0:4035,150
1462920082,2001:470:83ae:2:212:6d02:0:4041,150
1462920084,2001:470:83ae:2:212:6d02:0:4043,151
1462920084,2001:470:83ae:2:212:6d02:0:4042,151
1462920088,2001:470:83ae:2:212:6d02:0:400f,152
1462920089,2001:470:83ae:2:212:6d02:0:4044,151
1462920089,2001:470:83ae:2:212:6d02:0:4040,151
1462920092,2001:470:83ae:2:212:6d02:0:4013,152
1462920092,2001:470:83ae:2:212:6d02:0:4043,152
1462920092,2001:470:83ae:2:212:6d02:0:4035,151
1462920092,2001:470:83ae:2:212:6d02:0:4041,151
1462920094,2001:470:83ae:2:212:6d02:0:4043,152
1462920094,2001:470:83ae:2:212:6d02:0:4042,152
1462920098,2001:470:83ae:2:212:6d02:0:400f,153
1462920099,2001:470:83ae:2:212:6d02:0:4044,152
1462920099,2001:470:83ae:2:212:6d02:0:4040,152
1462920102,2001:470:83ae:2:212:6d02:0:4013,153
1462920102,2001:470:83ae:2:212:6d02:0:4043,153
1462920102,2001:470:83ae:2:212:6d02:0:4035,152
1462920102,2001:470:83ae:2:212:6d02:0:4041,152
1462920104,2001:470:83ae:2:212:6d02:0:4043,153
1462920104,2001:470:83ae:2:212:6d02:0:4042,153
1462920108,2001:470:83ae:2:212:6d02:0:400f,154
1462920109,2001:470:83ae:2:212:6d02:0:4044,153
1462920109,2001:470:83ae:2:212:6d02:0:4040,153
1462920112,2001:470:83ae:2:212:6d02:0:4013,154
1462920112,2001:470:83ae:2:212:6d02:0:4043,154
1462920112,2001:470:83ae:2:212:6d02:0:4035,153
1462920112,2001:470:83ae:2:212:6d02:0:4041,153
1462920114,2001:470:83ae:2:212:6d02:0:4043,154
1462920114,2001:470:83ae:2:212:6d02:0:4042,154
1462920118,2001:470:83ae:2:212:6d02:0:400f,155
1462920119,2001:470:83ae:2:212:6d02:0:4044,154
1462920119,2001:470:83ae:2:212:6d02:0:4040,154
1462920122,2001:470:83ae:2:212:6d02:0:4013,155
1462920122,2001:470:83ae:2:212:6d02:0:4043,155
1462920122,2001:470:83ae:2:212:6d02:0:4035,154
1462920122,2001:470:83ae:2:212:6d02:0:4041,154
1462920124,2001:470:83ae:2:212:6d02:0:4043,155
1462920124,2001:470:83ae:2:212:6d02:0:4042,155
1462920128,2001:470:83ae:2:212:6d02:0:400f,156
1462920130,2001:470:83ae:2:212:6d02:0:4040,155
1462920132,2001:470:83ae:2:212:6d02:0:4013,156
1462920132,2001:470:83ae:2:212:6d02:0:4043,156
1462920132,2001:470:83ae:2:212:6d02:0:4035,155
1462920132,2001:470:83ae:2:212:6d02:0:4041,155
1462920134,2001:470:83ae:2:212:6d02:0:4043,156
1462920134,2001:470:83ae:2:212:6d02:0:4042,156
1462920138,2001:470:83ae:2:212:6d02:0:400f,157
1462920139,2001:470:83ae:2:212:6d02:0:4040,156
1462920140,2001:470:83ae:2:212:6d02:0:4044,156
1462920142,2001:470:83ae:2:212:6d02:0:4013,157
1462920142,2001:470:83ae:2:212:6d02:0:4043,157
1462920142,2001:470:83ae:2:212:6d02:0:4035,156
1462920142,2001:470:83ae:2:212:6d02:0:4041,156
1462920144,2001:470:83ae:2:212:6d02:0:4043,157
1462920144,2001:470:83ae:2:212:6d02:0:4042,157
1462920148,2001:470:83ae:2:212:6d02:0:400f,158
1462920149,2001:470:83ae:2:212:6d02:0:4040,157
1462920150,2001:470:83ae:2:212:6d02:0:4044,157
1462920152,2001:470:83ae:2:212:6d02:0:4013,158
1462920152,2001:470:83ae:2:212:6d02:0:4035,157
1462920152,2001:470:83ae:2:212:6d02:0:4041,157
1462920154,2001:470:83ae:2:212:6d02:0:4043,158
1462920154,2001:470:83ae:2:212:6d02:0:4042,158
1462920158,2001:470:83ae:2:212:6d02:0:400f,159
1462920159,2001:470:83ae:2:212:6d02:0:4040,158
1462920160,2001:470:83ae:2:212:6d02:0:4044,158
1462920162,2001:470:83ae:2:212:6d02:0:4013,159
1462920162,2001:470:83ae:2:212:6d02:0:4035,158
1462920162,2001:470:83ae:2:212:6d02:0:4041,158
1462920164,2001:470:83ae:2:212:6d02:0:4043,159
1462920164,2001:470:83ae:2:212:6d02:0:4042,159
1462920168,2001:470:83ae:2:212:6d02:0:400f,160
1462920169,2001:470:83ae:2:212:6d02:0:4040,159
1462920170,2001:470:83ae:2:212:6d02:0:4044,159
1462920172,2001:470:83ae:2:212:6d02:0:4043,160
1462920172,2001:470:83ae:2:212:6d02:0:4035,159
1462920172,2001:470:83ae:2:212:6d02:0:4041,159
1462920174,2001:470:83ae:2:212:6d02:0:4043,160
1462920174,2001:470:83ae:2:212:6d02:0:4042,160
1462920178,2001:470:83ae:2:212:6d02:0:400f,161
1462920179,2001:470:83ae:2:212:6d02:0:4040,160
1462920180,2001:470:83ae:2:212:6d02:0:4044,160
1462920182,2001:470:83ae:2:212:6d02:0:4013,161
1462920182,2001:470:83ae:2:212:6d02:0:4035,160
1462920182,2001:470:83ae:2:212:6d02:0:4041,160
1462920184,2001:470:83ae:2:212:6d02:0:4043,161
1462920184,2001:470:83ae:2:212:6d02:0:4042,161
1462920188,2001:470:83ae:2:212:6d02:0:400f,162
1462920189,2001:470:83ae:2:212:6d02:0:4040,161
1462920190,2001:470:83ae:2:212:6d02:0:4044,161
1462920192,2001:470:83ae:2:212:6d02:0:4013,162
1462920192,2001:470:83ae:2:212:6d02:0:4035,161
1462920192,2001:470:83ae:2:212:6d02:0:4041,161
1462920194,2001:470:83ae:2:212:6d02:0:4043,162
1462920194,2001:470:83ae:2:212:6d02:0:4042,162
1462920198,2001:470:83ae:2:212:6d02:0:400f,163
1462920199,2001:470:83ae:2:212:6d02:0:4040,162
1462920200,2001:470:83ae:2:212:6d02:0:4044,162
1462920202,2001:470:83ae:2:212:6d02:0:4013,163
1462920202,2001:470:83ae:2:212:6d02:0:4035,162
1462920202,2001:470:83ae:2:212:6d02:0:4041,162
1462920204,2001:470:83ae:2:212:6d02:0:4043,163
1462920204,2001:470:83ae:2:212:6d02:0:4042,163
1462920208,2001:470:83ae:2:212:6d02:0:400f,164
1462920209,2001:470:83ae:2:212:6d02:0:4040,163
1462920210,2001:470:83ae:2:212:6d02:0:4044,163
1462920212,2001:470:83ae:2:212:6d02:0:4013,164
1462920212,2001:470:83ae:2:212:6d02:0:4035,163
1462920212,2001:470:83ae:2:212:6d02:0:4041,163
1462920214,2001:470:83ae:2:212:6d02:0:4043,164
1462920214,2001:470:83ae:2:212:6d02:0:4042,164
1462920218,2001:470:83ae:2:212:6d02:0:400f,165
1462920219,2001:470:83ae:2:212:6d02:0:4040,164
1462920220,2001:470:83ae:2:212:6d02:0:4044,164
1462920222,2001:470:83ae:2:212:6d02:0:4013,165
1462920222,2001:470:83ae:2:212:6d02:0:4035,164
1462920222,2001:470:83ae:2:212:6d02:0:4041,164
1462920224,2001:470:83ae:2:212:6d02:0:4043,165
1462920224,2001:470:83ae:2:212:6d02:0:4042,165
1462920228,2001:470:83ae:2:212:6d02:0:400f,166
1462920229,2001:470:83ae:2:212:6d02:0:4040,165
1462920230,2001:470:83ae:2:212:6d02:0:4044,165
1462920232,2001:470:83ae:2:212:6d02:0:4013,166
1462920232,2001:470:83ae:2:212:6d02:0:4035,165
1462920232,2001:470:83ae:2:212:6d02:0:4041,165
1462920234,2001:470:83ae:2:212:6d02:0:4043,166
1462920234,2001:470:83ae:2:212:6d02:0:4042,166
1462920238,2001:470:83ae:2:212:6d02:0:400f,167
1462920239,2001:470:83ae:2:212:6d02:0:4040,166
1462920240,2001:470:83ae:2:212:6d02:0:4044,166
1462920242,2001:470:83ae:2:212:6d02:0:4013,167
1462920242,2001:470:83ae:2:212:6d02:0:4035,166
1462920242,2001:470:83ae:2:212:6d02:0:4041,166
1462920244,2001:470:83ae:2:212:6d02:0:4043,167
1462920244,2001:470:83ae:2:212:6d02:0:4042,167
1462920248,2001:470:83ae:2:212:6d02:0:400f,168
1462920249,2001:470:83ae:2:212:6d02:0:4040,167
1462920250,2001:470:83ae:2:212:6d02:0:4044,167
1462920252,2001:470:83ae:2:212:6d02:0:4013,168
1462920252,2001:470:83ae:2:212:6d02:0:4035,167
1462920252,2001:470:83ae:2:212:6d02:0:4041,167
1462920254,2001:470:83ae:2:212:6d02:0:4043,168
1462920254,2001:470:83ae:2:212:6d02:0:4042,168
1462920258,2001:470:83ae:2:212:6d02:0:400f,169
1462920259,2001:470:83ae:2:212:6d02:0:4040,168
1462920260,2001:470:83ae:2:212:6d02:0:4044,168
1462920262,2001:470:83ae:2:212:6d02:0:4013,169
1462920262,2001:470:83ae:2:212:6d02:0:4035,168
1462920262,2001:470:83ae:2:212:6d02:0:4041,168
1462920264,2001:470:83ae:2:212:6d02:0:4043,169
1462920264,2001:470:83ae:2:212:6d02:0:4042,169
1462920268,2001:470:83ae:2:212:6d02:0:400f,170
1462920269,2001:470:83ae:2:212:6d02:0:4040,169
1462920270,2001:470:83ae:2:212:6d02:0:4044,169
1462920272,2001:470:83ae:2:212:6d02:0:4013,170
1462920272,2001:470:83ae:2:212:6d02:0:4035,169
1462920272,2001:470:83ae:2:212:6d02:0:4041,169
1462920274,2001:470:83ae:2:212:6d02:0:4043,170
1462920274,2001:470:83ae:2:212:6d02:0:4042,170
1462920278,2001:470:83ae:2:212:6d02:0:400f,171
1462920279,2001:470:83ae:2:212:6d02:0:4040,170
1462920280,2001:470:83ae:2:212:6d02:0:4044,170
1462920282,2001:470:83ae:2:212:6d02:0:4013,171
1462920282,2001:470:83ae:2:212:6d02:0:4035,170
1462920282,2001:470:83ae:2:212:6d02:0:4041,170
1462920284,2001:470:83ae:2:212:6d02:0:4043,171
1462920284,2001:470:83ae:2:212:6d02:0:4042,171
1462920288,2001:470:83ae:2:212:6d02:0:400f,172
1462920289,2001:470:83ae:2:212:6d02:0:4040,171
1462920290,2001:470:83ae:2:212:6d02:0:4044,171
1462920292,2001:470:83ae:2:212:6d02:0:4013,172
1462920292,2001:470:83ae:2:212:6d02:0:4035,171
1462920292,2001:470:83ae:2:212:6d02:0:4041,171
1462920294,2001:470:83ae:2:212:6d02:0:4043,172
1462920294,2001:470:83ae:2:212:6d02:0:4042,172
1462920298,2001:470:83ae:2:212:6d02:0:400f,173
1462920299,2001:470:83ae:2:212:6d02:0:4040,172
1462920301,2001:470:83ae:2:212:6d02:0:4044,172
1462920302,2001:470:83ae:2:212:6d02:0:4013,173
1462920302,2001:470:83ae:2:212:6d02:0:4035,172
1462920302,2001:470:83ae:2:212:6d02:0:4041,172
1462920304,2001:470:83ae:2:212:6d02:0:4043,173
1462920304,2001:470:83ae:2:212:6d02:0:4042,173
1462920308,2001:470:83ae:2:212:6d02:0:400f,174
1462920309,2001:470:83ae:2:212:6d02:0:4040,173
1462920311,2001:470:83ae:2:212:6d02:0:4044,173
1462920312,2001:470:83ae:2:212:6d02:0:4013,174
1462920312,2001:470:83ae:2:212:6d02:0:4035,173
1462920312,2001:470:83ae:2:212:6d02:0:4041,173
1462920314,2001:470:83ae:2:212:6d02:0:4043,174
1462920314,2001:470:83ae:2:212:6d02:0:4042,174
1462920318,2001:470:83ae:2:212:6d02:0:400f,175
1462920319,2001:470:83ae:2:212:6d02:0:4040,174
1462920321,2001:470:83ae:2:212:6d02:0:4044,174
1462920322,2001:470:83ae:2:212:6d02:0:4013,175
1462920322,2001:470:83ae:2:212:6d02:0:4035,174
1462920322,2001:470:83ae:2:212:6d02:0:4041,174
1462920324,2001:470:83ae:2:212:6d02:0:4043,175
1462920324,2001:470:83ae:2:212:6d02:0:4042,175
1462920328,2001:470:83ae:2:212:6d02:0:400f,176
1462920329,2001:470:83ae:2:212:6d02:0:4040,175
1462920331,2001:470:83ae:2:212:6d02:0:4044,175
1462920332,2001:470:83ae:2:212:6d02:0:4013,176
1462920332,2001:470:83ae:2:212:6d02:0:4035,175
1462920332,2001:470:83ae:2:212:6d02:0:4041,175
1462920334,2001:470:83ae:2:212:6d02:0:4043,176
1462920334,2001:470:83ae:2:212:6d02:0:4042,176
1462920338,2001:470:83ae:2:212:6d02:0:400f,177
1462920339,2001:470:83ae:2:212:6d02:0:4040,176
1462920341,2001:470:83ae:2:212:6d02:0:4044,176
1462920342,2001:470:83ae:2:212:6d02:0:4013,177
1462920342,2001:470:83ae:2:212:6d02:0:4035,176
1462920342,2001:470:83ae:2:212:6d02:0:4041,176
1462920344,2001:470:83ae:2:212:6d02:0:4043,177
1462920344,2001:470:83ae:2:212:6d02:0:4042,177
1462920348,2001:470:83ae:2:212:6d02:0:400f,178
1462920349,2001:470:83ae:2:212:6d02:0:4040,177
1462920351,2001:470:83ae:2:212:6d02:0:4044,177
1462920352,2001:470:83ae:2:212:6d02:0:4013,178
1462920352,2001:470:83ae:2:212:6d02:0:4035,177
1462920352,2001:470:83ae:2:212:6d02:0:4041,177
1462920354,2001:470:83ae:2:212:6d02:0:4043,178
1462920354,2001:470:83ae:2:212:6d02:0:4042,178
1462920358,2001:470:83ae:2:212:6d02:0:400f,179
1462920359,2001:470:83ae:2:212:6d02:0:4040,178
1462920361,2001:470:83ae:2:212:6d02:0:4044,178
1462920362,2001:470:83ae:2:212:6d02:0:4013,179
1462920362,2001:470:83ae:2:212:6d02:0:4035,178
1462920362,2001:470:83ae:2:212:6d02:0:4041,178
1462920364,2001:470:83ae:2:212:6d02:0:4043,179
1462920364,2001:470:83ae:2:212:6d02:0:4042,179
1462920368,2001:470:83ae:2:212:6d02:0:400f,180
1462920369,2001:470:83ae:2:212:6d02:0:4040,179
1462920371,2001:470:83ae:2:212:6d02:0:4044,179
1462920372,2001:470:83ae:2:212:6d02:0:4013,180
1462920372,2001:470:83ae:2:212:6d02:0:4035,179
1462920372,2001:470:83ae:2:212:6d02:0:4041,179
1462920374,2001:470:83ae:2:212:6d02:0:4043,180
1462920374,2001:470:83ae:2:212:6d02:0:4042,180
1462920378,2001:470:83ae:2:212:6d02:0:400f,181
1462920379,2001:470:83ae:2:212:6d02:0:4040,180
1462920381,2001:470:83ae:2:212:6d02:0:4044,180
1462920382,2001:470:83ae:2:212:6d02:0:4013,181
1462920382,2001:470:83ae:2:212:6d02:0:4035,180
1462920382,2001:470:83ae:2:212:6d02:0:4041,180
1462920384,2001:470:83ae:2:212:6d02:0:4043,181
1462920384,2001:470:83ae:2:212:6d02:0:4034,182
1462920384,2001:470:83ae:2:212:6d02:0:4042,181
1462920388,2001:470:83ae:2:212:6d02:0:400f,182
1462920389,2001:470:83ae:2:212:6d02:0:4040,181
1462920391,2001:470:83ae:2:212:6d02:0:4044,181
1462920392,2001:470:83ae:2:212:6d02:0:4013,182
1462920392,2001:470:83ae:2:212:6d02:0:4035,181
1462920392,2001:470:83ae:2:212:6d02:0:4041,181
1462920394,2001:470:83ae:2:212:6d02:0:4043,182
1462920394,2001:470:83ae:2:212:6d02:0:4034,183
1462920394,2001:470:83ae:2:212:6d02:0:4042,182
1462920398,2001:470:83ae:2:212:6d02:0:400f,183
1462920399,2001:470:83ae:2:212:6d02:0:4040,182
1462920401,2001:470:83ae:2:212:6d02:0:4044,182
1462920402,2001:470:83ae:2:212:6d02:0:4013,183
1462920402,2001:470:83ae:2:212:6d02:0:4035,182
1462920402,2001:470:83ae:2:212:6d02:0:4041,182
1462920403,2001:470:83ae:2:212:6d02:0:4043,183
1462920404,2001:470:83ae:2:212:6d02:0:4034,184
1462920404,2001:470:83ae:2:212:6d02:0:4042,183
1462920408,2001:470:83ae:2:212:6d02:0:400f,184
1462920409,2001:470:83ae:2:212:6d02:0:4040,183
1462920411,2001:470:83ae:2:212:6d02:0:4044,183
1462920412,2001:470:83ae:2:212:6d02:0:4013,184
1462920412,2001:470:83ae:2:212:6d02:0:4035,183
1462920412,2001:470:83ae:2:212:6d02:0:4041,183
1462920413,2001:470:83ae:2:212:6d02:0:4043,184
1462920414,2001:470:83ae:2:212:6d02:0:4034,185
1462920414,2001:470:83ae:2:212:6d02:0:4042,184
1462920418,2001:470:83ae:2:212:6d02:0:400f,185
1462920419,2001:470:83ae:2:212:6d02:0:4040,184
1462920421,2001:470:83ae:2:212:6d02:0:4044,184
1462920422,2001:470:83ae:2:212:6d02:0:4013,185
1462920422,2001:470:83ae:2:212:6d02:0:4035,184
1462920422,2001:470:83ae:2:212:6d02:0:4041,184
1462920423,2001:470:83ae:2:212:6d02:0:4043,185
1462920424,2001:470:83ae:2:212:6d02:0:4034,186
1462920428,2001:470:83ae:2:212:6d02:0:400f,186
1462920429,2001:470:83ae:2:212:6d02:0:4040,185
1462920431,2001:470:83ae:2:212:6d02:0:4043,186
1462920432,2001:470:83ae:2:212:6d02:0:4013,186
1462920432,2001:470:83ae:2:212:6d02:0:4035,185
1462920432,2001:470:83ae:2:212:6d02:0:4041,185
1462920433,2001:470:83ae:2:212:6d02:0:4043,186
1462920433,2001:470:83ae:2:212:6d02:0:4034,187
1462920434,2001:470:83ae:2:212:6d02:0:4042,186
1462920438,2001:470:83ae:2:212:6d02:0:400f,187
1462920439,2001:470:83ae:2:212:6d02:0:4040,186
1462920441,2001:470:83ae:2:212:6d02:0:4043,187
1462920442,2001:470:83ae:2:212:6d02:0:4013,187
1462920442,2001:470:83ae:2:212:6d02:0:4035,186
1462920442,2001:470:83ae:2:212:6d02:0:4041,186
1462920443,2001:470:83ae:2:212:6d02:0:4043,187
1462920443,2001:470:83ae:2:212:6d02:0:4034,188
1462920448,2001:470:83ae:2:212:6d02:0:400f,188
1462920449,2001:470:83ae:2:212:6d02:0:4040,187
1462920451,2001:470:83ae:2:212:6d02:0:4043,188
1462920452,2001:470:83ae:2:212:6d02:0:4013,188
1462920452,2001:470:83ae:2:212:6d02:0:4035,187
1462920452,2001:470:83ae:2:212:6d02:0:4041,187
1462920453,2001:470:83ae:2:212:6d02:0:4043,188
1462920453,2001:470:83ae:2:212:6d02:0:4034,189
1462920458,2001:470:83ae:2:212:6d02:0:400f,189
1462920459,2001:470:83ae:2:212:6d02:0:4040,188
1462920461,2001:470:83ae:2:212:6d02:0:4043,189
1462920462,2001:470:83ae:2:212:6d02:0:4013,189
1462920462,2001:470:83ae:2:212:6d02:0:4035,188
1462920462,2001:470:83ae:2:212:6d02:0:4041,188
1462920463,2001:470:83ae:2:212:6d02:0:4043,189
1462920463,2001:470:83ae:2:212:6d02:0:4034,190
1462920468,2001:470:83ae:2:212:6d02:0:400f,190
1462920469,2001:470:83ae:2:212:6d02:0:4040,189
1462920471,2001:470:83ae:2:212:6d02:0:4043,190
1462920472,2001:470:83ae:2:212:6d02:0:4013,190
1462920472,2001:470:83ae:2:212:6d02:0:4035,189
1462920472,2001:470:83ae:2:212:6d02:0:4041,189
1462920473,2001:470:83ae:2:212:6d02:0:4043,190
1462920473,2001:470:83ae:2:212:6d02:0:4042,190
1462920478,2001:470:83ae:2:212:6d02:0:400f,191
1462920479,2001:470:83ae:2:212:6d02:0:4040,190
1462920481,2001:470:83ae:2:212:6d02:0:4043,191
1462920482,2001:470:83ae:2:212:6d02:0:4013,191
1462920482,2001:470:83ae:2:212:6d02:0:4035,190
1462920482,2001:470:83ae:2:212:6d02:0:4041,190
1462920483,2001:470:83ae:2:212:6d02:0:4043,191
1462920483,2001:470:83ae:2:212:6d02:0:4034,192
1462920488,2001:470:83ae:2:212:6d02:0:400f,192
1462920489,2001:470:83ae:2:212:6d02:0:4040,191
1462920491,2001:470:83ae:2:212:6d02:0:4043,192
1462920492,2001:470:83ae:2:212:6d02:0:4013,192
1462920492,2001:470:83ae:2:212:6d02:0:4035,191
1462920492,2001:470:83ae:2:212:6d02:0:4041,191
1462920493,2001:470:83ae:2:212:6d02:0:4043,192
1462920493,2001:470:83ae:2:212:6d02:0:4034,193
1462920498,2001:470:83ae:2:212:6d02:0:400f,193
1462920499,2001:470:83ae:2:212:6d02:0:4040,192
1462920501,2001:470:83ae:2:212:6d02:0:4043,193
1462920502,2001:470:83ae:2:212:6d02:0:4013,193
1462920502,2001:470:83ae:2:212:6d02:0:4044,192
1462920502,2001:470:83ae:2:212:6d02:0:4035,192
1462920502,2001:470:83ae:2:212:6d02:0:4041,192
1462920503,2001:470:83ae:2:212:6d02:0:4043,193
1462920503,2001:470:83ae:2:212:6d02:0:4034,194
1462920508,2001:470:83ae:2:212:6d02:0:400f,194
1462920509,2001:470:83ae:2:212:6d02:0:4040,193
1462920511,2001:470:83ae:2:212:6d02:0:4043,194
1462920512,2001:470:83ae:2:212:6d02:0:4013,194
1462920512,2001:470:83ae:2:212:6d02:0:4044,193
1462920512,2001:470:83ae:2:212:6d02:0:4035,193
1462920512,2001:470:83ae:2:212:6d02:0:4041,193
1462920513,2001:470:83ae:2:212:6d02:0:4042,194
1462920513,2001:470:83ae:2:212:6d02:0:4034,195
1462920518,2001:470:83ae:2:212:6d02:0:400f,195
1462920519,2001:470:83ae:2:212:6d02:0:4040,194
1462920521,2001:470:83ae:2:212:6d02:0:4043,195
1462920522,2001:470:83ae:2:212:6d02:0:4013,195
1462920522,2001:470:83ae:2:212:6d02:0:4035,194
1462920522,2001:470:83ae:2:212:6d02:0:4044,194
1462920522,2001:470:83ae:2:212:6d02:0:4041,194
1462920523,2001:470:83ae:2:212:6d02:0:4042,195
1462920523,2001:470:83ae:2:212:6d02:0:4034,196
1462920528,2001:470:83ae:2:212:6d02:0:400f,196
