00:00:03 fe80::212:6d02:0:400d,ff02::1a,17,1,
00:00:03 fe80::212:6d02:0:400d,ff02::1a,18,1,
00:00:04 fe80::212:6d02:0:400d,ff02::1a,19,1,
00:00:06 fe80::212:6d02:0:400d,ff02::1a,20,1,
00:00:09 fe80::212:6d02:0:400d,ff02::1a,21,1,
00:00:18 fe80::212:6d02:0:400d,ff02::1a,22,1,
00:00:26 fe80::212:6d02:0:4012,ff02::1a,17,0,
00:00:26 fe80::212:6d02:0:400d,ff02::1a,23,1,
00:00:26 fe80::212:6d02:0:4012,ff02::1a,18,1,
00:00:26 fe80::212:6d02:0:4012,fe80::212:6d02:0:400d,19,2,
00:00:26 ,19,,
00:00:27 fe80::212:6d02:0:400d,ff02::1a,24,1,
00:00:27 fe80::212:6d02:0:4012,ff02::1a,20,1,
00:00:27 fe80::212:6d02:0:4012,ff02::1a,21,1,
00:00:28 fe80::212:6d02:0:400d,ff02::1a,25,1,
00:00:29 fe80::212:6d02:0:4012,ff02::2,22,0,1
00:00:29 fe80::212:6d02:0:400d,fe80::212:6d02:0:4012,26,0,1,3
00:00:29 ,26,,
00:00:29 fe80::212:6d02:0:400d,ff02::1a,27,1,
00:00:29 fe80::212:6d02:0:4012,ff02::1a,23,1,
00:00:32 fe80::212:6d02:0:4012,ff02::1a,24,1,
00:00:32 fe80::212:6d02:0:400d,ff02::1a,28,1,
00:00:39 fe80::212:6d02:0:400d,ff02::1a,29,1,
00:00:39 fe80::212:6d02:0:4012,ff02::1a,25,1,
00:00:46 fe80::212:6d02:0:310d,ff02::1a,17,0,
00:00:46 fe80::212:6d02:0:400d,ff02::1a,30,1,
00:00:47 fe80::212:6d02:0:4012,ff02::1a,26,1,
00:00:47 fe80::212:6d02:0:310d,ff02::1a,18,1,
00:00:47 fe80::212:6d02:0:310d,fe80::212:6d02:0:400d,19,2,
00:00:47 ,19,,
00:00:47 fe80::212:6d02:0:400d,ff02::1a,31,1,
00:00:47 fe80::212:6d02:0:4012,ff02::1a,27,1,
00:00:47 fe80::212:6d02:0:310d,ff02::1a,20,1,
00:00:47 fe80::212:6d02:0:4012,ff02::1a,28,1,
00:00:48 fe80::212:6d02:0:400d,ff02::1a,32,1,
00:00:48 fe80::212:6d02:0:310d,ff02::1a,21,1,
00:00:49 fe80::212:6d02:0:310d,ff02::2,22,0,1
00:00:49 fe80::212:6d02:0:400d,ff02::1a,33,1,
00:00:50 ,29,,
00:00:53 fe80::212:6d02:0:310d,ff02::1a,24,1,
00:00:53 fe80::212:6d02:0:400d,ff02::1a,34,1,
00:00:54 fe80::212:6d02:0:4012,ff02::1a,30,1,
00:00:59 fe80::212:6d02:0:4012,ff02::1a,31,1,
00:00:59 fe80::212:6d02:0:310d,ff02::2,25,0,1
00:01:00 fe80::212:6d02:0:310d,ff02::1a,26,1,
00:01:01 fe80::212:6d02:0:400d,ff02::1a,35,1,
00:01:05 fe80::212:6d02:0:3005,ff02::1a,17,0,
00:01:05 fe80::212:6d02:0:4012,ff02::1a,32,1,
00:01:05 fe80::212:6d02:0:400d,ff02::1a,36,1,
00:01:05 fe80::212:6d02:0:310d,ff02::1a,27,1,
00:01:06 fe80::212:6d02:0:3005,ff02::1a,18,1,
00:01:06 fe80::212:6d02:0:3005,fe80::212:6d02:0:400d,19,2,
00:01:06 ,19,,
00:01:06 fe80::212:6d02:0:3005,fe80::212:6d02:0:400d,20,2,
00:01:06 ,20,,
00:01:06 fe80::212:6d02:0:310d,ff02::1a,28,1,
00:01:06 fe80::212:6d02:0:4012,ff02::1a,33,1,
00:01:06 fe80::212:6d02:0:400d,ff02::1a,37,1,
00:01:06 fe80::212:6d02:0:3005,ff02::1a,21,1,
00:01:06 fe80::212:6d02:0:4012,ff02::1a,34,1,
00:01:06 fe80::212:6d02:0:400d,ff02::1a,38,1,
00:01:06 fe80::212:6d02:0:310d,ff02::1a,29,1,
00:01:07 fe80::212:6d02:0:3005,ff02::1a,22,1,
00:01:08 fe80::212:6d02:0:3005,ff02::2,23,0,1
00:01:08 fe80::212:6d02:0:400d,fe80::212:6d02:0:3005,39,0,1,3
00:01:08 ,39,,
00:01:08 fe80::212:6d02:0:4012,ff02::1a,35,1,
00:01:08 fe80::212:6d02:0:400d,ff02::1a,40,1,
00:01:09 fe80::212:6d02:0:3005,ff02::1a,24,1,
00:01:09 fe80::212:6d02:0:310d,ff02::1a,30,1,
00:01:09 fe80::212:6d02:0:310d,ff02::2,31,0,1
00:01:09 fe80::212:6d02:0:400d,fe80::212:6d02:0:310d,41,0,1,3
00:01:09 ,41,,
00:01:11 fe80::212:6d02:0:3005,ff02::1a,25,1,
00:01:11 fe80::212:6d02:0:310d,ff02::1a,32,1,
00:01:13 fe80::212:6d02:0:4012,ff02::1a,36,1,
00:01:13 fe80::212:6d02:0:400d,ff02::1a,42,1,
00:01:18 fe80::212:6d02:0:310d,ff02::1a,33,1,
00:01:18 fe80::212:6d02:0:4012,ff02::1a,37,1,
00:01:18 fe80::212:6d02:0:400d,ff02::1a,43,1,
00:01:19 fe80::212:6d02:0:3005,ff02::1a,26,1,
00:01:26 fe80::212:6d02:0:400f,ff02::1a,17,0,
00:01:27 fe80::212:6d02:0:4012,ff02::1a,38,1,
00:01:27 fe80::212:6d02:0:400d,ff02::1a,44,1,
00:01:27 fe80::212:6d02:0:310d,ff02::1a,34,1,
00:01:27 fe80::212:6d02:0:3005,ff02::1a,27,1,
00:01:27 fe80::212:6d02:0:400f,ff02::1a,18,1,
00:01:27 fe80::212:6d02:0:400f,fe80::212:6d02:0:400d,19,2,
00:01:27 ,19,,
00:01:27 fe80::212:6d02:0:400f,fe80::212:6d02:0:400d,20,2,
00:01:27 ,20,,
00:01:27 fe80::212:6d02:0:4012,ff02::1a,39,1,
00:01:28 fe80::212:6d02:0:310d,ff02::1a,35,1,
00:01:28 fe80::212:6d02:0:400d,ff02::1a,45,1,
00:01:28 ,28,,
00:01:28 fe80::212:6d02:0:400f,ff02::1a,21,1,
00:01:28 fe80::212:6d02:0:310d,ff02::1a,36,1,
00:01:28 fe80::212:6d02:0:3005,ff02::1a,29,1,
00:01:28 fe80::212:6d02:0:400d,ff02::1a,46,1,
00:01:28 ,40,,
00:01:28 fe80::212:6d02:0:400f,ff02::1a,22,1,
00:01:29 fe80::212:6d02:0:400f,ff02::2,23,0,1
00:01:29 fe80::212:6d02:0:400d,fe80::212:6d02:0:400f,47,0,1,3
00:01:29 ,47,,
00:01:30 fe80::212:6d02:0:310d,ff02::1a,37,1,
00:01:30 fe80::212:6d02:0:4012,ff02::1a,41,1,
00:01:30 fe80::212:6d02:0:400f,ff02::1a,24,1,
00:01:30 fe80::212:6d02:0:3005,ff02::1a,30,1,
00:01:33 fe80::212:6d02:0:400f,ff02::1a,25,1,
00:01:33 fe80::212:6d02:0:400d,ff02::1a,49,1,
00:01:34 fe80::212:6d02:0:310d,ff02::1a,38,1,
00:01:34 fe80::212:6d02:0:4012,ff02::1a,42,1,
00:01:34 fe80::212:6d02:0:3005,ff02::1a,31,1,
00:01:39 fe80::212:6d02:0:4012,ff02::1a,43,1,
00:01:40 fe80::212:6d02:0:310d,ff02::1a,39,1,
00:01:40 fe80::212:6d02:0:3005,ff02::1a,32,1,
00:01:40 fe80::212:6d02:0:400f,ff02::1a,26,1,
00:01:41 fe80::212:6d02:0:400d,ff02::1a,50,1,
00:01:46 fe80::212:6d02:0:4035,ff02::1a,17,0,
00:01:46 fe80::212:6d02:0:4012,ff02::1a,44,1,
00:01:46 fe80::212:6d02:0:310d,ff02::1a,40,1,
00:01:46 fe80::212:6d02:0:3005,ff02::1a,33,1,
00:01:46 fe80::212:6d02:0:400d,ff02::1a,51,1,
00:01:46 fe80::212:6d02:0:400f,ff02::1a,27,1,
00:01:46 fe80::212:6d02:0:4035,ff02::1a,18,1,
00:01:46 fe80::212:6d02:0:4035,fe80::212:6d02:0:400d,19,2,
00:01:46 ,19,,
00:01:46 fe80::212:6d02:0:4035,fe80::212:6d02:0:400d,20,2,
00:01:46 ,20,,
00:01:46 fe80::212:6d02:0:310d,ff02::1a,41,1,
00:01:46 fe80::212:6d02:0:3005,ff02::1a,34,1,
00:01:46 fe80::212:6d02:0:400f,ff02::1a,28,1,
00:01:47 fe80::212:6d02:0:400d,ff02::1a,52,1,
00:01:47 fe80::212:6d02:0:4012,ff02::1a,45,1,
00:01:47 fe80::212:6d02:0:4035,ff02::1a,21,1,
00:01:48 fe80::212:6d02:0:3005,ff02::1a,35,1,
00:01:48 fe80::212:6d02:0:4012,ff02::1a,46,1,
00:01:48 fe80::212:6d02:0:400f,ff02::1a,29,1,
00:01:48 fe80::212:6d02:0:310d,ff02::1a,42,1,
00:01:48 fe80::212:6d02:0:4035,ff02::1a,22,1,
00:01:48 fe80::212:6d02:0:400d,ff02::1a,53,1,
00:01:49 fe80::212:6d02:0:4035,ff02::2,23,0,1
00:01:49 fe80::212:6d02:0:400d,fe80::212:6d02:0:4035,54,0,1,3
00:01:49 ,54,,
00:01:49 fe80::212:6d02:0:4012,ff02::1a,47,1,
00:01:49 fe80::212:6d02:0:3005,ff02::1a,36,1,
00:01:49 fe80::212:6d02:0:310d,ff02::1a,43,1,
00:01:49 fe80::212:6d02:0:4035,ff02::1a,24,1,
00:01:49 fe80::212:6d02:0:400d,ff02::1a,55,1,
00:01:49 fe80::212:6d02:0:400f,ff02::1a,30,1,
00:01:52 fe80::212:6d02:0:4035,ff02::1a,25,1,
00:01:52 fe80::212:6d02:0:400d,ff02::1a,56,1,
00:01:54 fe80::212:6d02:0:4012,ff02::1a,48,1,
00:01:54 fe80::212:6d02:0:3005,ff02::1a,37,1,
00:01:54 fe80::212:6d02:0:310d,ff02::1a,44,1,
00:01:54 fe80::212:6d02:0:400f,ff02::1a,31,1,
00:01:58 fe80::212:6d02:0:4012,ff02::1a,49,1,
00:01:59 fe80::212:6d02:0:310d,ff02::1a,45,1,
00:01:59 fe80::212:6d02:0:400f,ff02::1a,32,1,
00:01:59 fe80::212:6d02:0:3005,ff02::1a,38,1,
00:02:00 fe80::212:6d02:0:4035,ff02::1a,26,1,
00:02:02 fe80::212:6d02:0:400d,ff02::1a,57,1,
00:02:06 fe80::212:6d02:0:304e,ff02::1a,17,0,
00:02:06 fe80::212:6d02:0:310d,ff02::1a,46,1,
00:02:06 fe80::212:6d02:0:3005,ff02::1a,39,1,
00:02:06 fe80::212:6d02:0:400d,ff02::1a,58,1,
00:02:06 fe80::212:6d02:0:4012,ff02::1a,50,1,
00:02:06 fe80::212:6d02:0:4035,ff02::1a,27,1,
00:02:06 fe80::212:6d02:0:304e,ff02::1a,18,1,
00:02:06 fe80::212:6d02:0:304e,fe80::212:6d02:0:400d,19,2,
00:02:06 ,19,,
00:02:06 fe80::212:6d02:0:400f,ff02::1a,34,1,
00:02:06 fe80::212:6d02:0:4012,ff02::1a,51,1,
00:02:06 fe80::212:6d02:0:400d,ff02::1a,59,1,
00:02:07 fe80::212:6d02:0:4035,ff02::1a,28,1,
00:02:07 fe80::212:6d02:0:310d,ff02::1a,47,1,
00:02:07 fe80::212:6d02:0:304e,ff02::1a,20,1,
00:02:08 fe80::212:6d02:0:400f,ff02::1a,35,1,
00:02:08 fe80::212:6d02:0:310d,ff02::1a,48,1,
00:02:08 fe80::212:6d02:0:4035,ff02::1a,29,1,
00:02:08 fe80::212:6d02:0:400d,ff02::1a,60,1,
00:02:08 fe80::212:6d02:0:3005,ff02::1a,41,1,
00:02:08 fe80::212:6d02:0:304e,ff02::1a,21,1,
00:02:08 fe80::212:6d02:0:4012,ff02::1a,52,1,
00:02:09 fe80::212:6d02:0:304e,ff02::2,22,0,1
00:02:09 fe80::212:6d02:0:400d,fe80::212:6d02:0:304e,61,0,1,3
00:02:09 ,61,,
00:02:09 fe80::212:6d02:0:400d,ff02::1a,62,1,
00:02:09 fe80::212:6d02:0:310d,ff02::1a,49,1,
00:02:09 fe80::212:6d02:0:400f,ff02::1a,36,1,
00:02:09 fe80::212:6d02:0:3005,ff02::1a,42,1,
00:02:09 fe80::212:6d02:0:304e,ff02::1a,23,1,
00:02:09 fe80::212:6d02:0:4035,ff02::1a,30,1,
00:02:10 fe80::212:6d02:0:4012,ff02::1a,53,1,
00:02:12 ,54,,
00:02:12 fe80::212:6d02:0:304e,ff02::1a,24,1,
00:02:13 fe80::212:6d02:0:400d,ff02::1a,63,1,
00:02:14 fe80::212:6d02:0:310d,ff02::1a,50,1,
00:02:14 fe80::212:6d02:0:400f,ff02::1a,37,1,
00:02:14 fe80::212:6d02:0:3005,ff02::1a,43,1,
00:02:14 fe80::212:6d02:0:4035,ff02::1a,31,1,
00:02:18 fe80::212:6d02:0:310d,ff02::1a,51,1,
00:02:19 fe80::212:6d02:0:4035,ff02::1a,32,1,
00:02:19 fe80::212:6d02:0:3005,ff02::1a,44,1,
00:02:19 fe80::212:6d02:0:400f,ff02::1a,38,1,
00:02:19 fe80::212:6d02:0:304e,ff02::1a,25,1,
00:02:19 fe80::212:6d02:0:400d,ff02::1a,64,1,
00:02:21 ,55,,
00:02:26 fe80::212:6d02:0:3041,ff02::1a,17,0,
00:02:26 fe80::212:6d02:0:3005,ff02::1a,45,1,
00:02:26 fe80::212:6d02:0:400f,ff02::1a,39,1,
00:02:26 fe80::212:6d02:0:400d,ff02::1a,65,1,
00:02:26 fe80::212:6d02:0:310d,ff02::1a,52,1,
00:02:26 fe80::212:6d02:0:4035,ff02::1a,33,1,
00:02:27 fe80::212:6d02:0:304e,ff02::1a,26,1,
00:02:27 fe80::212:6d02:0:4012,ff02::1a,56,1,
00:02:27 fe80::212:6d02:0:3041,ff02::1a,18,1,
00:02:27 fe80::212:6d02:0:3041,fe80::212:6d02:0:400d,19,2,
00:02:27 ,19,,
00:02:27 fe80::212:6d02:0:3041,fe80::212:6d02:0:400d,20,2,
00:02:27 ,20,,
00:02:27 fe80::212:6d02:0:400d,ff02::1a,66,1,
00:02:27 fe80::212:6d02:0:400f,ff02::1a,40,1,
00:02:27 fe80::212:6d02:0:4035,ff02::1a,34,1,
00:02:27 fe80::212:6d02:0:310d,ff02::1a,53,1,
00:02:27 fe80::212:6d02:0:304e,ff02::1a,27,1,
00:02:27 fe80::212:6d02:0:4012,ff02::1a,57,1,
00:02:27 fe80::212:6d02:0:3005,ff02::1a,46,1,
00:02:27 fe80::212:6d02:0:3041,ff02::1a,21,1,
00:02:28 fe80::212:6d02:0:4035,ff02::1a,35,1,
00:02:28 fe80::212:6d02:0:3005,ff02::1a,47,1,
00:02:28 fe80::212:6d02:0:304e,ff02::1a,28,1,
00:02:28 fe80::212:6d02:0:3041,ff02::1a,22,1,
00:02:28 fe80::212:6d02:0:400d,ff02::1a,67,1,
00:02:28 fe80::212:6d02:0:4012,ff02::1a,58,1,
00:02:28 fe80::212:6d02:0:310d,ff02::1a,54,1,
00:02:29 fe80::212:6d02:0:3041,ff02::2,23,0,1
00:02:29 fe80::212:6d02:0:400d,fe80::212:6d02:0:3041,68,0,1,3
00:02:29 ,68,,
00:02:29 fe80::212:6d02:0:3005,ff02::1a,48,1,
00:02:29 fe80::212:6d02:0:4035,ff02::1a,36,1,
00:02:30 fe80::212:6d02:0:400f,ff02::1a,42,1,
00:02:30 fe80::212:6d02:0:4012,ff02::1a,59,1,
00:02:30 fe80::212:6d02:0:400d,ff02::1a,69,1,
00:02:30 fe80::212:6d02:0:3041,ff02::1a,24,1,
00:02:30 fe80::212:6d02:0:304e,ff02::1a,29,1,
00:02:30 fe80::212:6d02:0:310d,ff02::1a,55,1,
00:02:32 fe80::212:6d02:0:310d,ff02::1a,56,1,
00:02:32 fe80::212:6d02:0:3041,ff02::1a,25,1,
00:02:33 fe80::212:6d02:0:400d,ff02::1a,70,1,
00:02:33 fe80::212:6d02:0:4012,ff02::1a,60,1,
00:02:34 fe80::212:6d02:0:4035,ff02::1a,37,1,
00:02:34 fe80::212:6d02:0:3005,ff02::1a,49,1,
00:02:34 fe80::212:6d02:0:400f,ff02::1a,43,1,
00:02:34 fe80::212:6d02:0:304e,ff02::1a,30,1,
00:02:39 fe80::212:6d02:0:3005,ff02::1a,50,1,
00:02:39 fe80::212:6d02:0:400f,ff02::1a,44,1,
00:02:39 fe80::212:6d02:0:4035,ff02::1a,38,1,
00:02:39 fe80::212:6d02:0:304e,ff02::1a,31,1,
00:02:40 fe80::212:6d02:0:3041,ff02::1a,26,1,
00:02:41 fe80::212:6d02:0:4012,ff02::1a,61,1,
00:02:41 fe80::212:6d02:0:310d,ff02::1a,57,1,
00:02:41 fe80::212:6d02:0:400d,ff02::1a,71,1,
00:02:46 fe80::212:6d02:0:4043,ff02::1a,17,0,
00:02:46 fe80::212:6d02:0:400f,ff02::1a,45,1,
00:02:46 fe80::212:6d02:0:4035,ff02::1a,39,1,
00:02:46 fe80::212:6d02:0:400d,ff02::1a,72,1,
00:02:46 fe80::212:6d02:0:304e,ff02::1a,32,1,
00:02:46 fe80::212:6d02:0:3005,ff02::1a,51,1,
00:02:46 fe80::212:6d02:0:310d,ff02::1a,58,1,
00:02:46 fe80::212:6d02:0:4012,ff02::1a,62,1,
00:02:46 fe80::212:6d02:0:3041,ff02::1a,27,1,
00:02:46 fe80::212:6d02:0:4043,ff02::1a,18,1,
00:02:46 fe80::212:6d02:0:4043,fe80::212:6d02:0:400d,19,2,
00:02:46 ,19,,
00:02:46 fe80::212:6d02:0:4043,fe80::212:6d02:0:400d,20,2,
00:02:46 ,20,,
00:02:46 fe80::212:6d02:0:4035,ff02::1a,40,1,
00:02:47 fe80::212:6d02:0:304e,ff02::1a,33,1,
00:02:47 fe80::212:6d02:0:310d,ff02::1a,59,1,
00:02:47 fe80::212:6d02:0:3005,ff02::1a,52,1,
00:02:47 fe80::212:6d02:0:400d,ff02::1a,73,1,
00:02:47 fe80::212:6d02:0:4012,ff02::1a,63,1,
00:02:47 fe80::212:6d02:0:400f,ff02::1a,46,1,
00:02:47 fe80::212:6d02:0:3041,ff02::1a,28,1,
00:02:47 fe80::212:6d02:0:4043,ff02::1a,21,1,
00:02:47 fe80::212:6d02:0:304e,ff02::1a,34,1,
00:02:47 fe80::212:6d02:0:400f,ff02::1a,47,1,
00:02:47 fe80::212:6d02:0:3041,ff02::1a,29,1,
00:02:47 fe80::212:6d02:0:4012,ff02::1a,64,1,
00:02:47 fe80::212:6d02:0:310d,ff02::1a,60,1,
00:02:47 fe80::212:6d02:0:4035,ff02::1a,41,1,
00:02:47 fe80::212:6d02:0:4043,ff02::1a,22,1,
00:02:47 fe80::212:6d02:0:400d,ff02::1a,74,1,
00:02:48 fe80::212:6d02:0:3005,ff02::1a,53,1,
00:02:48 fe80::212:6d02:0:4043,ff02::2,23,0,1
00:02:48 ,75,,
00:02:49 fe80::212:6d02:0:400f,ff02::1a,48,1,
00:02:49 fe80::212:6d02:0:304e,ff02::1a,35,1,
00:02:49 fe80::212:6d02:0:400d,ff02::1a,76,1,
00:02:49 fe80::212:6d02:0:310d,ff02::1a,61,1,
00:02:49 fe80::212:6d02:0:4012,ff02::1a,65,1,
00:02:49 fe80::212:6d02:0:4035,ff02::1a,42,1,
00:02:49 fe80::212:6d02:0:4043,ff02::1a,24,1,
00:02:50 fe80::212:6d02:0:3041,ff02::1a,30,1,
00:02:50 fe80::212:6d02:0:3005,ff02::1a,54,1,
00:02:52 fe80::212:6d02:0:3005,ff02::1a,55,1,
00:02:52 fe80::212:6d02:0:4012,ff02::1a,66,1,
00:02:53 ,25,,
00:02:53 fe80::212:6d02:0:310d,ff02::1a,62,1,
00:02:53 fe80::212:6d02:0:400d,ff02::1a,77,1,
00:02:53 fe80::212:6d02:0:400f,ff02::1a,49,1,
00:02:53 fe80::212:6d02:0:304e,ff02::1a,36,1,
00:02:54 fe80::212:6d02:0:4035,ff02::1a,43,1,
00:02:54 fe80::212:6d02:0:3041,ff02::1a,31,1,
00:02:58 fe80::212:6d02:0:4035,ff02::1a,44,1,
00:02:59 fe80::212:6d02:0:304e,ff02::1a,37,1,
00:02:59 fe80::212:6d02:0:3041,ff02::1a,32,1,
00:02:59 fe80::212:6d02:0:400d,ff02::1a,78,1,
00:02:59 ,119,,
00:03:00 fe80::212:6d02:0:4012,ff02::1a,67,1,
00:03:01 fe80::212:6d02:0:310d,ff02::1a,63,1,
00:03:01 fe80::212:6d02:0:3005,ff02::1a,56,1,
00:03:06 fe80::212:6d02:0:4013,ff02::1a,17,0,
00:03:06 fe80::212:6d02:0:4035,ff02::1a,45,1,
00:03:06 fe80::212:6d02:0:4012,ff02::1a,68,1,
00:03:06 fe80::212:6d02:0:400d,ff02::1a,79,1,
00:03:06 fe80::212:6d02:0:400f,ff02::1a,51,1,
00:03:06 fe80::212:6d02:0:3041,ff02::1a,33,1,
00:03:06 fe80::212:6d02:0:310d,ff02::1a,64,1,
00:03:06 fe80::212:6d02:0:3005,ff02::1a,57,1,
00:03:06 fe80::212:6d02:0:4043,ff02::1a,27,1,
00:03:06 fe80::212:6d02:0:4013,ff02::1a,18,1,
00:03:06 fe80::212:6d02:0:4013,fe80::212:6d02:0:400d,19,2,
00:03:06 ,19,,
00:03:06 fe80::212:6d02:0:4013,fe80::212:6d02:0:400d,20,2,
00:03:06 ,20,,
00:03:06 fe80::212:6d02:0:304e,ff02::1a,39,1,
00:03:06 fe80::212:6d02:0:3041,ff02::1a,34,1,
00:03:06 fe80::212:6d02:0:310d,ff02::1a,65,1,
00:03:06 fe80::212:6d02:0:3005,ff02::1a,58,1,
00:03:07 fe80::212:6d02:0:400d,ff02::1a,80,1,
00:03:07 fe80::212:6d02:0:400f,ff02::1a,52,1,
00:03:07 fe80::212:6d02:0:4043,ff02::1a,28,1,
00:03:07 fe80::212:6d02:0:4035,ff02::1a,46,1,
00:03:07 fe80::212:6d02:0:4012,ff02::1a,69,1,
00:03:07 fe80::212:6d02:0:4013,ff02::1a,21,1,
00:03:07 fe80::212:6d02:0:3041,ff02::1a,35,1,
00:03:07 fe80::212:6d02:0:400d,ff02::1a,81,1,
00:03:07 fe80::212:6d02:0:4035,ff02::1a,47,1,
00:03:07 fe80::212:6d02:0:4043,ff02::1a,29,1,
00:03:07 fe80::212:6d02:0:310d,ff02::1a,66,1,
00:03:07 fe80::212:6d02:0:304e,ff02::1a,40,1,
00:03:07 fe80::212:6d02:0:3005,ff02::1a,59,1,
00:03:07 fe80::212:6d02:0:4013,ff02::1a,22,1,
00:03:08 fe80::212:6d02:0:4012,ff02::1a,70,1,
00:03:08 fe80::212:6d02:0:400f,ff02::1a,53,1,
00:03:09 fe80::212:6d02:0:4013,ff02::2,23,0,1
00:03:09 fe80::212:6d02:0:400d,fe80::212:6d02:0:4013,82,0,1,3
00:03:09 ,82,,
00:03:09 fe80::212:6d02:0:3041,ff02::1a,36,1,
00:03:09 fe80::212:6d02:0:310d,ff02::1a,67,1,
00:03:09 fe80::212:6d02:0:304e,ff02::1a,41,1,
00:03:09 fe80::212:6d02:0:3005,ff02::1a,60,1,
00:03:09 fe80::212:6d02:0:4013,ff02::1a,24,1,
00:03:09 fe80::212:6d02:0:4043,ff02::1a,30,1,
00:03:10 fe80::212:6d02:0:400f,ff02::1a,54,1,
00:03:10 fe80::212:6d02:0:400d,ff02::1a,83,1,
00:03:10 fe80::212:6d02:0:4012,ff02::1a,71,1,
00:03:12 fe80::212:6d02:0:400f,ff02::1a,55,1,
00:03:12 fe80::212:6d02:0:310d,ff02::1a,68,1,
00:03:12 fe80::212:6d02:0:4013,ff02::1a,25,1,
00:03:13 fe80::212:6d02:0:3005,ff02::1a,61,1,
00:03:13 fe80::212:6d02:0:4012,ff02::1a,72,1,
00:03:14 fe80::212:6d02:0:400d,ff02::1a,84,1,
00:03:14 fe80::212:6d02:0:3041,ff02::1a,37,1,
00:03:14 fe80::212:6d02:0:4035,ff02::1a,49,1,
00:03:14 fe80::212:6d02:0:304e,ff02::1a,42,1,
00:03:14 ,31,,
00:03:18 fe80::212:6d02:0:4035,ff02::1a,50,1,
00:03:19 fe80::212:6d02:0:304e,ff02::1a,43,1,
00:03:19 fe80::212:6d02:0:3041,ff02::1a,38,1,
00:03:19 fe80::212:6d02:0:4043,ff02::1a,32,1,
00:03:19 fe80::212:6d02:0:4013,ff02::1a,26,1,
00:03:20 fe80::212:6d02:0:310d,ff02::1a,69,1,
00:03:20 fe80::212:6d02:0:400f,ff02::1a,56,1,
00:03:20 fe80::212:6d02:0:3005,ff02::1a,62,1,
00:03:21 fe80::212:6d02:0:400d,ff02::1a,85,1,
00:03:21 fe80::212:6d02:0:4012,ff02::1a,73,1,
00:03:26 fe80::212:6d02:0:4034,ff02::1a,17,0,
00:03:26 fe80::212:6d02:0:304e,ff02::1a,44,1,
00:03:26 fe80::212:6d02:0:310d,ff02::1a,70,1,
00:03:26 fe80::212:6d02:0:4012,ff02::1a,74,1,
00:03:26 fe80::212:6d02:0:3041,ff02::1a,39,1,
00:03:26 fe80::212:6d02:0:400d,ff02::1a,86,1,
00:03:26 fe80::212:6d02:0:4035,ff02::1a,51,1,
00:03:26 fe80::212:6d02:0:4043,ff02::1a,33,1,
00:03:26 fe80::212:6d02:0:3005,ff02::1a,63,1,
00:03:26 fe80::212:6d02:0:4013,ff02::1a,27,1,
00:03:26 fe80::212:6d02:0:400f,ff02::1a,57,1,
00:03:26 fe80::212:6d02:0:4034,ff02::1a,18,1,
00:03:26 fe80::212:6d02:0:4034,fe80::212:6d02:0:400d,19,2,
00:03:26 ,19,,
00:03:26 fe80::212:6d02:0:3041,ff02::1a,40,1,
00:03:26 fe80::212:6d02:0:4034,fe80::212:6d02:0:400d,20,2,
00:03:26 ,20,,
00:03:27 fe80::212:6d02:0:4043,ff02::1a,34,1,
00:03:27 fe80::212:6d02:0:400d,ff02::1a,87,1,
00:03:27 fe80::212:6d02:0:4035,ff02::1a,52,1,
00:03:27 fe80::212:6d02:0:3005,ff02::1a,64,1,
00:03:27 fe80::212:6d02:0:4012,ff02::1a,75,1,
00:03:27 fe80::212:6d02:0:310d,ff02::1a,71,1,
00:03:27 fe80::212:6d02:0:304e,ff02::1a,45,1,
00:03:27 fe80::212:6d02:0:400f,ff02::1a,58,1,
00:03:27 fe80::212:6d02:0:4013,ff02::1a,28,1,
00:03:27 fe80::212:6d02:0:4034,ff02::1a,21,1,
00:03:28 fe80::212:6d02:0:4043,ff02::1a,35,1,
00:03:28 fe80::212:6d02:0:304e,ff02::1a,46,1,
00:03:28 fe80::212:6d02:0:4013,ff02::1a,29,1,
00:03:28 fe80::212:6d02:0:3005,ff02::1a,65,1,
00:03:28 fe80::212:6d02:0:4012,ff02::1a,76,1,
00:03:28 fe80::212:6d02:0:4034,ff02::1a,22,1,
00:03:28 fe80::212:6d02:0:400f,ff02::1a,59,1,
00:03:28 fe80::212:6d02:0:310d,ff02::1a,72,1,
00:03:28 fe80::212:6d02:0:400d,ff02::1a,88,1,
00:03:28 fe80::212:6d02:0:4035,ff02::1a,53,1,
00:03:29 fe80::212:6d02:0:4034,ff02::2,23,0,1
00:03:29 fe80::212:6d02:0:400d,fe80::212:6d02:0:4034,89,0,1,3
00:03:29 ,89,,
00:03:29 fe80::212:6d02:0:304e,ff02::1a,47,1,
00:03:29 fe80::212:6d02:0:4012,ff02::1a,77,1,
00:03:29 fe80::212:6d02:0:4043,ff02::1a,36,1,
00:03:29 fe80::212:6d02:0:3041,ff02::1a,42,1,
00:03:29 fe80::212:6d02:0:3005,ff02::1a,66,1,
00:03:29 fe80::212:6d02:0:400d,ff02::1a,90,1,
00:03:29 fe80::212:6d02:0:4034,ff02::1a,24,1,
00:03:29 fe80::212:6d02:0:400f,ff02::1a,60,1,
00:03:30 fe80::212:6d02:0:4013,ff02::1a,30,1,
00:03:30 fe80::212:6d02:0:4035,ff02::1a,54,1,
00:03:30 fe80::212:6d02:0:310d,ff02::1a,73,1,
00:03:32 fe80::212:6d02:0:4035,ff02::1a,55,1,
00:03:33 fe80::212:6d02:0:3005,ff02::1a,67,1,
00:03:33 fe80::212:6d02:0:4034,ff02::1a,25,1,
00:03:33 fe80::212:6d02:0:400f,ff02::1a,61,1,
00:03:33 fe80::212:6d02:0:310d,ff02::1a,74,1,
00:03:34 fe80::212:6d02:0:4043,ff02::1a,37,1,
00:03:34 fe80::212:6d02:0:304e,ff02::1a,48,1,
00:03:34 fe80::212:6d02:0:4012,ff02::1a,78,1,
00:03:34 fe80::212:6d02:0:3041,ff02::1a,43,1,
00:03:34 fe80::212:6d02:0:400d,ff02::1a,91,1,
00:03:34 ,31,,
00:03:38 fe80::212:6d02:0:400d,ff02::1a,92,1,
00:03:39 fe80::212:6d02:0:304e,ff02::1a,49,1,
00:03:39 fe80::212:6d02:0:3041,ff02::1a,44,1,
00:03:39 fe80::212:6d02:0:4043,ff02::1a,38,1,
00:03:39 ,32,,
00:03:40 fe80::212:6d02:0:4034,ff02::1a,26,1,
00:03:41 fe80::212:6d02:0:3005,ff02::1a,68,1,
00:03:41 fe80::212:6d02:0:400f,ff02::1a,62,1,
00:03:41 fe80::212:6d02:0:4035,ff02::1a,56,1,
00:03:41 fe80::212:6d02:0:4012,ff02::1a,79,1,
00:03:41 fe80::212:6d02:0:310d,ff02::1a,75,1,
00:03:53 fe80::212:6d02:0:304e,ff02::1a,50,1,
00:03:54 fe80::212:6d02:0:4012,ff02::1a,80,1,
00:03:55 fe80::212:6d02:0:4035,ff02::1a,57,1,
00:03:56 fe80::212:6d02:0:3005,ff02::1a,69,1,
00:03:56 fe80::212:6d02:0:400f,ff02::1a,63,1,
00:03:56 fe80::212:6d02:0:310d,ff02::1a,76,1,
00:03:56 fe80::212:6d02:0:4034,ff02::1a,27,1,
00:03:57 fe80::212:6d02:0:4043,ff02::1a,39,1,
00:03:58 fe80::212:6d02:0:4013,ff02::1a,33,1,
00:03:58 fe80::212:6d02:0:3041,ff02::1a,45,1,
00:03:58 fe80::212:6d02:0:400d,ff02::1a,93,1,
