1463083273,2001:470:83ae:2:212:6d02::4040,1,0,0,0,0,0,0,255,0,0,0,0
1463083273,2001:470:83ae:2:212:6d02::4040,2,1,1,0,0,1,0,1,0,0,0,0
1463083273,2001:470:83ae:2:212:6d02::4040,3,4,4,2,0,1,0,1,0,0,0,0
1463083273,2001:470:83ae:2:212:6d02::4040,4,1,1,0,0,1,0,255,0,0,0,0
1463083273,2001:470:83ae:2:212:6d02::4040,5,0,0,0,0,0,0,255,0,0,0,0
1463083274,2001:470:83ae:2:212:6d02::4040,6,0,0,0,0,0,0,255,0,0,0,0
1463083274,2001:470:83ae:2:212:6d02::4040,7,3,3,1,0,1,0,1,0,0,0,0
1463083274,2001:470:83ae:2:212:6d02::4040,8,1,1,1,0,0,0,1,0,0,0,0
1463083274,2001:470:83ae:2:212:6d02::4040,9,1,1,1,0,0,0,1,0,0,0,0
1463083275,2001:470:83ae:2:212:6d02::4040,10,0,0,0,0,0,0,1,0,0,0,0
1463083275,2001:470:83ae:2:212:6d02::4040,11,1,1,0,0,1,0,1,0,0,0,0
1463083275,2001:470:83ae:2:212:6d02::4040,12,1,1,1,0,0,0,1,0,0,0,0
1463083275,2001:470:83ae:2:212:6d02::4040,13,1,1,0,0,0,0,1,0,0,0,0
1463083276,2001:470:83ae:2:212:6d02::4040,14,0,0,0,0,0,0,1,0,0,0,0
1463083276,2001:470:83ae:2:212:6d02::4040,15,0,0,0,0,0,0,1,0,0,0,0
1463083276,2001:470:83ae:2:212:6d02::4040,16,0,0,0,0,0,0,1,0,0,0,0
1463083276,2001:470:83ae:2:212:6d02::4040,17,0,0,0,0,0,0,1,0,0,0,0
1463083276,2001:470:83ae:2:212:6d02::4040,18,0,0,0,0,0,0,1,0,0,0,0
1463083276,2001:470:83ae:2:212:6d02::4040,19,2,2,1,0,0,0,1,0,0,0,0
1463083277,2001:470:83ae:2:212:6d02::4040,20,0,0,0,0,0,0,1,0,0,0,0
1463083277,2001:470:83ae:2:212:6d02::4040,21,0,0,0,0,0,0,1,0,0,0,0
1463083277,2001:470:83ae:2:212:6d02::4040,22,1,1,0,0,1,0,1,0,0,0,0
1463083277,2001:470:83ae:2:212:6d02::4040,23,0,0,0,0,0,0,1,0,0,0,0
1463083277,2001:470:83ae:2:212:6d02::4040,24,0,0,0,0,0,0,1,0,0,0,0
1463083277,2001:470:83ae:2:212:6d02::4040,25,2,2,0,0,0,0,1,0,0,0,0
1463083278,2001:470:83ae:2:212:6d02::4040,26,0,0,0,0,0,0,1,0,0,0,0
1463083278,2001:470:83ae:2:212:6d02::4040,27,1,1,1,0,0,0,1,0,0,0,0
1463083278,2001:470:83ae:2:212:6d02::4040,28,0,0,0,0,0,0,1,0,0,0,0
1463083278,2001:470:83ae:2:212:6d02::4040,29,0,0,0,0,0,0,1,0,0,0,0
1463083278,2001:470:83ae:2:212:6d02::4040,30,0,0,0,0,0,0,1,0,0,0,0
1463083278,2001:470:83ae:2:212:6d02::4040,31,2,2,0,0,0,0,1,0,0,0,0
1463083279,2001:470:83ae:2:212:6d02::4040,32,0,0,0,0,0,0,1,0,0,0,0
1463083279,2001:470:83ae:2:212:6d02::4040,33,0,0,0,0,0,0,1,0,0,0,0
1463083279,2001:470:83ae:2:212:6d02::4040,34,0,0,0,0,0,0,1,0,0,0,0
1463083279,2001:470:83ae:2:212:6d02::4040,35,0,0,0,0,0,0,1,0,0,0,0
1463083279,2001:470:83ae:2:212:6d02::4040,36,0,0,0,0,0,0,1,0,0,0,0
1463083280,2001:470:83ae:2:212:6d02::4040,37,2,2,0,0,0,0,1,0,0,0,0
1463083280,2001:470:83ae:2:212:6d02::4040,38,0,0,0,0,0,0,1,0,0,0,0
1463083280,2001:470:83ae:2:212:6d02::4040,39,0,0,0,0,0,0,1,0,0,0,0
1463083280,2001:470:83ae:2:212:6d02::4040,40,0,0,0,0,0,0,1,0,0,0,0
1463083280,2001:470:83ae:2:212:6d02::4040,41,0,0,0,0,0,0,1,0,0,0,0
1463083280,2001:470:83ae:2:212:6d02::4040,42,0,0,0,0,0,0,1,0,0,0,0
1463083281,2001:470:83ae:2:212:6d02::4040,43,2,2,0,0,0,0,1,0,0,0,0
1463083281,2001:470:83ae:2:212:6d02::4040,44,0,0,0,0,0,0,1,0,0,0,0
1463083281,2001:470:83ae:2:212:6d02::4040,45,0,0,0,0,0,0,1,0,0,0,0
1463083281,2001:470:83ae:2:212:6d02::4040,46,0,0,0,0,0,0,1,0,0,0,0
1463083281,2001:470:83ae:2:212:6d02::4040,47,0,0,0,0,0,0,1,0,0,0,0
1463083281,2001:470:83ae:2:212:6d02::4040,48,0,0,0,0,0,0,1,0,0,0,0
1463083282,2001:470:83ae:2:212:6d02::4040,49,2,2,0,0,0,0,1,0,0,0,0
1463083282,2001:470:83ae:2:212:6d02::4040,50,1,1,1,0,0,0,1,0,0,0,0
1463083282,2001:470:83ae:2:212:6d02::4040,51,0,0,0,0,0,0,1,0,0,0,0
1463083282,2001:470:83ae:2:212:6d02::4040,52,0,0,0,0,0,0,1,0,0,0,0
1463083282,2001:470:83ae:2:212:6d02::4040,53,0,0,0,0,0,0,1,0,0,0,0
1463083282,2001:470:83ae:2:212:6d02::4040,54,0,0,0,0,0,0,1,0,0,0,0
1463083283,2001:470:83ae:2:212:6d02::4040,55,2,2,0,0,0,0,1,0,0,0,0
1463083283,2001:470:83ae:2:212:6d02::4040,56,0,0,0,0,0,0,1,0,0,0,0
1463083283,2001:470:83ae:2:212:6d02::4040,57,0,0,0,0,0,0,1,0,0,0,0
1463083283,2001:470:83ae:2:212:6d02::4040,58,0,0,0,0,0,0,1,0,0,0,0
1463083283,2001:470:83ae:2:212:6d02::4040,59,0,0,0,0,0,0,1,0,0,0,0
1463083283,2001:470:83ae:2:212:6d02::4040,60,0,0,0,0,0,0,1,0,0,0,0
1463083284,2001:470:83ae:2:212:6d02::4040,61,2,2,0,0,0,0,1,0,0,0,0
1463083284,2001:470:83ae:2:212:6d02::4040,62,0,0,0,0,0,0,1,0,0,0,0
1463083284,2001:470:83ae:2:212:6d02::4040,63,0,0,0,0,0,0,1,0,0,0,0
1463083284,2001:470:83ae:2:212:6d02::4040,64,0,0,0,0,0,0,1,0,0,0,0
1463083284,2001:470:83ae:2:212:6d02::4040,65,0,0,0,0,0,0,1,0,0,0,0
1463083285,2001:470:83ae:2:212:6d02::4040,66,1,1,0,0,0,0,1,0,0,0,0
1463083285,2001:470:83ae:2:212:6d02::4040,67,1,1,0,0,0,0,1,0,0,0,0
1463083285,2001:470:83ae:2:212:6d02::4040,68,0,0,0,0,0,0,1,0,0,0,0
1463083285,2001:470:83ae:2:212:6d02::4040,69,0,0,0,0,0,0,1,0,0,0,0
1463083285,2001:470:83ae:2:212:6d02::4040,70,0,0,0,0,0,0,1,0,0,0,0
1463083285,2001:470:83ae:2:212:6d02::4040,71,0,0,0,0,0,0,1,0,0,0,0
1463083286,2001:470:83ae:2:212:6d02::4040,72,1,1,0,0,0,0,1,0,0,0,0
1463083286,2001:470:83ae:2:212:6d02::4040,73,1,1,0,0,0,0,1,0,0,0,0
1463083286,2001:470:83ae:2:212:6d02::4040,74,0,0,0,0,0,0,1,0,0,0,0
1463083286,2001:470:83ae:2:212:6d02::4040,75,0,0,0,0,0,0,1,0,0,0,0
1463083286,2001:470:83ae:2:212:6d02::4040,76,0,0,0,0,0,0,1,0,0,0,0
1463083286,2001:470:83ae:2:212:6d02::4040,77,0,0,0,0,0,0,1,0,0,0,0
1463083287,2001:470:83ae:2:212:6d02::4040,78,1,1,0,0,0,0,1,0,0,0,0
1463083287,2001:470:83ae:2:212:6d02::4040,79,1,1,0,0,0,0,1,0,0,0,0
1463083287,2001:470:83ae:2:212:6d02::4040,80,0,0,0,0,0,0,1,0,0,0,0
1463083287,2001:470:83ae:2:212:6d02::4040,81,0,0,0,0,0,0,1,0,0,0,0
1463083287,2001:470:83ae:2:212:6d02::4040,82,0,0,0,0,0,0,1,0,0,0,0
1463083287,2001:470:83ae:2:212:6d02::4040,83,0,0,0,0,0,0,1,0,0,0,0
1463083288,2001:470:83ae:2:212:6d02::4040,84,1,1,0,0,0,0,1,0,0,0,0
1463083288,2001:470:83ae:2:212:6d02::4040,85,1,1,0,0,0,0,1,0,0,0,0
1463083288,2001:470:83ae:2:212:6d02::4040,86,0,0,0,0,0,0,1,0,0,0,0
1463083288,2001:470:83ae:2:212:6d02::4040,87,0,0,0,0,0,0,1,0,0,0,0
1463083288,2001:470:83ae:2:212:6d02::4040,88,0,0,0,0,0,0,1,0,0,0,0
1463083289,2001:470:83ae:2:212:6d02::4040,89,1,1,1,0,0,0,1,0,0,0,0
1463083289,2001:470:83ae:2:212:6d02::4040,90,1,1,0,0,0,0,1,0,0,0,0
1463083289,2001:470:83ae:2:212:6d02::4040,91,1,1,0,0,0,0,1,0,0,0,0
1463083289,2001:470:83ae:2:212:6d02::4040,92,0,0,0,0,0,0,1,0,0,0,0
1463083289,2001:470:83ae:2:212:6d02::4040,93,0,0,0,0,0,0,1,0,0,0,0
1463083289,2001:470:83ae:2:212:6d02::4040,94,0,0,0,0,0,0,1,0,0,0,0
1463083290,2001:470:83ae:2:212:6d02::4040,95,0,0,0,0,0,0,1,0,0,0,0
1463083290,2001:470:83ae:2:212:6d02::4040,96,1,1,0,0,0,0,1,0,0,0,0
1463083290,2001:470:83ae:2:212:6d02::4040,97,1,1,0,0,0,0,1,0,0,0,0
1463083290,2001:470:83ae:2:212:6d02::4040,98,0,0,0,0,0,0,1,0,0,0,0
1463083290,2001:470:83ae:2:212:6d02::4040,99,0,0,0,0,0,0,1,0,0,0,0
1463083291,2001:470:83ae:2:212:6d02::4040,100,0,0,0,0,0,0,1,0,0,0,0
1463083291,2001:470:83ae:2:212:6d02::4040,101,0,0,0,0,0,0,1,0,0,0,0
1463083291,2001:470:83ae:2:212:6d02::4040,102,1,1,0,0,0,0,1,0,0,0,0
1463083291,2001:470:83ae:2:212:6d02::4040,103,1,1,0,0,0,0,1,0,0,0,0
1463083291,2001:470:83ae:2:212:6d02::4040,104,0,0,0,0,0,0,1,0,0,0,0
1463083291,2001:470:83ae:2:212:6d02::4040,105,0,0,0,0,0,0,1,0,0,0,0
1463083292,2001:470:83ae:2:212:6d02::4040,106,0,0,0,0,0,0,1,0,0,0,0
1463083292,2001:470:83ae:2:212:6d02::4040,107,0,0,0,0,0,0,1,0,0,0,0
1463083292,2001:470:83ae:2:212:6d02::4040,108,1,1,0,0,0,0,1,0,0,0,0
1463083292,2001:470:83ae:2:212:6d02::4040,109,1,1,0,0,0,0,1,0,0,0,0
1463083292,2001:470:83ae:2:212:6d02::4040,110,0,0,0,0,0,0,1,0,0,0,0
1463083292,2001:470:83ae:2:212:6d02::4040,111,0,0,0,0,0,0,1,0,0,0,0
1463083293,2001:470:83ae:2:212:6d02::4040,112,0,0,0,0,0,0,1,0,0,0,0
1463083293,2001:470:83ae:2:212:6d02::4040,113,0,0,0,0,0,0,1,0,0,0,0
1463083293,2001:470:83ae:2:212:6d02::4040,114,1,1,0,0,0,0,1,0,0,0,0
1463083293,2001:470:83ae:2:212:6d02::4040,115,1,1,0,0,0,0,1,0,0,0,0
1463083293,2001:470:83ae:2:212:6d02::4040,116,0,0,0,0,0,0,1,0,0,0,0
1463083293,2001:470:83ae:2:212:6d02::4040,117,0,0,0,0,0,0,1,0,0,0,0
1463083294,2001:470:83ae:2:212:6d02::4040,118,0,0,0,0,0,0,1,0,0,0,0
1463083294,2001:470:83ae:2:212:6d02::4040,119,0,0,0,0,0,0,1,0,0,0,0
1463083294,2001:470:83ae:2:212:6d02::4040,120,1,1,0,0,0,0,1,0,0,0,0
1463083294,2001:470:83ae:2:212:6d02::4040,121,2,2,0,0,0,0,1,0,0,0,0
1463083294,2001:470:83ae:2:212:6d02::4040,122,0,0,0,0,0,0,1,0,0,0,0
1463083294,2001:470:83ae:2:212:6d02::4040,123,0,0,0,0,0,0,1,0,0,0,0
1463083295,2001:470:83ae:2:212:6d02::4040,124,0,0,0,0,0,0,1,0,0,0,0
1463083295,2001:470:83ae:2:212:6d02::4040,125,0,0,0,0,0,0,1,0,0,0,0
1463083295,2001:470:83ae:2:212:6d02::4040,126,1,1,0,0,0,0,1,0,0,0,0
1463083295,2001:470:83ae:2:212:6d02::4040,127,1,1,0,0,0,0,1,0,0,0,0
1463083295,2001:470:83ae:2:212:6d02::4040,128,0,0,0,0,0,0,1,0,0,0,0
1463083295,2001:470:83ae:2:212:6d02::4040,129,0,0,0,0,0,0,1,0,0,0,0
1463083296,2001:470:83ae:2:212:6d02::4040,130,0,0,0,0,0,0,1,0,0,0,0
1463083296,2001:470:83ae:2:212:6d02::4040,131,0,0,0,0,0,0,1,0,0,0,0
1463083296,2001:470:83ae:2:212:6d02::4040,132,1,1,0,0,0,0,1,0,0,0,0
1463083296,2001:470:83ae:2:212:6d02::4040,133,1,1,0,0,0,0,1,0,0,0,0
1463083296,2001:470:83ae:2:212:6d02::4040,134,0,0,0,0,0,0,1,0,0,0,0
1463083296,2001:470:83ae:2:212:6d02::4040,135,0,0,0,0,0,0,1,0,0,0,0
1463083297,2001:470:83ae:2:212:6d02::4040,136,0,0,0,0,0,0,1,0,0,0,0
1463083297,2001:470:83ae:2:212:6d02::4040,137,0,0,0,0,0,0,1,0,0,0,0
1463083297,2001:470:83ae:2:212:6d02::4040,138,1,1,0,0,0,0,1,0,0,0,0
1463083297,2001:470:83ae:2:212:6d02::4040,139,2,2,0,0,0,0,1,0,0,0,0
1463083298,2001:470:83ae:2:212:6d02::4040,140,0,0,0,0,0,0,1,0,0,0,0
1463083298,2001:470:83ae:2:212:6d02::4040,141,0,0,0,0,0,0,1,0,0,0,0
1463083298,2001:470:83ae:2:212:6d02::4040,142,0,0,0,0,0,0,1,0,0,0,0
1463083298,2001:470:83ae:2:212:6d02::4040,143,1,1,0,0,0,0,1,0,0,0,0
1463083298,2001:470:83ae:2:212:6d02::4040,144,0,0,0,0,0,0,1,0,0,0,0
1463083298,2001:470:83ae:2:212:6d02::4040,145,1,1,0,0,0,0,1,0,0,0,0
1463083299,2001:470:83ae:2:212:6d02::4040,146,0,0,0,0,0,0,1,0,0,0,0
1463083299,2001:470:83ae:2:212:6d02::4040,147,0,0,0,0,0,0,1,0,0,0,0
1463083299,2001:470:83ae:2:212:6d02::4040,148,0,0,0,0,0,0,1,0,0,0,0
1463083299,2001:470:83ae:2:212:6d02::4040,149,1,1,0,0,0,0,1,0,0,0,0
1463083299,2001:470:83ae:2:212:6d02::4040,150,0,0,0,0,0,0,1,0,0,0,0
1463083299,2001:470:83ae:2:212:6d02::4040,151,1,1,0,0,0,0,1,0,0,0,0
1463083300,2001:470:83ae:2:212:6d02::4040,152,0,0,0,0,0,0,1,0,0,0,0
1463083300,2001:470:83ae:2:212:6d02::4040,153,0,0,0,0,0,0,1,0,0,0,0
1463083300,2001:470:83ae:2:212:6d02::4040,154,0,0,0,0,0,0,1,0,0,0,0
1463083300,2001:470:83ae:2:212:6d02::4040,155,1,1,0,0,0,0,1,0,0,0,0
1463083300,2001:470:83ae:2:212:6d02::4040,156,0,0,0,0,0,0,1,0,0,0,0
1463083300,2001:470:83ae:2:212:6d02::4040,157,1,1,0,0,0,0,1,0,0,0,0
1463083301,2001:470:83ae:2:212:6d02::4040,158,0,0,0,0,0,0,1,0,0,0,0
1463083301,2001:470:83ae:2:212:6d02::4040,159,0,0,0,0,0,0,1,0,0,0,0
1463083301,2001:470:83ae:2:212:6d02::4040,160,0,0,0,0,0,0,1,0,0,0,0
1463083301,2001:470:83ae:2:212:6d02::4040,161,1,1,0,0,0,0,1,0,0,0,0
1463083301,2001:470:83ae:2:212:6d02::4040,162,0,0,0,0,0,0,1,0,0,0,0
1463083301,2001:470:83ae:2:212:6d02::4040,163,1,1,0,0,0,0,1,0,0,0,0
1463083302,2001:470:83ae:2:212:6d02::4040,164,0,0,0,0,0,0,1,0,0,0,0
1463083302,2001:470:83ae:2:212:6d02::4040,165,1,1,1,0,0,0,1,0,0,0,0
1463083302,2001:470:83ae:2:212:6d02::4040,166,0,0,0,0,0,0,1,0,0,0,0
1463083302,2001:470:83ae:2:212:6d02::4040,167,1,1,0,0,0,0,1,0,0,0,0
1463083302,2001:470:83ae:2:212:6d02::4040,168,0,0,0,0,0,0,1,0,0,0,0
1463083302,2001:470:83ae:2:212:6d02::4040,169,1,1,0,0,0,0,1,0,0,0,0
1463083303,2001:470:83ae:2:212:6d02::4040,170,0,0,0,0,0,0,1,0,0,0,0
1463083303,2001:470:83ae:2:212:6d02::4040,171,0,0,0,0,0,0,1,0,0,0,0
1463083303,2001:470:83ae:2:212:6d02::4040,172,0,0,0,0,0,0,1,0,0,0,0
1463083303,2001:470:83ae:2:212:6d02::4040,173,1,1,0,0,0,0,1,0,0,0,0
1463083303,2001:470:83ae:2:212:6d02::4040,174,0,0,0,0,0,0,1,0,0,0,0
1463083303,2001:470:83ae:2:212:6d02::4040,175,1,1,0,0,0,0,1,0,0,0,0
1463083304,2001:470:83ae:2:212:6d02::4040,176,0,0,0,0,0,0,1,0,0,0,0
1463083304,2001:470:83ae:2:212:6d02::4040,177,0,0,0,0,0,0,1,0,0,0,0
1463083304,2001:470:83ae:2:212:6d02::4040,178,0,0,0,0,0,0,1,0,0,0,0
1463083304,2001:470:83ae:2:212:6d02::4040,179,1,1,0,0,0,0,1,0,0,0,0
1463083304,2001:470:83ae:2:212:6d02::4040,180,0,0,0,0,0,0,1,0,0,0,0
1463083304,2001:470:83ae:2:212:6d02::4040,181,1,1,0,0,0,0,1,0,0,0,0
1463083305,2001:470:83ae:2:212:6d02::4040,182,0,0,0,0,0,0,1,0,0,0,0
1463083305,2001:470:83ae:2:212:6d02::4040,183,0,0,0,0,0,0,1,0,0,0,0
1463083305,2001:470:83ae:2:212:6d02::4040,184,0,0,0,0,0,0,1,0,0,0,0
1463083305,2001:470:83ae:2:212:6d02::4040,185,1,1,0,0,0,0,1,0,0,0,0
1463083305,2001:470:83ae:2:212:6d02::4040,186,0,0,0,0,0,0,1,0,0,0,0
1463083305,2001:470:83ae:2:212:6d02::4040,187,1,1,0,0,0,0,1,0,0,0,0
1463083306,2001:470:83ae:2:212:6d02::4040,188,0,0,0,0,0,0,1,0,0,0,0
1463083306,2001:470:83ae:2:212:6d02::4040,189,0,0,0,0,0,0,1,0,0,0,0
1463083306,2001:470:83ae:2:212:6d02::4040,190,0,0,0,0,0,0,1,0,0,0,0
1463083306,2001:470:83ae:2:212:6d02::4040,191,1,1,0,0,0,0,1,0,0,0,0
1463083306,2001:470:83ae:2:212:6d02::4040,192,0,0,0,0,0,0,1,0,0,0,0
1463083306,2001:470:83ae:2:212:6d02::4040,193,1,1,0,0,0,0,1,0,0,0,0
1463083307,2001:470:83ae:2:212:6d02::4040,194,0,0,0,0,0,0,1,0,0,0,0
1463083307,2001:470:83ae:2:212:6d02::4040,195,0,0,0,0,0,0,1,0,0,0,0
1463083307,2001:470:83ae:2:212:6d02::4040,196,0,0,0,0,0,0,1,0,0,0,0
1463083307,2001:470:83ae:2:212:6d02::4040,197,1,1,0,0,0,0,1,0,0,0,0
1463083307,2001:470:83ae:2:212:6d02::4040,198,0,0,0,0,0,0,1,0,0,0,0
1463083307,2001:470:83ae:2:212:6d02::4040,199,1,1,0,0,0,0,1,0,0,0,0
1463083308,2001:470:83ae:2:212:6d02::4040,200,0,0,0,0,0,0,1,0,0,0,0
1463083308,2001:470:83ae:2:212:6d02::4040,201,0,0,0,0,0,0,1,0,0,0,0
1463083308,2001:470:83ae:2:212:6d02::4040,202,0,0,0,0,0,0,1,0,0,0,0
1463083308,2001:470:83ae:2:212:6d02::4040,203,1,1,0,0,0,0,1,0,0,0,0
1463083308,2001:470:83ae:2:212:6d02::4040,204,0,0,0,0,0,0,1,0,0,0,0
1463083309,2001:470:83ae:2:212:6d02::4040,205,1,1,0,0,0,0,1,0,0,0,0
1463083309,2001:470:83ae:2:212:6d02::4040,206,0,0,0,0,0,0,1,0,0,0,0
1463083309,2001:470:83ae:2:212:6d02::4040,207,0,0,0,0,0,0,1,0,0,0,0
1463083309,2001:470:83ae:2:212:6d02::4040,208,0,0,0,0,0,0,1,0,0,0,0
1463083309,2001:470:83ae:2:212:6d02::4040,209,1,1,0,0,0,0,1,0,0,0,0
1463083309,2001:470:83ae:2:212:6d02::4040,210,0,0,0,0,0,0,1,0,0,0,0
1463083310,2001:470:83ae:2:212:6d02::4040,211,1,1,0,0,0,0,1,0,0,0,0
1463083310,2001:470:83ae:2:212:6d02::4040,212,0,0,0,0,0,0,1,0,0,0,0
1463083310,2001:470:83ae:2:212:6d02::4040,213,0,0,0,0,0,0,1,0,0,0,0
1463083310,2001:470:83ae:2:212:6d02::4040,214,0,0,0,0,0,0,1,0,0,0,0
1463083310,2001:470:83ae:2:212:6d02::4040,215,0,0,0,0,0,0,1,0,0,0,0
1463083311,2001:470:83ae:2:212:6d02::4040,216,0,0,0,0,0,0,1,0,0,0,0
1463083311,2001:470:83ae:2:212:6d02::4040,217,1,1,0,0,0,0,1,0,0,0,0
1463083311,2001:470:83ae:2:212:6d02::4040,218,0,0,0,0,0,0,1,0,0,0,0
1463083311,2001:470:83ae:2:212:6d02::4040,219,0,0,0,0,0,0,1,0,0,0,0
1463083311,2001:470:83ae:2:212:6d02::4040,220,1,1,0,0,0,0,1,0,0,0,0
1463083312,2001:470:83ae:2:212:6d02::4040,221,0,0,0,0,0,0,1,0,0,0,0
1463083312,2001:470:83ae:2:212:6d02::4040,222,0,0,0,0,0,0,1,0,0,0,0
1463083312,2001:470:83ae:2:212:6d02::4040,223,1,1,0,0,0,0,1,0,0,0,0
1463083312,2001:470:83ae:2:212:6d02::4040,224,0,0,0,0,0,0,1,0,0,0,0
1463083312,2001:470:83ae:2:212:6d02::4040,225,0,0,0,0,0,0,1,0,0,0,0
1463083312,2001:470:83ae:2:212:6d02::4040,226,1,1,0,0,0,0,1,0,0,0,0
1463083313,2001:470:83ae:2:212:6d02::4040,227,0,0,0,0,0,0,1,0,0,0,0
1463083313,2001:470:83ae:2:212:6d02::4040,228,0,0,0,0,0,0,1,0,0,0,0
1463083313,2001:470:83ae:2:212:6d02::4040,229,1,1,0,0,0,0,1,0,0,0,0
1463083313,2001:470:83ae:2:212:6d02::4040,230,0,0,0,0,0,0,1,0,0,0,0
1463083313,2001:470:83ae:2:212:6d02::4040,231,0,0,0,0,0,0,1,0,0,0,0
1463083313,2001:470:83ae:2:212:6d02::4040,232,1,1,0,0,0,0,1,0,0,0,0
1463083314,2001:470:83ae:2:212:6d02::4040,233,0,0,0,0,0,0,1,0,0,0,0
1463083314,2001:470:83ae:2:212:6d02::4040,234,0,0,0,0,0,0,1,0,0,0,0
1463083314,2001:470:83ae:2:212:6d02::4040,235,1,1,0,0,0,0,1,0,0,0,0
1463083314,2001:470:83ae:2:212:6d02::4040,236,0,0,0,0,0,0,1,0,0,0,0
1463083314,2001:470:83ae:2:212:6d02::4040,237,0,0,0,0,0,0,1,0,0,0,0
1463083314,2001:470:83ae:2:212:6d02::4040,238,1,1,0,0,0,0,1,0,0,0,0
1463083315,2001:470:83ae:2:212:6d02::4040,239,0,0,0,0,0,0,1,0,0,0,0
1463083315,2001:470:83ae:2:212:6d02::4040,240,0,0,0,0,0,0,1,0,0,0,0
1463083315,2001:470:83ae:2:212:6d02::4040,241,1,1,0,0,0,0,1,0,0,0,0
1463083315,2001:470:83ae:2:212:6d02::4040,242,0,0,0,0,0,0,1,0,0,0,0
1463083315,2001:470:83ae:2:212:6d02::4040,243,0,0,0,0,0,0,1,0,0,0,0
1463083315,2001:470:83ae:2:212:6d02::4040,244,1,1,0,0,0,0,1,0,0,0,0
1463083316,2001:470:83ae:2:212:6d02::4040,245,0,0,0,0,0,0,1,0,0,0,0
1463083316,2001:470:83ae:2:212:6d02::4040,246,0,0,0,0,0,0,1,0,0,0,0
1463083316,2001:470:83ae:2:212:6d02::4040,247,1,1,0,0,0,0,1,0,0,0,0
1463083316,2001:470:83ae:2:212:6d02::4040,248,0,0,0,0,0,0,1,0,0,0,0
1463083316,2001:470:83ae:2:212:6d02::4040,249,0,0,0,0,0,0,1,0,0,0,0
1463083317,2001:470:83ae:2:212:6d02::4040,250,1,1,0,0,0,0,1,0,0,0,0
1463083317,2001:470:83ae:2:212:6d02::4040,251,0,0,0,0,0,0,1,0,0,0,0
1463083317,2001:470:83ae:2:212:6d02::4040,252,0,0,0,0,0,0,1,0,0,0,0
1463083317,2001:470:83ae:2:212:6d02::4040,253,1,1,0,0,0,0,1,0,0,0,0
1463083317,2001:470:83ae:2:212:6d02::4040,254,0,0,0,0,0,0,1,0,0,0,0
1463083317,2001:470:83ae:2:212:6d02::4040,255,0,0,0,0,0,0,1,0,0,0,0
1463083318,2001:470:83ae:2:212:6d02::4040,256,1,1,0,0,0,0,1,0,0,0,0
1463083318,2001:470:83ae:2:212:6d02::4040,257,0,0,0,0,0,0,1,0,0,0,0
1463083318,2001:470:83ae:2:212:6d02::4040,258,0,0,0,0,0,0,1,0,0,0,0
1463083318,2001:470:83ae:2:212:6d02::4040,259,1,1,0,0,0,0,1,0,0,0,0
1463083318,2001:470:83ae:2:212:6d02::4040,260,0,0,0,0,0,0,1,0,0,0,0
1463083318,2001:470:83ae:2:212:6d02::4040,261,0,0,0,0,0,0,1,0,0,0,0
1463083319,2001:470:83ae:2:212:6d02::4040,262,1,1,0,0,0,0,1,0,0,0,0
1463083319,2001:470:83ae:2:212:6d02::4040,263,0,0,0,0,0,0,1,0,0,0,0
1463083319,2001:470:83ae:2:212:6d02::4040,264,0,0,0,0,0,0,1,0,0,0,0
1463083319,2001:470:83ae:2:212:6d02::4040,265,1,1,0,0,0,0,1,0,0,0,0
1463083319,2001:470:83ae:2:212:6d02::4040,266,0,0,0,0,0,0,1,0,0,0,0
1463083320,2001:470:83ae:2:212:6d02::4040,267,0,0,0,0,0,0,1,0,0,0,0
1463083320,2001:470:83ae:2:212:6d02::4040,268,1,1,0,0,0,0,1,0,0,0,0
1463083320,2001:470:83ae:2:212:6d02::4040,269,0,0,0,0,0,0,1,0,0,0,0
1463083320,2001:470:83ae:2:212:6d02::4040,270,0,0,0,0,0,0,1,0,0,0,0
1463083320,2001:470:83ae:2:212:6d02::4040,271,1,1,0,0,0,0,1,0,0,0,0
1463083320,2001:470:83ae:2:212:6d02::4040,272,0,0,0,0,0,0,1,0,0,0,0
1463083321,2001:470:83ae:2:212:6d02::4040,273,0,0,0,0,0,0,1,0,0,0,0
1463083321,2001:470:83ae:2:212:6d02::4040,274,1,1,0,0,0,0,1,0,0,0,0
1463083321,2001:470:83ae:2:212:6d02::4040,275,0,0,0,0,0,0,1,0,0,0,0
1463083321,2001:470:83ae:2:212:6d02::4040,276,0,0,0,0,0,0,1,0,0,0,0
1463083321,2001:470:83ae:2:212:6d02::4040,277,1,1,0,0,0,0,1,0,0,0,0
1463083321,2001:470:83ae:2:212:6d02::4040,278,0,0,0,0,0,0,1,0,0,0,0
1463083322,2001:470:83ae:2:212:6d02::4040,279,0,0,0,0,0,0,1,0,0,0,0
1463083322,2001:470:83ae:2:212:6d02::4040,280,1,1,0,0,0,0,1,0,0,0,0
1463083322,2001:470:83ae:2:212:6d02::4040,281,0,0,0,0,0,0,1,0,0,0,0
1463083322,2001:470:83ae:2:212:6d02::4040,282,0,0,0,0,0,0,1,0,0,0,0
1463083322,2001:470:83ae:2:212:6d02::4040,283,1,1,0,0,0,0,1,0,0,0,0
1463083322,2001:470:83ae:2:212:6d02::4040,284,0,0,0,0,0,0,1,0,0,0,0
1463083323,2001:470:83ae:2:212:6d02::4040,285,0,0,0,0,0,0,1,0,0,0,0
1463083323,2001:470:83ae:2:212:6d02::4040,286,1,1,0,0,0,0,1,0,0,0,0
1463083323,2001:470:83ae:2:212:6d02::4040,287,0,0,0,0,0,0,1,0,0,0,0
1463083323,2001:470:83ae:2:212:6d02::4040,288,0,0,0,0,0,0,1,0,0,0,0
1463083323,2001:470:83ae:2:212:6d02::4040,289,1,1,0,0,0,0,1,0,0,0,0
1463083323,2001:470:83ae:2:212:6d02::4040,290,0,0,0,0,0,0,1,0,0,0,0
1463083324,2001:470:83ae:2:212:6d02::4040,291,0,0,0,0,0,0,1,0,0,0,0
1463083324,2001:470:83ae:2:212:6d02::4040,292,1,1,0,0,0,0,1,0,0,0,0
1463083324,2001:470:83ae:2:212:6d02::4040,293,0,0,0,0,0,0,1,0,0,0,0
1463083324,2001:470:83ae:2:212:6d02::4040,294,0,0,0,0,0,0,1,0,0,0,0
1463083324,2001:470:83ae:2:212:6d02::4040,295,1,1,0,0,0,0,1,0,0,0,0
1463083324,2001:470:83ae:2:212:6d02::4040,296,0,0,0,0,0,0,1,0,0,0,0
1463083325,2001:470:83ae:2:212:6d02::4040,297,1,1,0,0,0,0,1,0,0,0,0
1463083325,2001:470:83ae:2:212:6d02::4040,298,0,0,0,0,0,0,1,0,0,0,0
1463083325,2001:470:83ae:2:212:6d02::4040,299,0,0,0,0,0,0,1,0,0,0,0
1463083325,2001:470:83ae:2:212:6d02::4040,300,0,0,0,0,0,0,1,0,0,0,0
1463083325,2001:470:83ae:2:212:6d02::4040,301,1,1,0,0,0,0,1,0,0,0,0
1463083325,2001:470:83ae:2:212:6d02::4040,302,0,0,0,0,0,0,1,0,0,0,0
1463083326,2001:470:83ae:2:212:6d02::4040,303,1,1,0,0,0,0,1,0,0,0,0
1463083326,2001:470:83ae:2:212:6d02::4040,304,0,0,0,0,0,0,1,0,0,0,0
1463083326,2001:470:83ae:2:212:6d02::4040,305,0,0,0,0,0,0,1,0,0,0,0
1463083326,2001:470:83ae:2:212:6d02::4040,306,0,0,0,0,0,0,1,0,0,0,0
1463083326,2001:470:83ae:2:212:6d02::4040,307,1,1,0,0,0,0,1,0,0,0,0
1463083326,2001:470:83ae:2:212:6d02::4040,308,0,0,0,0,0,0,1,0,0,0,0
1463083327,2001:470:83ae:2:212:6d02::4040,309,1,1,0,0,0,0,1,0,0,0,0
1463083327,2001:470:83ae:2:212:6d02::4040,310,0,0,0,0,0,0,1,0,0,0,0
1463083327,2001:470:83ae:2:212:6d02::4040,311,0,0,0,0,0,0,1,0,0,0,0
1463083327,2001:470:83ae:2:212:6d02::4040,312,0,0,0,0,0,0,1,0,0,0,0
1463083327,2001:470:83ae:2:212:6d02::4040,313,1,1,0,0,0,0,1,0,0,0,0
1463083328,2001:470:83ae:2:212:6d02::4040,314,1,1,1,0,0,0,1,0,0,0,0
1463083328,2001:470:83ae:2:212:6d02::4040,315,5,5,0,0,0,0,255,0,0,0,0
1463083328,2001:470:83ae:2:212:6d02::4040,316,3,3,0,0,0,0,255,0,0,0,0
1463083328,2001:470:83ae:2:212:6d02::4040,317,6,6,0,0,0,0,255,0,0,0,0
1463083328,2001:470:83ae:2:212:6d02::4040,318,2,2,0,0,0,0,255,0,0,0,0
1463083328,2001:470:83ae:2:212:6d02::4040,319,7,7,0,0,0,0,255,0,0,0,0
1463083329,2001:470:83ae:2:212:6d02::4040,320,4,4,0,0,0,0,255,0,0,0,0
1463083329,2001:470:83ae:2:212:6d02::4040,321,4,4,0,0,0,0,255,0,0,0,0
1463083329,2001:470:83ae:2:212:6d02::4040,322,4,4,0,0,0,0,255,0,0,0,0
1463083329,2001:470:83ae:2:212:6d02::4040,323,6,6,0,0,0,0,255,0,0,0,0
1463083329,2001:470:83ae:2:212:6d02::4040,324,5,5,0,0,0,0,255,0,0,0,0
1463083329,2001:470:83ae:2:212:6d02::4040,325,4,4,0,0,0,0,255,0,0,0,0
1463083330,2001:470:83ae:2:212:6d02::4040,326,5,5,0,0,0,0,255,0,0,0,0
1463083330,2001:470:83ae:2:212:6d02::4040,327,3,3,0,0,0,0,255,0,0,0,0
1463083330,2001:470:83ae:2:212:6d02::4040,328,6,6,0,0,0,0,255,0,0,0,0
1463083330,2001:470:83ae:2:212:6d02::4040,329,5,5,0,0,0,0,255,0,0,0,0
1463083330,2001:470:83ae:2:212:6d02::4040,330,5,5,0,0,0,0,255,0,0,0,0
1463083330,2001:470:83ae:2:212:6d02::4040,331,6,6,0,0,0,0,255,0,0,0,0
1463083331,2001:470:83ae:2:212:6d02::4040,332,6,6,0,0,0,0,255,0,0,0,0
1463083331,2001:470:83ae:2:212:6d02::4040,333,5,5,0,0,0,0,255,0,0,0,0
1463083331,2001:470:83ae:2:212:6d02::4040,334,6,6,0,0,0,0,255,0,0,0,0
1463083331,2001:470:83ae:2:212:6d02::4040,335,6,6,0,0,0,0,255,0,0,0,0
1463083331,2001:470:83ae:2:212:6d02::4040,336,3,3,0,0,0,0,255,0,0,0,0
1463083332,2001:470:83ae:2:212:6d02::4040,337,4,4,0,0,0,0,255,0,0,0,0
1463083332,2001:470:83ae:2:212:6d02::4040,338,6,6,0,0,0,0,255,0,0,0,0
1463083332,2001:470:83ae:2:212:6d02::4040,339,6,6,0,0,0,0,255,0,0,0,0
1463083332,2001:470:83ae:2:212:6d02::4040,340,5,5,0,0,0,0,255,0,0,0,0
1463083332,2001:470:83ae:2:212:6d02::4040,341,4,4,0,0,0,0,255,0,0,0,0
1463083332,2001:470:83ae:2:212:6d02::4040,342,5,5,0,0,0,0,255,0,0,0,0
1463083332,2001:470:83ae:2:212:6d02::4040,343,6,6,0,0,0,0,255,0,0,0,0
1463083333,2001:470:83ae:2:212:6d02::4040,344,3,3,0,0,0,0,255,0,0,0,0
1463083333,2001:470:83ae:2:212:6d02::4040,345,4,4,0,0,0,0,255,0,0,0,0
1463083333,2001:470:83ae:2:212:6d02::4040,346,6,6,0,0,0,0,255,0,0,0,0
1463083333,2001:470:83ae:2:212:6d02::4040,347,5,5,0,0,0,0,255,0,0,0,0
1463083333,2001:470:83ae:2:212:6d02::4040,348,5,5,0,0,0,0,255,0,0,0,0
1463083334,2001:470:83ae:2:212:6d02::4040,349,6,6,0,0,0,0,255,0,0,0,0
1463083334,2001:470:83ae:2:212:6d02::4040,350,3,3,0,0,0,0,255,0,0,0,0
1463083334,2001:470:83ae:2:212:6d02::4040,351,5,5,0,0,0,0,255,0,0,0,0
1463083334,2001:470:83ae:2:212:6d02::4040,352,5,5,0,0,0,0,255,0,0,0,0
1463083334,2001:470:83ae:2:212:6d02::4040,353,5,5,0,0,0,0,255,0,0,0,0
1463083334,2001:470:83ae:2:212:6d02::4040,354,5,5,0,0,0,0,255,0,0,0,0
1463083335,2001:470:83ae:2:212:6d02::4040,355,6,6,0,0,0,0,255,0,0,0,0
1463083335,2001:470:83ae:2:212:6d02::4040,356,6,6,0,0,0,0,255,0,0,0,0
1463083335,2001:470:83ae:2:212:6d02::4040,357,5,5,0,0,0,0,255,0,0,0,0
1463083335,2001:470:83ae:2:212:6d02::4040,358,5,5,0,0,0,0,255,0,0,0,0
1463083335,2001:470:83ae:2:212:6d02::4040,359,5,5,0,0,0,0,255,0,0,0,0
1463083335,2001:470:83ae:2:212:6d02::4040,360,7,7,0,0,0,0,255,0,0,0,0
1463083336,2001:470:83ae:2:212:6d02::4040,361,5,5,0,0,0,0,255,0,0,0,0
1463083336,2001:470:83ae:2:212:6d02::4040,362,4,4,0,0,0,0,255,0,0,0,0
1463083336,2001:470:83ae:2:212:6d02::4040,363,7,7,0,0,0,0,255,0,0,0,0
1463083336,2001:470:83ae:2:212:6d02::4040,364,6,6,0,0,0,0,255,0,0,0,0
1463083336,2001:470:83ae:2:212:6d02::4040,365,4,4,0,0,0,0,255,0,0,0,0
1463083336,2001:470:83ae:2:212:6d02::4040,366,7,7,0,0,0,0,255,0,0,0,0
1463083337,2001:470:83ae:2:212:6d02::4040,367,5,5,0,0,0,0,255,0,0,0,0
1463083337,2001:470:83ae:2:212:6d02::4040,368,5,5,0,0,0,0,255,0,0,0,0
1463083337,2001:470:83ae:2:212:6d02::4040,369,3,3,0,0,0,0,255,0,0,0,0
1463083337,2001:470:83ae:2:212:6d02::4040,370,5,5,0,0,0,0,255,0,0,0,0
1463083337,2001:470:83ae:2:212:6d02::4040,371,4,4,0,0,0,0,255,0,0,0,0
1463083337,2001:470:83ae:2:212:6d02::4040,372,7,7,0,0,0,0,255,0,0,0,0
1463083338,2001:470:83ae:2:212:6d02::4040,373,5,5,0,0,0,0,255,0,0,0,0
1463083338,2001:470:83ae:2:212:6d02::4040,374,5,5,0,0,0,0,255,0,0,0,0
1463083338,2001:470:83ae:2:212:6d02::4040,375,2,2,0,0,0,0,255,0,0,0,0
1463083338,2001:470:83ae:2:212:6d02::4040,376,6,6,0,0,0,0,255,0,0,0,0
1463083338,2001:470:83ae:2:212:6d02::4040,377,4,4,0,0,0,0,255,0,0,0,0
1463083338,2001:470:83ae:2:212:6d02::4040,378,6,6,0,0,0,0,255,0,0,0,0
1463083339,2001:470:83ae:2:212:6d02::4040,379,5,5,0,0,0,0,255,0,0,0,0
1463083339,2001:470:83ae:2:212:6d02::4040,380,6,6,0,0,0,0,255,0,0,0,0
1463083339,2001:470:83ae:2:212:6d02::4040,381,5,5,0,0,0,0,255,0,0,0,0
1463083339,2001:470:83ae:2:212:6d02::4040,382,6,6,0,0,0,0,255,0,0,0,0
1463083339,2001:470:83ae:2:212:6d02::4040,383,3,3,0,0,0,0,255,0,0,0,0
1463083339,2001:470:83ae:2:212:6d02::4040,384,6,6,0,0,0,0,255,0,0,0,0
1463083340,2001:470:83ae:2:212:6d02::4040,385,5,5,0,0,0,0,255,0,0,0,0
1463083340,2001:470:83ae:2:212:6d02::4040,386,6,6,0,0,0,0,255,0,0,0,0
1463083340,2001:470:83ae:2:212:6d02::4040,387,5,5,0,0,0,0,255,0,0,0,0
1463083340,2001:470:83ae:2:212:6d02::4040,388,6,6,0,0,0,0,255,0,0,0,0
1463083340,2001:470:83ae:2:212:6d02::4040,389,6,6,0,0,0,0,255,0,0,0,0
1463083340,2001:470:83ae:2:212:6d02::4040,390,5,5,0,0,0,0,255,0,0,0,0
1463083341,2001:470:83ae:2:212:6d02::4040,391,6,6,0,0,0,0,255,0,0,0,0
1463083341,2001:470:83ae:2:212:6d02::4040,392,5,5,0,0,0,0,255,0,0,0,0
1463083341,2001:470:83ae:2:212:6d02::4040,393,3,3,0,0,0,0,255,0,0,0,0
1463083341,2001:470:83ae:2:212:6d02::4040,394,6,6,0,0,0,0,255,0,0,0,0
1463083341,2001:470:83ae:2:212:6d02::4040,395,5,5,0,0,0,0,255,0,0,0,0
1463083341,2001:470:83ae:2:212:6d02::4040,396,5,5,0,0,0,0,255,0,0,0,0
1463083342,2001:470:83ae:2:212:6d02::4040,397,6,6,0,0,0,0,255,0,0,0,0
1463083342,2001:470:83ae:2:212:6d02::4040,398,6,6,0,0,0,0,255,0,0,0,0
1463083342,2001:470:83ae:2:212:6d02::4040,399,6,6,0,0,0,0,255,0,0,0,0
1463083342,2001:470:83ae:2:212:6d02::4040,400,3,3,0,0,0,0,255,0,0,0,0
1463083342,2001:470:83ae:2:212:6d02::4040,401,5,5,0,0,0,0,255,0,0,0,0
1463083342,2001:470:83ae:2:212:6d02::4040,402,5,5,0,0,0,0,255,0,0,0,0
1463083343,2001:470:83ae:2:212:6d02::4040,403,6,6,0,0,0,0,255,0,0,0,0
1463083343,2001:470:83ae:2:212:6d02::4040,404,6,6,0,0,0,0,255,0,0,0,0
1463083343,2001:470:83ae:2:212:6d02::4040,405,6,6,0,0,0,0,255,0,0,0,0
1463083343,2001:470:83ae:2:212:6d02::4040,406,5,5,0,0,0,0,255,0,0,0,0
1463083343,2001:470:83ae:2:212:6d02::4040,407,5,5,0,0,0,0,255,0,0,0,0
1463083343,2001:470:83ae:2:212:6d02::4040,408,4,4,0,0,0,0,255,0,0,0,0
1463083344,2001:470:83ae:2:212:6d02::4040,409,5,5,0,0,0,0,255,0,0,0,0
1463083344,2001:470:83ae:2:212:6d02::4040,410,6,6,0,0,0,0,255,0,0,0,0
1463083344,2001:470:83ae:2:212:6d02::4040,411,6,6,0,0,0,0,255,0,0,0,0
1463083344,2001:470:83ae:2:212:6d02::4040,412,5,5,0,0,0,0,255,0,0,0,0
1463083344,2001:470:83ae:2:212:6d02::4040,413,5,5,0,0,0,0,255,0,0,0,0
1463083344,2001:470:83ae:2:212:6d02::4040,414,6,6,0,0,0,0,255,0,0,0,0
1463083344,2001:470:83ae:2:212:6d02::4040,415,5,5,0,0,0,0,255,0,0,0,0
1463083345,2001:470:83ae:2:212:6d02::4040,416,6,6,0,0,0,0,255,0,0,0,0
1463083345,2001:470:83ae:2:212:6d02::4040,417,6,6,0,0,0,0,255,0,0,0,0
1463083345,2001:470:83ae:2:212:6d02::4040,418,4,4,0,0,0,0,255,0,0,0,0
1463083345,2001:470:83ae:2:212:6d02::4040,419,6,6,0,0,0,0,255,0,0,0,0
1463083345,2001:470:83ae:2:212:6d02::4040,420,4,4,0,0,0,0,255,0,0,0,0
1463083345,2001:470:83ae:2:212:6d02::4040,421,5,5,0,0,0,0,255,0,0,0,0
1463083346,2001:470:83ae:2:212:6d02::4040,422,7,7,0,0,0,0,255,0,0,0,0
1463083346,2001:470:83ae:2:212:6d02::4040,423,6,6,0,0,0,0,255,0,0,0,0
1463083346,2001:470:83ae:2:212:6d02::4040,424,4,4,0,0,0,0,255,0,0,0,0
1463083346,2001:470:83ae:2:212:6d02::4040,425,6,6,0,0,0,0,255,0,0,0,0
1463083346,2001:470:83ae:2:212:6d02::4040,426,5,5,0,0,0,0,255,0,0,0,0
1463083346,2001:470:83ae:2:212:6d02::4040,427,4,4,0,0,0,0,255,0,0,0,0
1463083347,2001:470:83ae:2:212:6d02::4040,428,8,8,0,0,0,0,255,0,0,0,0
1463083347,2001:470:83ae:2:212:6d02::4040,429,4,4,0,0,0,0,255,0,0,0,0
1463083347,2001:470:83ae:2:212:6d02::4040,430,4,4,0,0,0,0,255,0,0,0,0
1463083347,2001:470:83ae:2:212:6d02::4040,431,7,7,0,0,0,0,255,0,0,0,0
1463083347,2001:470:83ae:2:212:6d02::4040,432,5,5,0,0,0,0,255,0,0,0,0
1463083348,2001:470:83ae:2:212:6d02::4040,433,4,4,0,0,0,0,255,0,0,0,0
1463083348,2001:470:83ae:2:212:6d02::4040,434,7,7,0,0,0,0,255,0,0,0,0
1463083348,2001:470:83ae:2:212:6d02::4040,435,5,5,0,0,0,0,255,0,0,0,0
1463083348,2001:470:83ae:2:212:6d02::4040,436,4,4,0,0,0,0,255,0,0,0,0
1463083348,2001:470:83ae:2:212:6d02::4040,437,6,6,0,0,0,0,255,0,0,0,0
1463083348,2001:470:83ae:2:212:6d02::4040,438,6,6,0,0,0,0,255,0,0,0,0
1463083349,2001:470:83ae:2:212:6d02::4040,439,4,4,0,0,0,0,255,0,0,0,0
1463083349,2001:470:83ae:2:212:6d02::4040,440,4,4,0,0,0,0,255,0,0,0,0
1463083349,2001:470:83ae:2:212:6d02::4040,441,6,6,0,0,0,0,255,0,0,0,0
1463083349,2001:470:83ae:2:212:6d02::4040,442,5,5,0,0,0,0,255,0,0,0,0
1463083349,2001:470:83ae:2:212:6d02::4040,443,6,6,0,0,0,0,255,0,0,0,0
1463083350,2001:470:83ae:2:212:6d02::4040,444,5,5,0,0,0,0,255,0,0,0,0
1463083350,2001:470:83ae:2:212:6d02::4040,445,5,5,0,0,0,0,255,0,0,0,0
1463083350,2001:470:83ae:2:212:6d02::4040,446,5,5,0,0,0,0,255,0,0,0,0
1463083350,2001:470:83ae:2:212:6d02::4040,447,7,7,0,0,0,0,255,0,0,0,0
1463083350,2001:470:83ae:2:212:6d02::4040,448,5,5,0,0,0,0,255,0,0,0,0
1463083350,2001:470:83ae:2:212:6d02::4040,449,5,5,0,0,0,0,255,0,0,0,0
1463083351,2001:470:83ae:2:212:6d02::4040,450,6,6,0,0,0,0,255,0,0,0,0
1463083351,2001:470:83ae:2:212:6d02::4040,451,6,6,0,0,0,0,255,0,0,0,0
1463083351,2001:470:83ae:2:212:6d02::4040,452,4,4,0,0,0,0,255,0,0,0,0
1463083351,2001:470:83ae:2:212:6d02::4040,453,5,5,0,0,0,0,255,0,0,0,0
1463083351,2001:470:83ae:2:212:6d02::4040,454,5,5,0,0,0,0,255,0,0,0,0
1463083351,2001:470:83ae:2:212:6d02::4040,455,6,6,0,0,0,0,255,0,0,0,0
1463083352,2001:470:83ae:2:212:6d02::4040,456,5,5,0,0,0,0,255,0,0,0,0
1463083352,2001:470:83ae:2:212:6d02::4040,457,6,6,0,0,0,0,255,0,0,0,0
1463083352,2001:470:83ae:2:212:6d02::4040,458,5,5,0,0,0,0,255,0,0,0,0
1463083352,2001:470:83ae:2:212:6d02::4040,459,6,6,0,0,0,0,255,0,0,0,0
1463083352,2001:470:83ae:2:212:6d02::4040,460,5,5,0,0,0,0,255,0,0,0,0
1463083352,2001:470:83ae:2:212:6d02::4040,461,5,5,0,0,0,0,255,0,0,0,0
1463083353,2001:470:83ae:2:212:6d02::4040,462,5,5,0,0,0,0,255,0,0,0,0
1463083353,2001:470:83ae:2:212:6d02::4040,463,6,6,0,0,0,0,255,0,0,0,0
1463083353,2001:470:83ae:2:212:6d02::4040,464,6,6,0,0,0,0,255,0,0,0,0
1463083353,2001:470:83ae:2:212:6d02::4040,465,5,5,0,0,0,0,255,0,0,0,0
1463083353,2001:470:83ae:2:212:6d02::4040,466,6,6,0,0,0,0,255,0,0,0,0
1463083353,2001:470:83ae:2:212:6d02::4040,467,5,5,0,0,0,0,255,0,0,0,0
1463083354,2001:470:83ae:2:212:6d02::4040,468,5,5,0,0,0,0,255,0,0,0,0
1463083354,2001:470:83ae:2:212:6d02::4040,469,5,5,0,0,0,0,255,0,0,0,0
1463083354,2001:470:83ae:2:212:6d02::4040,470,5,5,0,0,0,0,255,0,0,0,0
1463083354,2001:470:83ae:2:212:6d02::4040,471,5,5,0,0,0,0,255,0,0,0,0
1463083354,2001:470:83ae:2:212:6d02::4040,472,5,5,0,0,0,0,255,0,0,0,0
1463083354,2001:470:83ae:2:212:6d02::4040,473,7,7,0,0,0,0,255,0,0,0,0
1463083355,2001:470:83ae:2:212:6d02::4040,474,4,4,0,0,0,0,255,0,0,0,0
1463083355,2001:470:83ae:2:212:6d02::4040,475,7,7,0,0,0,0,255,0,0,0,0
1463083355,2001:470:83ae:2:212:6d02::4040,476,7,7,0,0,0,0,255,0,0,0,0
1463083355,2001:470:83ae:2:212:6d02::4040,477,4,4,0,0,0,0,255,0,0,0,0
1463083355,2001:470:83ae:2:212:6d02::4040,478,6,6,0,0,0,0,255,0,0,0,0
1463083355,2001:470:83ae:2:212:6d02::4040,479,6,6,0,0,0,0,255,0,0,0,0
1463083356,2001:470:83ae:2:212:6d02::4040,480,4,4,0,0,0,0,255,0,0,0,0
1463083356,2001:470:83ae:2:212:6d02::4040,481,8,8,0,0,0,0,255,0,0,0,0
1463083356,2001:470:83ae:2:212:6d02::4040,482,6,6,0,0,0,0,255,0,0,0,0
1463083356,2001:470:83ae:2:212:6d02::4040,483,5,5,0,0,0,0,255,0,0,0,0
1463083356,2001:470:83ae:2:212:6d02::4040,484,5,5,0,0,0,0,255,0,0,0,0
1463083356,2001:470:83ae:2:212:6d02::4040,485,4,4,0,0,0,0,255,0,0,0,0
1463083357,2001:470:83ae:2:212:6d02::4040,486,4,4,0,0,0,0,255,0,0,0,0
1463083357,2001:470:83ae:2:212:6d02::4040,487,7,7,0,0,0,0,255,0,0,0,0
1463083357,2001:470:83ae:2:212:6d02::4040,488,6,6,0,0,0,0,255,0,0,0,0
1463083357,2001:470:83ae:2:212:6d02::4040,489,5,5,0,0,0,0,255,0,0,0,0
1463083357,2001:470:83ae:2:212:6d02::4040,490,5,5,0,0,0,0,255,0,0,0,0
1463083357,2001:470:83ae:2:212:6d02::4040,491,6,6,0,0,0,0,255,0,0,0,0
1463083358,2001:470:83ae:2:212:6d02::4040,492,4,4,0,0,0,0,255,0,0,0,0
1463083358,2001:470:83ae:2:212:6d02::4040,493,6,6,0,0,0,0,255,0,0,0,0
1463083358,2001:470:83ae:2:212:6d02::4040,494,6,6,0,0,0,0,255,0,0,0,0
1463083358,2001:470:83ae:2:212:6d02::4040,495,4,4,0,0,0,0,255,0,0,0,0
1463083358,2001:470:83ae:2:212:6d02::4040,496,6,6,0,0,0,0,255,0,0,0,0
1463083358,2001:470:83ae:2:212:6d02::4040,497,5,5,0,0,0,0,255,0,0,0,0
1463083359,2001:470:83ae:2:212:6d02::4040,498,5,5,0,0,0,0,255,0,0,0,0
1463083359,2001:470:83ae:2:212:6d02::4040,499,4,4,0,0,0,0,255,0,0,0,0
1463083359,2001:470:83ae:2:212:6d02::4040,500,5,5,0,0,0,0,255,0,0,0,0
1463083359,2001:470:83ae:2:212:6d02::4040,501,5,5,0,0,0,0,255,0,0,0,0
1463083359,2001:470:83ae:2:212:6d02::4040,502,7,7,0,0,0,0,255,0,0,0,0
1463083359,2001:470:83ae:2:212:6d02::4040,503,4,4,0,0,0,0,255,0,0,0,0
1463083360,2001:470:83ae:2:212:6d02::4040,504,5,5,0,0,0,0,255,0,0,0,0
1463083360,2001:470:83ae:2:212:6d02::4040,505,5,5,0,0,0,0,255,0,0,0,0
1463083360,2001:470:83ae:2:212:6d02::4040,506,8,8,0,0,0,0,255,0,0,0,0
1463083360,2001:470:83ae:2:212:6d02::4040,507,4,4,0,0,0,0,255,0,0,0,0
1463083360,2001:470:83ae:2:212:6d02::4040,508,3,3,0,0,0,0,255,0,0,0,0
1463083360,2001:470:83ae:2:212:6d02::4040,509,1,1,0,0,0,0,255,0,0,0,0
1463083361,2001:470:83ae:2:212:6d02::4040,510,0,0,0,0,0,0,255,0,0,0,0
1463083361,2001:470:83ae:2:212:6d02::4040,511,1,1,0,0,0,0,255,0,0,0,0
1463083361,2001:470:83ae:2:212:6d02::4040,512,3,3,0,0,0,0,255,0,0,0,0
1463083361,2001:470:83ae:2:212:6d02::4040,513,0,0,0,0,0,0,255,0,0,0,0
1463083361,2001:470:83ae:2:212:6d02::4040,514,2,2,0,0,0,0,255,0,0,0,0
1463083361,2001:470:83ae:2:212:6d02::4040,515,0,0,0,0,0,0,255,0,0,0,0
1463083362,2001:470:83ae:2:212:6d02::4040,516,0,0,0,0,0,0,255,0,0,0,0
1463083362,2001:470:83ae:2:212:6d02::4040,517,4,4,0,0,0,0,255,0,0,0,0
1463083362,2001:470:83ae:2:212:6d02::4040,65535,23,23,0,0,0,0,255,0,0,0,0
1463083362,2001:470:83ae:2:212:6d02::4040,519,1,1,0,0,0,0,255,0,0,0,0
1463083362,2001:470:83ae:2:212:6d02::4040,520,0,0,0,0,0,0,255,0,0,0,0
1463083363,2001:470:83ae:2:212:6d02::4040,521,1,1,0,0,0,0,255,0,0,0,0
1463083363,2001:470:83ae:2:212:6d02::4040,522,0,0,0,0,0,0,255,0,0,0,0
1463083363,2001:470:83ae:2:212:6d02::4040,523,1,1,0,0,0,0,255,0,0,0,0
1463083363,2001:470:83ae:2:212:6d02::4040,524,0,0,0,0,0,0,255,0,0,0,0
1463083363,2001:470:83ae:2:212:6d02::4040,525,1,1,0,0,0,0,255,0,0,0,0
1463083363,2001:470:83ae:2:212:6d02::4040,526,0,0,0,0,0,0,255,0,0,0,0
1463083364,2001:470:83ae:2:212:6d02::4040,527,1,1,0,0,0,0,255,0,0,0,0
1463083364,2001:470:83ae:2:212:6d02::4040,528,0,0,0,0,0,0,255,0,0,0,0
1463083364,2001:470:83ae:2:212:6d02::4040,529,1,1,0,0,0,0,255,0,0,0,0
1463083364,2001:470:83ae:2:212:6d02::4040,530,0,0,0,0,0,0,255,0,0,0,0
1463083364,2001:470:83ae:2:212:6d02::4040,531,0,0,0,0,0,0,255,0,0,0,0
1463083364,2001:470:83ae:2:212:6d02::4040,532,1,1,0,0,0,0,255,0,0,0,0
1463083365,2001:470:83ae:2:212:6d02::4040,533,0,0,0,0,0,0,255,0,0,0,0
1463083365,2001:470:83ae:2:212:6d02::4040,534,1,1,0,0,0,0,255,0,0,0,0
1463083365,2001:470:83ae:2:212:6d02::4040,535,0,0,0,0,0,0,255,0,0,0,0
1463083365,2001:470:83ae:2:212:6d02::4040,536,1,1,0,0,0,0,255,0,0,0,0
1463083365,2001:470:83ae:2:212:6d02::4040,537,0,0,0,0,0,0,255,0,0,0,0
1463083365,2001:470:83ae:2:212:6d02::4040,538,1,1,0,0,0,0,255,0,0,0,0
1463083366,2001:470:83ae:2:212:6d02::4040,539,1,1,0,0,0,0,255,0,0,0,0
1463083366,2001:470:83ae:2:212:6d02::4040,540,1,1,0,0,0,0,255,0,0,0,0
1463083366,2001:470:83ae:2:212:6d02::4040,541,0,0,0,0,0,0,255,0,0,0,0
1463083366,2001:470:83ae:2:212:6d02::4040,542,1,1,0,0,0,0,255,0,0,0,0
1463083366,2001:470:83ae:2:212:6d02::4040,543,0,0,0,0,0,0,255,0,0,0,0
1463083366,2001:470:83ae:2:212:6d02::4040,544,1,1,0,0,0,0,255,0,0,0,0
1463083366,2001:470:83ae:2:212:6d02::4040,545,0,0,0,0,0,0,255,0,0,0,0
1463083367,2001:470:83ae:2:212:6d02::4040,546,1,1,0,0,0,0,255,0,0,0,0
1463083367,2001:470:83ae:2:212:6d02::4040,547,0,0,0,0,0,0,255,0,0,0,0
1463083367,2001:470:83ae:2:212:6d02::4040,548,1,1,0,0,0,0,255,0,0,0,0
1463083367,2001:470:83ae:2:212:6d02::4040,549,0,0,0,0,0,0,255,0,0,0,0
1463083367,2001:470:83ae:2:212:6d02::4040,550,2,2,0,0,0,0,255,0,0,0,0
1463083368,2001:470:83ae:2:212:6d02::4040,551,0,0,0,0,0,0,255,0,0,0,0
1463083368,2001:470:83ae:2:212:6d02::4040,552,1,1,0,0,0,0,255,0,0,0,0
1463083368,2001:470:83ae:2:212:6d02::4040,553,0,0,0,0,0,0,255,0,0,0,0
1463083368,2001:470:83ae:2:212:6d02::4040,554,1,1,0,0,0,0,255,0,0,0,0
1463083368,2001:470:83ae:2:212:6d02::4040,555,0,0,0,0,0,0,255,0,0,0,0
1463083368,2001:470:83ae:2:212:6d02::4040,556,1,1,0,0,0,0,255,0,0,0,0
1463083369,2001:470:83ae:2:212:6d02::4040,557,0,0,0,0,0,0,255,0,0,0,0
1463083369,2001:470:83ae:2:212:6d02::4040,558,1,1,0,0,0,0,255,0,0,0,0
1463083369,2001:470:83ae:2:212:6d02::4040,559,0,0,0,0,0,0,255,0,0,0,0
1463083369,2001:470:83ae:2:212:6d02::4040,560,1,1,0,0,0,0,255,0,0,0,0
1463083369,2001:470:83ae:2:212:6d02::4040,561,0,0,0,0,0,0,255,0,0,0,0
1463083369,2001:470:83ae:2:212:6d02::4040,562,1,1,0,0,0,0,255,0,0,0,0
1463083370,2001:470:83ae:2:212:6d02::4040,563,0,0,0,0,0,0,255,0,0,0,0
1463083370,2001:470:83ae:2:212:6d02::4040,564,1,1,0,0,0,0,255,0,0,0,0
1463083370,2001:470:83ae:2:212:6d02::4040,565,0,0,0,0,0,0,255,0,0,0,0
1463083370,2001:470:83ae:2:212:6d02::4040,566,1,1,0,0,0,0,255,0,0,0,0
1463083370,2001:470:83ae:2:212:6d02::4040,567,0,0,0,0,0,0,255,0,0,0,0
1463083370,2001:470:83ae:2:212:6d02::4040,568,1,1,0,0,0,0,255,0,0,0,0
1463083371,2001:470:83ae:2:212:6d02::4040,569,0,0,0,0,0,0,255,0,0,0,0
1463083371,2001:470:83ae:2:212:6d02::4040,570,1,1,0,0,0,0,255,0,0,0,0
1463083371,2001:470:83ae:2:212:6d02::4040,571,0,0,0,0,0,0,255,0,0,0,0
1463083371,2001:470:83ae:2:212:6d02::4040,572,1,1,0,0,0,0,255,0,0,0,0
1463083371,2001:470:83ae:2:212:6d02::4040,573,0,0,0,0,0,0,255,0,0,0,0
1463083371,2001:470:83ae:2:212:6d02::4040,574,1,1,0,0,0,0,255,0,0,0,0
1463083372,2001:470:83ae:2:212:6d02::4040,575,0,0,0,0,0,0,255,0,0,0,0
1463083372,2001:470:83ae:2:212:6d02::4040,576,1,1,0,0,0,0,255,0,0,0,0
1463083372,2001:470:83ae:2:212:6d02::4040,577,0,0,0,0,0,0,255,0,0,0,0
1463083372,2001:470:83ae:2:212:6d02::4040,578,1,1,0,0,0,0,255,0,0,0,0
1463083372,2001:470:83ae:2:212:6d02::4040,579,0,0,0,0,0,0,255,0,0,0,0
1463083372,2001:470:83ae:2:212:6d02::4040,580,1,1,0,0,0,0,255,0,0,0,0
1463083373,2001:470:83ae:2:212:6d02::4040,581,0,0,0,0,0,0,255,0,0,0,0
1463083373,2001:470:83ae:2:212:6d02::4040,582,1,1,0,0,0,0,255,0,0,0,0
1463083373,2001:470:83ae:2:212:6d02::4040,583,0,0,0,0,0,0,255,0,0,0,0
1463083373,2001:470:83ae:2:212:6d02::4040,584,1,1,0,0,0,0,255,0,0,0,0
1463083373,2001:470:83ae:2:212:6d02::4040,585,0,0,0,0,0,0,255,0,0,0,0
1463083374,2001:470:83ae:2:212:6d02::4040,586,1,1,0,0,0,0,255,0,0,0,0
1463083374,2001:470:83ae:2:212:6d02::4040,587,0,0,0,0,0,0,255,0,0,0,0
1463083374,2001:470:83ae:2:212:6d02::4040,588,1,1,0,0,0,0,255,0,0,0,0
1463083374,2001:470:83ae:2:212:6d02::4040,589,0,0,0,0,0,0,255,0,0,0,0
1463083374,2001:470:83ae:2:212:6d02::4040,590,2,2,0,0,0,0,255,0,0,0,0
1463083374,2001:470:83ae:2:212:6d02::4040,591,0,0,0,0,0,0,255,0,0,0,0
1463083375,2001:470:83ae:2:212:6d02::4040,592,1,1,0,0,0,0,255,0,0,0,0
1463083375,2001:470:83ae:2:212:6d02::4040,593,0,0,0,0,0,0,255,0,0,0,0
1463083375,2001:470:83ae:2:212:6d02::4040,594,1,1,0,0,0,0,255,0,0,0,0
1463083375,2001:470:83ae:2:212:6d02::4040,595,0,0,0,0,0,0,255,0,0,0,0
1463083375,2001:470:83ae:2:212:6d02::4040,596,1,1,0,0,0,0,255,0,0,0,0
1463083375,2001:470:83ae:2:212:6d02::4040,597,0,0,0,0,0,0,255,0,0,0,0
1463083376,2001:470:83ae:2:212:6d02::4040,598,1,1,0,0,0,0,255,0,0,0,0
1463083376,2001:470:83ae:2:212:6d02::4040,599,1,1,0,0,0,0,255,0,0,0,0
1463083376,2001:470:83ae:2:212:6d02::4040,600,1,1,0,0,0,0,255,0,0,0,0
1463083376,2001:470:83ae:2:212:6d02::4040,601,0,0,0,0,0,0,255,0,0,0,0
1463083376,2001:470:83ae:2:212:6d02::4040,602,1,1,0,0,0,0,255,0,0,0,0
1463083377,2001:470:83ae:2:212:6d02::4040,603,0,0,0,0,0,0,255,0,0,0,0
1463083377,2001:470:83ae:2:212:6d02::4040,604,1,1,0,0,0,0,255,0,0,0,0
1463083377,2001:470:83ae:2:212:6d02::4040,605,0,0,0,0,0,0,255,0,0,0,0
1463083377,2001:470:83ae:2:212:6d02::4040,606,1,1,0,0,0,0,255,0,0,0,0
1463083377,2001:470:83ae:2:212:6d02::4040,607,0,0,0,0,0,0,255,0,0,0,0
1463083378,2001:470:83ae:2:212:6d02::4040,608,1,1,0,0,0,0,255,0,0,0,0
1463083378,2001:470:83ae:2:212:6d02::4040,609,1,1,0,0,0,0,255,0,0,0,0
1463083378,2001:470:83ae:2:212:6d02::4040,610,0,0,0,0,0,0,255,0,0,0,0
1463083378,2001:470:83ae:2:212:6d02::4040,611,1,1,0,0,0,0,255,0,0,0,0
1463083378,2001:470:83ae:2:212:6d02::4040,612,0,0,0,0,0,0,255,0,0,0,0
1463083378,2001:470:83ae:2:212:6d02::4040,613,1,1,0,0,0,0,255,0,0,0,0
1463083379,2001:470:83ae:2:212:6d02::4040,614,0,0,0,0,0,0,255,0,0,0,0
1463083379,2001:470:83ae:2:212:6d02::4040,615,1,1,0,0,0,0,255,0,0,0,0
1463083379,2001:470:83ae:2:212:6d02::4040,616,0,0,0,0,0,0,255,0,0,0,0
1463083379,2001:470:83ae:2:212:6d02::4040,617,1,1,0,0,0,0,255,0,0,0,0
1463083379,2001:470:83ae:2:212:6d02::4040,618,0,0,0,0,0,0,255,0,0,0,0
1463083380,2001:470:83ae:2:212:6d02::4040,619,1,1,0,0,0,0,255,0,0,0,0
1463083380,2001:470:83ae:2:212:6d02::4040,620,0,0,0,0,0,0,255,0,0,0,0
1463083380,2001:470:83ae:2:212:6d02::4040,621,1,1,0,0,0,0,255,0,0,0,0
1463083380,2001:470:83ae:2:212:6d02::4040,622,0,0,0,0,0,0,255,0,0,0,0
1463083380,2001:470:83ae:2:212:6d02::4040,623,1,1,0,0,0,0,255,0,0,0,0
1463083380,2001:470:83ae:2:212:6d02::4040,624,0,0,0,0,0,0,255,0,0,0,0
1463083381,2001:470:83ae:2:212:6d02::4040,625,1,1,0,0,0,0,255,0,0,0,0
1463083381,2001:470:83ae:2:212:6d02::4040,626,0,0,0,0,0,0,255,0,0,0,0
1463083381,2001:470:83ae:2:212:6d02::4040,627,1,1,0,0,0,0,255,0,0,0,0
1463083381,2001:470:83ae:2:212:6d02::4040,628,0,0,0,0,0,0,255,0,0,0,0
1463083381,2001:470:83ae:2:212:6d02::4040,629,1,1,0,0,0,0,255,0,0,0,0
1463083381,2001:470:83ae:2:212:6d02::4040,630,0,0,0,0,0,0,255,0,0,0,0
1463083382,2001:470:83ae:2:212:6d02::4040,631,1,1,0,0,0,0,255,0,0,0,0
1463083382,2001:470:83ae:2:212:6d02::4040,632,0,0,0,0,0,0,255,0,0,0,0
1463083382,2001:470:83ae:2:212:6d02::4040,633,1,1,0,0,0,0,255,0,0,0,0
1463083382,2001:470:83ae:2:212:6d02::4040,634,0,0,0,0,0,0,255,0,0,0,0
1463083382,2001:470:83ae:2:212:6d02::4040,635,1,1,0,0,0,0,255,0,0,0,0
1463083382,2001:470:83ae:2:212:6d02::4040,636,0,0,0,0,0,0,255,0,0,0,0
1463083383,2001:470:83ae:2:212:6d02::4040,637,1,1,0,0,0,0,255,0,0,0,0
1463083383,2001:470:83ae:2:212:6d02::4040,638,0,0,0,0,0,0,255,0,0,0,0
1463083383,2001:470:83ae:2:212:6d02::4040,639,1,1,0,0,0,0,255,0,0,0,0
1463083383,2001:470:83ae:2:212:6d02::4040,640,0,0,0,0,0,0,255,0,0,0,0
1463083383,2001:470:83ae:2:212:6d02::4040,641,1,1,0,0,0,0,255,0,0,0,0
1463083383,2001:470:83ae:2:212:6d02::4040,642,0,0,0,0,0,0,255,0,0,0,0
1463083384,2001:470:83ae:2:212:6d02::4040,643,1,1,0,0,0,0,255,0,0,0,0
1463083384,2001:470:83ae:2:212:6d02::4040,644,0,0,0,0,0,0,255,0,0,0,0
1463083384,2001:470:83ae:2:212:6d02::4040,645,1,1,0,0,0,0,255,0,0,0,0
1463083384,2001:470:83ae:2:212:6d02::4040,646,0,0,0,0,0,0,255,0,0,0,0
1463083384,2001:470:83ae:2:212:6d02::4040,647,2,2,0,0,0,0,255,0,0,0,0
1463083385,2001:470:83ae:2:212:6d02::4040,648,0,0,0,0,0,0,255,0,0,0,0
1463083385,2001:470:83ae:2:212:6d02::4040,649,1,1,0,0,0,0,255,0,0,0,0
1463083385,2001:470:83ae:2:212:6d02::4040,650,0,0,0,0,0,0,255,0,0,0,0
1463083385,2001:470:83ae:2:212:6d02::4040,651,1,1,0,0,0,0,255,0,0,0,0
1463083385,2001:470:83ae:2:212:6d02::4040,652,0,0,0,0,0,0,255,0,0,0,0
1463083385,2001:470:83ae:2:212:6d02::4040,653,1,1,0,0,0,0,255,0,0,0,0
1463083385,2001:470:83ae:2:212:6d02::4040,654,0,0,0,0,0,0,255,0,0,0,0
1463083386,2001:470:83ae:2:212:6d02::4040,655,1,1,0,0,0,0,255,0,0,0,0
1463083386,2001:470:83ae:2:212:6d02::4040,656,0,0,0,0,0,0,255,0,0,0,0
1463083386,2001:470:83ae:2:212:6d02::4040,657,1,1,0,0,0,0,255,0,0,0,0
1463083386,2001:470:83ae:2:212:6d02::4040,658,0,0,0,0,0,0,255,0,0,0,0
1463083387,2001:470:83ae:2:212:6d02::4040,659,1,1,0,0,0,0,255,0,0,0,0
1463083387,2001:470:83ae:2:212:6d02::4040,660,0,0,0,0,0,0,255,0,0,0,0
1463083387,2001:470:83ae:2:212:6d02::4040,661,2,2,0,0,0,0,255,0,0,0,0
1463083387,2001:470:83ae:2:212:6d02::4040,662,0,0,0,0,0,0,255,0,0,0,0
1463083387,2001:470:83ae:2:212:6d02::4040,663,1,1,0,0,0,0,255,0,0,0,0
1463083388,2001:470:83ae:2:212:6d02::4040,664,0,0,0,0,0,0,255,0,0,0,0
1463083388,2001:470:83ae:2:212:6d02::4040,665,1,1,0,0,0,0,255,0,0,0,0
1463083388,2001:470:83ae:2:212:6d02::4040,666,0,0,0,0,0,0,255,0,0,0,0
1463083388,2001:470:83ae:2:212:6d02::4040,667,1,1,0,0,0,0,255,0,0,0,0
1463083388,2001:470:83ae:2:212:6d02::4040,668,0,0,0,0,0,0,255,0,0,0,0
1463083388,2001:470:83ae:2:212:6d02::4040,669,1,1,0,0,0,0,255,0,0,0,0
1463083389,2001:470:83ae:2:212:6d02::4040,670,0,0,0,0,0,0,255,0,0,0,0
1463083389,2001:470:83ae:2:212:6d02::4040,671,1,1,0,0,0,0,255,0,0,0,0
1463083389,2001:470:83ae:2:212:6d02::4040,672,0,0,0,0,0,0,255,0,0,0,0
1463083389,2001:470:83ae:2:212:6d02::4040,673,1,1,0,0,0,0,255,0,0,0,0
1463083389,2001:470:83ae:2:212:6d02::4040,674,0,0,0,0,0,0,255,0,0,0,0
1463083389,2001:470:83ae:2:212:6d02::4040,675,1,1,0,0,0,0,255,0,0,0,0
1463083390,2001:470:83ae:2:212:6d02::4040,676,0,0,0,0,0,0,255,0,0,0,0
1463083390,2001:470:83ae:2:212:6d02::4040,677,1,1,0,0,0,0,255,0,0,0,0
1463083390,2001:470:83ae:2:212:6d02::4040,678,0,0,0,0,0,0,255,0,0,0,0
1463083390,2001:470:83ae:2:212:6d02::4040,679,1,1,0,0,0,0,255,0,0,0,0
1463083390,2001:470:83ae:2:212:6d02::4040,680,0,0,0,0,0,0,255,0,0,0,0
1463083390,2001:470:83ae:2:212:6d02::4040,681,1,1,0,0,0,0,255,0,0,0,0
1463083391,2001:470:83ae:2:212:6d02::4040,682,0,0,0,0,0,0,255,0,0,0,0
1463083391,2001:470:83ae:2:212:6d02::4040,683,1,1,0,0,0,0,255,0,0,0,0
1463083391,2001:470:83ae:2:212:6d02::4040,684,0,0,0,0,0,0,255,0,0,0,0
1463083391,2001:470:83ae:2:212:6d02::4040,685,1,1,0,0,0,0,255,0,0,0,0
1463083391,2001:470:83ae:2:212:6d02::4040,686,0,0,0,0,0,0,255,0,0,0,0
1463083391,2001:470:83ae:2:212:6d02::4040,687,0,0,0,0,0,0,255,0,0,0,0
1463083392,2001:470:83ae:2:212:6d02::4040,688,1,1,0,0,0,0,255,0,0,0,0
1463083392,2001:470:83ae:2:212:6d02::4040,689,0,0,0,0,0,0,255,0,0,0,0
1463083392,2001:470:83ae:2:212:6d02::4040,690,1,1,0,0,0,0,255,0,0,0,0
1463083392,2001:470:83ae:2:212:6d02::4040,691,1,1,0,0,0,0,255,0,0,0,0
1463083392,2001:470:83ae:2:212:6d02::4040,692,1,1,0,0,0,0,255,0,0,0,0
1463083392,2001:470:83ae:2:212:6d02::4040,693,0,0,0,0,0,0,255,0,0,0,0
1463083393,2001:470:83ae:2:212:6d02::4040,694,1,1,0,0,0,0,255,0,0,0,0
1463083393,2001:470:83ae:2:212:6d02::4040,695,0,0,0,0,0,0,255,0,0,0,0
1463083393,2001:470:83ae:2:212:6d02::4040,696,1,1,0,0,0,0,255,0,0,0,0
1463083393,2001:470:83ae:2:212:6d02::4040,697,0,0,0,0,0,0,255,0,0,0,0
1463083393,2001:470:83ae:2:212:6d02::4040,698,1,1,0,0,0,0,255,0,0,0,0
1463083393,2001:470:83ae:2:212:6d02::4040,699,0,0,0,0,0,0,255,0,0,0,0
1463083394,2001:470:83ae:2:212:6d02::4040,700,1,1,0,0,0,0,255,0,0,0,0
1463083394,2001:470:83ae:2:212:6d02::4040,701,0,0,0,0,0,0,255,0,0,0,0
1463083394,2001:470:83ae:2:212:6d02::4040,702,1,1,0,0,0,0,255,0,0,0,0
1463083394,2001:470:83ae:2:212:6d02::4040,703,0,0,0,0,0,0,255,0,0,0,0
1463083394,2001:470:83ae:2:212:6d02::4040,704,1,1,0,0,0,0,255,0,0,0,0
1463083394,2001:470:83ae:2:212:6d02::4040,705,0,0,0,0,0,0,255,0,0,0,0
1463083395,2001:470:83ae:2:212:6d02::4040,706,1,1,0,0,0,0,255,0,0,0,0
1463083395,2001:470:83ae:2:212:6d02::4040,707,0,0,0,0,0,0,255,0,0,0,0
1463083395,2001:470:83ae:2:212:6d02::4040,708,1,1,0,0,0,0,255,0,0,0,0
1463083395,2001:470:83ae:2:212:6d02::4040,709,0,0,0,0,0,0,255,0,0,0,0
1463083395,2001:470:83ae:2:212:6d02::4040,710,1,1,0,0,0,0,255,0,0,0,0
1463083396,2001:470:83ae:2:212:6d02::4040,711,0,0,0,0,0,0,255,0,0,0,0
1463083396,2001:470:83ae:2:212:6d02::4040,712,1,1,0,0,0,0,255,0,0,0,0
1463083396,2001:470:83ae:2:212:6d02::4040,713,0,0,0,0,0,0,255,0,0,0,0
1463083396,2001:470:83ae:2:212:6d02::4040,714,1,1,0,0,0,0,255,0,0,0,0
1463083396,2001:470:83ae:2:212:6d02::4040,715,0,0,0,0,0,0,255,0,0,0,0
1463083396,2001:470:83ae:2:212:6d02::4040,716,1,1,0,0,0,0,255,0,0,0,0
1463083397,2001:470:83ae:2:212:6d02::4040,717,0,0,0,0,0,0,255,0,0,0,0
1463083397,2001:470:83ae:2:212:6d02::4040,718,1,1,0,0,0,0,255,0,0,0,0
1463083397,2001:470:83ae:2:212:6d02::4040,719,0,0,0,0,0,0,255,0,0,0,0
1463083397,2001:470:83ae:2:212:6d02::4040,720,1,1,0,0,0,0,255,0,0,0,0
1463083397,2001:470:83ae:2:212:6d02::4040,721,1,1,0,0,0,0,255,0,0,0,0
1463083397,2001:470:83ae:2:212:6d02::4040,722,1,1,0,0,0,0,255,0,0,0,0
1463083398,2001:470:83ae:2:212:6d02::4040,723,0,0,0,0,0,0,255,0,0,0,0
1463083398,2001:470:83ae:2:212:6d02::4040,724,1,1,0,0,0,0,255,0,0,0,0
1463083398,2001:470:83ae:2:212:6d02::4040,725,0,0,0,0,0,0,255,0,0,0,0
1463083398,2001:470:83ae:2:212:6d02::4040,726,1,1,0,0,0,0,255,0,0,0,0
1463083398,2001:470:83ae:2:212:6d02::4040,727,0,0,0,0,0,0,255,0,0,0,0
1463083398,2001:470:83ae:2:212:6d02::4040,728,1,1,0,0,0,0,255,0,0,0,0
1463083399,2001:470:83ae:2:212:6d02::4040,729,0,0,0,0,0,0,255,0,0,0,0
1463083399,2001:470:83ae:2:212:6d02::4040,730,1,1,0,0,0,0,255,0,0,0,0
1463083399,2001:470:83ae:2:212:6d02::4040,731,0,0,0,0,0,0,255,0,0,0,0
1463083399,2001:470:83ae:2:212:6d02::4040,732,1,1,0,0,0,0,255,0,0,0,0
1463083399,2001:470:83ae:2:212:6d02::4040,733,0,0,0,0,0,0,255,0,0,0,0
1463083399,2001:470:83ae:2:212:6d02::4040,734,1,1,0,0,0,0,255,0,0,0,0
1463083400,2001:470:83ae:2:212:6d02::4040,735,0,0,0,0,0,0,255,0,0,0,0
1463083400,2001:470:83ae:2:212:6d02::4040,736,1,1,0,0,0,0,255,0,0,0,0
1463083400,2001:470:83ae:2:212:6d02::4040,737,0,0,0,0,0,0,255,0,0,0,0
1463083400,2001:470:83ae:2:212:6d02::4040,738,1,1,0,0,0,0,255,0,0,0,0
1463083400,2001:470:83ae:2:212:6d02::4040,739,0,0,0,0,0,0,255,0,0,0,0
1463083400,2001:470:83ae:2:212:6d02::4040,740,1,1,0,0,0,0,255,0,0,0,0
1463083401,2001:470:83ae:2:212:6d02::4040,741,0,0,0,0,0,0,255,0,0,0,0
1463083401,2001:470:83ae:2:212:6d02::4040,742,2,2,0,0,0,0,255,0,0,0,0
1463083401,2001:470:83ae:2:212:6d02::4040,743,0,0,0,0,0,0,255,0,0,0,0
1463083401,2001:470:83ae:2:212:6d02::4040,744,1,1,0,0,0,0,255,0,0,0,0
1463083401,2001:470:83ae:2:212:6d02::4040,745,0,0,0,0,0,0,255,0,0,0,0
1463083401,2001:470:83ae:2:212:6d02::4040,746,1,1,0,0,0,0,255,0,0,0,0
1463083402,2001:470:83ae:2:212:6d02::4040,747,0,0,0,0,0,0,255,0,0,0,0
1463083402,2001:470:83ae:2:212:6d02::4040,748,1,1,0,0,0,0,255,0,0,0,0
1463083402,2001:470:83ae:2:212:6d02::4040,749,0,0,0,0,0,0,255,0,0,0,0
1463083402,2001:470:83ae:2:212:6d02::4040,750,1,1,0,0,0,0,255,0,0,0,0
1463083402,2001:470:83ae:2:212:6d02::4040,751,0,0,0,0,0,0,255,0,0,0,0
1463083402,2001:470:83ae:2:212:6d02::4040,752,1,1,0,0,0,0,255,0,0,0,0
1463083403,2001:470:83ae:2:212:6d02::4040,753,0,0,0,0,0,0,255,0,0,0,0
1463083403,2001:470:83ae:2:212:6d02::4040,754,1,1,0,0,0,0,255,0,0,0,0
1463083403,2001:470:83ae:2:212:6d02::4040,755,0,0,0,0,0,0,255,0,0,0,0
1463083403,2001:470:83ae:2:212:6d02::4040,756,1,1,0,0,0,0,255,0,0,0,0
1463083403,2001:470:83ae:2:212:6d02::4040,757,0,0,0,0,0,0,255,0,0,0,0
1463083403,2001:470:83ae:2:212:6d02::4040,758,1,1,0,0,0,0,255,0,0,0,0
1463083404,2001:470:83ae:2:212:6d02::4040,759,0,0,0,0,0,0,255,0,0,0,0
1463083404,2001:470:83ae:2:212:6d02::4040,760,1,1,0,0,0,0,255,0,0,0,0
1463083404,2001:470:83ae:2:212:6d02::4040,761,0,0,0,0,0,0,255,0,0,0,0
1463083404,2001:470:83ae:2:212:6d02::4040,762,1,1,0,0,0,0,255,0,0,0,0
1463083404,2001:470:83ae:2:212:6d02::4040,763,0,0,0,0,0,0,255,0,0,0,0
1463083404,2001:470:83ae:2:212:6d02::4040,764,1,1,0,0,0,0,255,0,0,0,0
1463083405,2001:470:83ae:2:212:6d02::4040,765,1,1,0,0,0,0,255,0,0,0,0
1463083405,2001:470:83ae:2:212:6d02::4040,766,0,0,0,0,0,0,255,0,0,0,0
1463083405,2001:470:83ae:2:212:6d02::4040,767,1,1,0,0,0,0,255,0,0,0,0
1463083405,2001:470:83ae:2:212:6d02::4040,768,0,0,0,0,0,0,255,0,0,0,0
1463083405,2001:470:83ae:2:212:6d02::4040,769,1,1,0,0,0,0,255,0,0,0,0
1463083405,2001:470:83ae:2:212:6d02::4040,770,0,0,0,0,0,0,255,0,0,0,0
1463083406,2001:470:83ae:2:212:6d02::4040,771,1,1,0,0,0,0,255,0,0,0,0
1463083406,2001:470:83ae:2:212:6d02::4040,772,0,0,0,0,0,0,255,0,0,0,0
1463083406,2001:470:83ae:2:212:6d02::4040,773,1,1,0,0,0,0,255,0,0,0,0
1463083406,2001:470:83ae:2:212:6d02::4040,774,0,0,0,0,0,0,255,0,0,0,0
1463083407,2001:470:83ae:2:212:6d02::4040,775,1,1,0,0,0,0,255,0,0,0,0
1463083407,2001:470:83ae:2:212:6d02::4040,776,0,0,0,0,0,0,255,0,0,0,0
1463083407,2001:470:83ae:2:212:6d02::4040,777,1,1,0,0,0,0,255,0,0,0,0
1463083407,2001:470:83ae:2:212:6d02::4040,778,0,0,0,0,0,0,255,0,0,0,0
1463083407,2001:470:83ae:2:212:6d02::4040,779,1,1,0,0,0,0,255,0,0,0,0
1463083408,2001:470:83ae:2:212:6d02::4040,780,0,0,0,0,0,0,255,0,0,0,0
1463083408,2001:470:83ae:2:212:6d02::4040,781,1,1,0,0,0,0,255,0,0,0,0
1463083408,2001:470:83ae:2:212:6d02::4040,782,0,0,0,0,0,0,255,0,0,0,0
1463083408,2001:470:83ae:2:212:6d02::4040,783,2,2,0,0,0,0,255,0,0,0,0
1463083408,2001:470:83ae:2:212:6d02::4040,784,0,0,0,0,0,0,255,0,0,0,0
1463083408,2001:470:83ae:2:212:6d02::4040,785,1,1,0,0,0,0,255,0,0,0,0
1463083409,2001:470:83ae:2:212:6d02::4040,786,0,0,0,0,0,0,255,0,0,0,0
1463083409,2001:470:83ae:2:212:6d02::4040,787,1,1,0,0,0,0,255,0,0,0,0
1463083409,2001:470:83ae:2:212:6d02::4040,788,0,0,0,0,0,0,255,0,0,0,0
1463083409,2001:470:83ae:2:212:6d02::4040,789,1,1,0,0,0,0,255,0,0,0,0
1463083409,2001:470:83ae:2:212:6d02::4040,790,0,0,0,0,0,0,255,0,0,0,0
1463083410,2001:470:83ae:2:212:6d02::4040,791,1,1,0,0,0,0,255,0,0,0,0
1463083410,2001:470:83ae:2:212:6d02::4040,792,0,0,0,0,0,0,255,0,0,0,0
1463083410,2001:470:83ae:2:212:6d02::4040,793,1,1,0,0,0,0,255,0,0,0,0
1463083410,2001:470:83ae:2:212:6d02::4040,794,0,0,0,0,0,0,255,0,0,0,0
1463083410,2001:470:83ae:2:212:6d02::4040,795,1,1,0,0,0,0,255,0,0,0,0
1463083410,2001:470:83ae:2:212:6d02::4040,796,0,0,0,0,0,0,255,0,0,0,0
1463083410,2001:470:83ae:2:212:6d02::4040,797,1,1,0,0,0,0,255,0,0,0,0
1463083411,2001:470:83ae:2:212:6d02::4040,798,0,0,0,0,0,0,255,0,0,0,0
1463083411,2001:470:83ae:2:212:6d02::4040,799,1,1,0,0,0,0,255,0,0,0,0
1463083411,2001:470:83ae:2:212:6d02::4040,800,0,0,0,0,0,0,255,0,0,0,0
1463083411,2001:470:83ae:2:212:6d02::4040,801,1,1,0,0,0,0,255,0,0,0,0
1463083411,2001:470:83ae:2:212:6d02::4040,802,0,0,0,0,0,0,255,0,0,0,0
1463083411,2001:470:83ae:2:212:6d02::4040,803,1,1,0,0,0,0,255,0,0,0,0
1463083412,2001:470:83ae:2:212:6d02::4040,804,0,0,0,0,0,0,255,0,0,0,0
1463083412,2001:470:83ae:2:212:6d02::4040,805,1,1,0,0,0,0,255,0,0,0,0
1463083412,2001:470:83ae:2:212:6d02::4040,806,0,0,0,0,0,0,255,0,0,0,0
1463083412,2001:470:83ae:2:212:6d02::4040,807,1,1,0,0,0,0,255,0,0,0,0
1463083412,2001:470:83ae:2:212:6d02::4040,808,0,0,0,0,0,0,255,0,0,0,0
1463083413,2001:470:83ae:2:212:6d02::4040,809,2,2,0,0,0,0,255,0,0,0,0
1463083413,2001:470:83ae:2:212:6d02::4040,810,0,0,0,0,0,0,255,0,0,0,0
1463083413,2001:470:83ae:2:212:6d02::4040,811,1,1,0,0,0,0,255,0,0,0,0
1463083413,2001:470:83ae:2:212:6d02::4040,812,0,0,0,0,0,0,255,0,0,0,0
1463083413,2001:470:83ae:2:212:6d02::4040,813,1,1,0,0,0,0,255,0,0,0,0
1463083413,2001:470:83ae:2:212:6d02::4040,814,0,0,0,0,0,0,255,0,0,0,0
1463083414,2001:470:83ae:2:212:6d02::4040,815,1,1,0,0,0,0,255,0,0,0,0
1463083414,2001:470:83ae:2:212:6d02::4040,816,0,0,0,0,0,0,255,0,0,0,0
1463083414,2001:470:83ae:2:212:6d02::4040,817,1,1,0,0,0,0,255,0,0,0,0
1463083414,2001:470:83ae:2:212:6d02::4040,818,0,0,0,0,0,0,255,0,0,0,0
1463083414,2001:470:83ae:2:212:6d02::4040,819,1,1,0,0,0,0,255,0,0,0,0
1463083414,2001:470:83ae:2:212:6d02::4040,820,0,0,0,0,0,0,255,0,0,0,0
1463083415,2001:470:83ae:2:212:6d02::4040,821,1,1,0,0,0,0,255,0,0,0,0
1463083415,2001:470:83ae:2:212:6d02::4040,822,0,0,0,0,0,0,255,0,0,0,0
1463083415,2001:470:83ae:2:212:6d02::4040,823,1,1,0,0,0,0,255,0,0,0,0
1463083415,2001:470:83ae:2:212:6d02::4040,824,0,0,0,0,0,0,255,0,0,0,0
1463083415,2001:470:83ae:2:212:6d02::4040,825,1,1,0,0,0,0,255,0,0,0,0
1463083415,2001:470:83ae:2:212:6d02::4040,826,0,0,0,0,0,0,255,0,0,0,0
1463083416,2001:470:83ae:2:212:6d02::4040,827,1,1,0,0,0,0,255,0,0,0,0
1463083416,2001:470:83ae:2:212:6d02::4040,828,0,0,0,0,0,0,255,0,0,0,0
1463083416,2001:470:83ae:2:212:6d02::4040,829,1,1,0,0,0,0,255,0,0,0,0
1463083416,2001:470:83ae:2:212:6d02::4040,830,0,0,0,0,0,0,255,0,0,0,0
1463083416,2001:470:83ae:2:212:6d02::4040,831,1,1,0,0,0,0,255,0,0,0,0
1463083416,2001:470:83ae:2:212:6d02::4040,832,0,0,0,0,0,0,255,0,0,0,0
1463083417,2001:470:83ae:2:212:6d02::4040,833,1,1,0,0,0,0,255,0,0,0,0
1463083417,2001:470:83ae:2:212:6d02::4040,834,0,0,0,0,0,0,255,0,0,0,0
1463083417,2001:470:83ae:2:212:6d02::4040,835,1,1,0,0,0,0,255,0,0,0,0
1463083417,2001:470:83ae:2:212:6d02::4040,836,0,0,0,0,0,0,255,0,0,0,0
1463083417,2001:470:83ae:2:212:6d02::4040,837,1,1,0,0,0,0,255,0,0,0,0
1463083418,2001:470:83ae:2:212:6d02::4040,838,1,1,0,0,0,0,255,0,0,0,0
1463083418,2001:470:83ae:2:212:6d02::4040,839,1,1,0,0,0,0,255,0,0,0,0
1463083418,2001:470:83ae:2:212:6d02::4040,840,0,0,0,0,0,0,255,0,0,0,0
1463083418,2001:470:83ae:2:212:6d02::4040,841,1,1,0,0,0,0,255,0,0,0,0
1463083418,2001:470:83ae:2:212:6d02::4040,842,0,0,0,0,0,0,255,0,0,0,0
1463083418,2001:470:83ae:2:212:6d02::4040,843,0,0,0,0,0,0,255,0,0,0,0
1463083419,2001:470:83ae:2:212:6d02::4040,844,1,1,0,0,0,0,255,0,0,0,0
1463083419,2001:470:83ae:2:212:6d02::4040,845,0,0,0,0,0,0,255,0,0,0,0
1463083419,2001:470:83ae:2:212:6d02::4040,846,2,2,0,0,0,0,255,0,0,0,0
1463083419,2001:470:83ae:2:212:6d02::4040,847,0,0,0,0,0,0,255,0,0,0,0
1463083419,2001:470:83ae:2:212:6d02::4040,848,1,1,0,0,0,0,255,0,0,0,0
1463083419,2001:470:83ae:2:212:6d02::4040,849,0,0,0,0,0,0,255,0,0,0,0
1463083420,2001:470:83ae:2:212:6d02::4040,850,1,1,0,0,0,0,255,0,0,0,0
1463083420,2001:470:83ae:2:212:6d02::4040,851,0,0,0,0,0,0,255,0,0,0,0
1463083420,2001:470:83ae:2:212:6d02::4040,852,1,1,0,0,0,0,255,0,0,0,0
1463083420,2001:470:83ae:2:212:6d02::4040,853,0,0,0,0,0,0,255,0,0,0,0
1463083420,2001:470:83ae:2:212:6d02::4040,854,1,1,0,0,0,0,255,0,0,0,0
1463083420,2001:470:83ae:2:212:6d02::4040,855,0,0,0,0,0,0,255,0,0,0,0
1463083421,2001:470:83ae:2:212:6d02::4040,856,1,1,0,0,0,0,255,0,0,0,0
1463083421,2001:470:83ae:2:212:6d02::4040,857,0,0,0,0,0,0,255,0,0,0,0
1463083421,2001:470:83ae:2:212:6d02::4040,858,1,1,0,0,0,0,255,0,0,0,0
1463083421,2001:470:83ae:2:212:6d02::4040,859,0,0,0,0,0,0,255,0,0,0,0
1463083421,2001:470:83ae:2:212:6d02::4040,860,1,1,0,0,0,0,255,0,0,0,0
1463083421,2001:470:83ae:2:212:6d02::4040,861,0,0,0,0,0,0,255,0,0,0,0
1463083422,2001:470:83ae:2:212:6d02::4040,862,1,1,0,0,0,0,255,0,0,0,0
1463083422,2001:470:83ae:2:212:6d02::4040,863,0,0,0,0,0,0,255,0,0,0,0
1463083422,2001:470:83ae:2:212:6d02::4040,864,1,1,0,0,0,0,255,0,0,0,0
1463083422,2001:470:83ae:2:212:6d02::4040,865,0,0,0,0,0,0,255,0,0,0,0
1463083422,2001:470:83ae:2:212:6d02::4040,866,1,1,0,0,0,0,255,0,0,0,0
1463083422,2001:470:83ae:2:212:6d02::4040,867,0,0,0,0,0,0,255,0,0,0,0
1463083423,2001:470:83ae:2:212:6d02::4040,868,1,1,0,0,0,0,255,0,0,0,0
1463083423,2001:470:83ae:2:212:6d02::4040,869,0,0,0,0,0,0,255,0,0,0,0
1463083423,2001:470:83ae:2:212:6d02::4040,870,1,1,0,0,0,0,255,0,0,0,0
1463083423,2001:470:83ae:2:212:6d02::4040,871,0,0,0,0,0,0,255,0,0,0,0
1463083423,2001:470:83ae:2:212:6d02::4040,872,1,1,0,0,0,0,255,0,0,0,0
1463083423,2001:470:83ae:2:212:6d02::4040,873,0,0,0,0,0,0,255,0,0,0,0
1463083424,2001:470:83ae:2:212:6d02::4040,874,1,1,0,0,0,0,255,0,0,0,0
1463083424,2001:470:83ae:2:212:6d02::4040,875,0,0,0,0,0,0,255,0,0,0,0
1463083424,2001:470:83ae:2:212:6d02::4040,876,1,1,0,0,0,0,255,0,0,0,0
1463083424,2001:470:83ae:2:212:6d02::4040,877,0,0,0,0,0,0,255,0,0,0,0
1463083424,2001:470:83ae:2:212:6d02::4040,878,1,1,0,0,0,0,255,0,0,0,0
1463083424,2001:470:83ae:2:212:6d02::4040,879,0,0,0,0,0,0,255,0,0,0,0
1463083425,2001:470:83ae:2:212:6d02::4040,880,1,1,0,0,0,0,255,0,0,0,0
1463083425,2001:470:83ae:2:212:6d02::4040,881,0,0,0,0,0,0,255,0,0,0,0
1463083425,2001:470:83ae:2:212:6d02::4040,882,1,1,0,0,0,0,255,0,0,0,0
1463083425,2001:470:83ae:2:212:6d02::4040,883,0,0,0,0,0,0,255,0,0,0,0
1463083425,2001:470:83ae:2:212:6d02::4040,884,1,1,0,0,0,0,255,0,0,0,0
1463083425,2001:470:83ae:2:212:6d02::4040,885,0,0,0,0,0,0,255,0,0,0,0
1463083426,2001:470:83ae:2:212:6d02::4040,886,1,1,0,0,0,0,255,0,0,0,0
1463083426,2001:470:83ae:2:212:6d02::4040,887,0,0,0,0,0,0,255,0,0,0,0
1463083426,2001:470:83ae:2:212:6d02::4040,888,1,1,0,0,0,0,255,0,0,0,0
1463083426,2001:470:83ae:2:212:6d02::4040,889,0,0,0,0,0,0,255,0,0,0,0
1463083426,2001:470:83ae:2:212:6d02::4040,890,1,1,0,0,0,0,255,0,0,0,0
1463083426,2001:470:83ae:2:212:6d02::4040,891,0,0,0,0,0,0,255,0,0,0,0
1463083427,2001:470:83ae:2:212:6d02::4040,892,1,1,0,0,0,0,255,0,0,0,0
1463083427,2001:470:83ae:2:212:6d02::4040,893,0,0,0,0,0,0,255,0,0,0,0
1463083427,2001:470:83ae:2:212:6d02::4040,894,1,1,0,0,0,0,255,0,0,0,0
1463083427,2001:470:83ae:2:212:6d02::4040,895,0,0,0,0,0,0,255,0,0,0,0
1463083427,2001:470:83ae:2:212:6d02::4040,896,1,1,0,0,0,0,255,0,0,0,0
1463083427,2001:470:83ae:2:212:6d02::4040,897,0,0,0,0,0,0,255,0,0,0,0
1463083428,2001:470:83ae:2:212:6d02::4040,898,1,1,0,0,0,0,255,0,0,0,0
1463083428,2001:470:83ae:2:212:6d02::4040,899,0,0,0,0,0,0,255,0,0,0,0
1463083428,2001:470:83ae:2:212:6d02::4040,900,1,1,0,0,0,0,255,0,0,0,0
1463083428,2001:470:83ae:2:212:6d02::4040,901,0,0,0,0,0,0,255,0,0,0,0
1463083428,2001:470:83ae:2:212:6d02::4040,902,1,1,0,0,0,0,255,0,0,0,0
1463083429,2001:470:83ae:2:212:6d02::4040,903,0,0,0,0,0,0,255,0,0,0,0
1463083429,2001:470:83ae:2:212:6d02::4040,904,2,2,0,0,0,0,255,0,0,0,0
1463083429,2001:470:83ae:2:212:6d02::4040,905,0,0,0,0,0,0,255,0,0,0,0
1463083429,2001:470:83ae:2:212:6d02::4040,906,1,1,0,0,0,0,255,0,0,0,0
1463083429,2001:470:83ae:2:212:6d02::4040,907,0,0,0,0,0,0,255,0,0,0,0
1463083429,2001:470:83ae:2:212:6d02::4040,908,1,1,0,0,0,0,255,0,0,0,0
1463083430,2001:470:83ae:2:212:6d02::4040,909,0,0,0,0,0,0,255,0,0,0,0
1463083430,2001:470:83ae:2:212:6d02::4040,910,2,2,0,0,0,0,255,0,0,0,0
1463083430,2001:470:83ae:2:212:6d02::4040,911,0,0,0,0,0,0,255,0,0,0,0
1463083430,2001:470:83ae:2:212:6d02::4040,912,1,1,0,0,0,0,255,0,0,0,0
1463083430,2001:470:83ae:2:212:6d02::4040,913,0,0,0,0,0,0,255,0,0,0,0
1463083430,2001:470:83ae:2:212:6d02::4040,914,1,1,0,0,0,0,255,0,0,0,0
1463083431,2001:470:83ae:2:212:6d02::4040,915,0,0,0,0,0,0,255,0,0,0,0
1463083431,2001:470:83ae:2:212:6d02::4040,916,1,1,0,0,0,0,255,0,0,0,0
1463083431,2001:470:83ae:2:212:6d02::4040,917,0,0,0,0,0,0,255,0,0,0,0
1463083431,2001:470:83ae:2:212:6d02::4040,918,1,1,0,0,0,0,255,0,0,0,0
1463083431,2001:470:83ae:2:212:6d02::4040,919,0,0,0,0,0,0,255,0,0,0,0
1463083431,2001:470:83ae:2:212:6d02::4040,920,1,1,0,0,0,0,255,0,0,0,0
1463083432,2001:470:83ae:2:212:6d02::4040,921,1,1,0,0,0,0,255,0,0,0,0
1463083432,2001:470:83ae:2:212:6d02::4040,922,0,0,0,0,0,0,255,0,0,0,0
1463083432,2001:470:83ae:2:212:6d02::4040,923,1,1,0,0,0,0,255,0,0,0,0
1463083432,2001:470:83ae:2:212:6d02::4040,924,0,0,0,0,0,0,255,0,0,0,0
1463083432,2001:470:83ae:2:212:6d02::4040,925,1,1,0,0,0,0,255,0,0,0,0
1463083432,2001:470:83ae:2:212:6d02::4040,926,0,0,0,0,0,0,255,0,0,0,0
1463083433,2001:470:83ae:2:212:6d02::4040,927,1,1,0,0,0,0,255,0,0,0,0
1463083433,2001:470:83ae:2:212:6d02::4040,928,0,0,0,0,0,0,255,0,0,0,0
1463083433,2001:470:83ae:2:212:6d02::4040,929,1,1,0,0,0,0,255,0,0,0,0
1463083433,2001:470:83ae:2:212:6d02::4040,930,0,0,0,0,0,0,255,0,0,0,0
1463083433,2001:470:83ae:2:212:6d02::4040,931,1,1,0,0,0,0,255,0,0,0,0
1463083433,2001:470:83ae:2:212:6d02::4040,932,0,0,0,0,0,0,255,0,0,0,0
1463083434,2001:470:83ae:2:212:6d02::4040,933,1,1,0,0,0,0,255,0,0,0,0
1463083434,2001:470:83ae:2:212:6d02::4040,934,0,0,0,0,0,0,255,0,0,0,0
1463083434,2001:470:83ae:2:212:6d02::4040,935,1,1,0,0,0,0,255,0,0,0,0
1463083434,2001:470:83ae:2:212:6d02::4040,936,0,0,0,0,0,0,255,0,0,0,0
1463083434,2001:470:83ae:2:212:6d02::4040,937,1,1,0,0,0,0,255,0,0,0,0
1463083434,2001:470:83ae:2:212:6d02::4040,938,0,0,0,0,0,0,255,0,0,0,0
1463083435,2001:470:83ae:2:212:6d02::4040,939,1,1,0,0,0,0,255,0,0,0,0
1463083435,2001:470:83ae:2:212:6d02::4040,940,0,0,0,0,0,0,255,0,0,0,0
1463083435,2001:470:83ae:2:212:6d02::4040,941,1,1,0,0,0,0,255,0,0,0,0
1463083435,2001:470:83ae:2:212:6d02::4040,942,0,0,0,0,0,0,255,0,0,0,0
1463083435,2001:470:83ae:2:212:6d02::4040,943,1,1,0,0,0,0,255,0,0,0,0
1463083435,2001:470:83ae:2:212:6d02::4040,944,0,0,0,0,0,0,255,0,0,0,0
1463083436,2001:470:83ae:2:212:6d02::4040,945,1,1,0,0,0,0,255,0,0,0,0
1463083436,2001:470:83ae:2:212:6d02::4040,946,1,1,0,0,0,0,255,0,0,0,0
1463083436,2001:470:83ae:2:212:6d02::4040,947,1,1,0,0,0,0,255,0,0,0,0
1463083436,2001:470:83ae:2:212:6d02::4040,948,0,0,0,0,0,0,255,0,0,0,0
1463083436,2001:470:83ae:2:212:6d02::4040,949,1,1,0,0,0,0,255,0,0,0,0
1463083436,2001:470:83ae:2:212:6d02::4040,950,0,0,0,0,0,0,255,0,0,0,0
1463083437,2001:470:83ae:2:212:6d02::4040,951,1,1,0,0,0,0,255,0,0,0,0
1463083437,2001:470:83ae:2:212:6d02::4040,952,0,0,0,0,0,0,255,0,0,0,0
1463083437,2001:470:83ae:2:212:6d02::4040,953,1,1,0,0,0,0,255,0,0,0,0
1463083437,2001:470:83ae:2:212:6d02::4040,954,0,0,0,0,0,0,255,0,0,0,0
1463083437,2001:470:83ae:2:212:6d02::4040,955,1,1,0,0,0,0,255,0,0,0,0
1463083437,2001:470:83ae:2:212:6d02::4040,956,0,0,0,0,0,0,255,0,0,0,0
1463083438,2001:470:83ae:2:212:6d02::4040,957,1,1,0,0,0,0,255,0,0,0,0
1463083438,2001:470:83ae:2:212:6d02::4040,958,0,0,0,0,0,0,255,0,0,0,0
1463083438,2001:470:83ae:2:212:6d02::4040,959,1,1,0,0,0,0,255,0,0,0,0
1463083438,2001:470:83ae:2:212:6d02::4040,960,0,0,0,0,0,0,255,0,0,0,0
1463083438,2001:470:83ae:2:212:6d02::4040,961,1,1,0,0,0,0,255,0,0,0,0
1463083439,2001:470:83ae:2:212:6d02::4040,962,0,0,0,0,0,0,255,0,0,0,0
1463083439,2001:470:83ae:2:212:6d02::4040,963,2,2,0,0,0,0,255,0,0,0,0
1463083439,2001:470:83ae:2:212:6d02::4040,964,0,0,0,0,0,0,255,0,0,0,0
1463083439,2001:470:83ae:2:212:6d02::4040,965,1,1,0,0,0,0,255,0,0,0,0
1463083439,2001:470:83ae:2:212:6d02::4040,966,0,0,0,0,0,0,255,0,0,0,0
1463083440,2001:470:83ae:2:212:6d02::4040,967,1,1,0,0,0,0,255,0,0,0,0
1463083440,2001:470:83ae:2:212:6d02::4040,968,0,0,0,0,0,0,255,0,0,0,0
1463083440,2001:470:83ae:2:212:6d02::4040,969,1,1,0,0,0,0,255,0,0,0,0
1463083440,2001:470:83ae:2:212:6d02::4040,970,0,0,0,0,0,0,255,0,0,0,0
1463083440,2001:470:83ae:2:212:6d02::4040,971,1,1,0,0,0,0,255,0,0,0,0
1463083440,2001:470:83ae:2:212:6d02::4040,972,0,0,0,0,0,0,255,0,0,0,0
1463083441,2001:470:83ae:2:212:6d02::4040,973,1,1,0,0,0,0,255,0,0,0,0
1463083441,2001:470:83ae:2:212:6d02::4040,974,0,0,0,0,0,0,255,0,0,0,0
1463083441,2001:470:83ae:2:212:6d02::4040,975,1,1,0,0,0,0,255,0,0,0,0
1463083441,2001:470:83ae:2:212:6d02::4040,976,0,0,0,0,0,0,255,0,0,0,0
1463083441,2001:470:83ae:2:212:6d02::4040,977,1,1,0,0,0,0,255,0,0,0,0
1463083441,2001:470:83ae:2:212:6d02::4040,978,0,0,0,0,0,0,255,0,0,0,0
1463083442,2001:470:83ae:2:212:6d02::4040,979,5,5,0,0,0,0,255,0,0,0,0
1463083442,2001:470:83ae:2:212:6d02::4040,980,1,1,0,0,0,0,255,0,0,0,0
1463083442,2001:470:83ae:2:212:6d02::4040,981,2,2,0,0,0,0,255,0,0,0,0
1463083442,2001:470:83ae:2:212:6d02::4040,982,0,0,0,0,0,0,255,0,0,0,0
1463083442,2001:470:83ae:2:212:6d02::4040,983,1,1,0,0,0,0,255,0,0,0,0
1463083442,2001:470:83ae:2:212:6d02::4040,984,0,0,0,0,0,0,255,0,0,0,0
1463083443,2001:470:83ae:2:212:6d02::4040,985,2,2,0,0,0,0,255,0,0,0,0
1463083443,2001:470:83ae:2:212:6d02::4040,986,0,0,0,0,0,0,255,0,0,0,0
1463083443,2001:470:83ae:2:212:6d02::4040,987,1,1,0,0,0,0,255,0,0,0,0
1463083443,2001:470:83ae:2:212:6d02::4040,988,0,0,0,0,0,0,255,0,0,0,0
1463083443,2001:470:83ae:2:212:6d02::4040,989,1,1,0,0,0,0,255,0,0,0,0
1463083443,2001:470:83ae:2:212:6d02::4040,990,1,1,0,0,0,0,255,0,0,0,0
1463083444,2001:470:83ae:2:212:6d02::4040,991,1,1,0,0,0,0,255,0,0,0,0
1463083444,2001:470:83ae:2:212:6d02::4040,992,0,0,0,0,0,0,255,0,0,0,0
1463083444,2001:470:83ae:2:212:6d02::4040,993,1,1,0,0,0,0,255,0,0,0,0
1463083444,2001:470:83ae:2:212:6d02::4040,994,0,0,0,0,0,0,255,0,0,0,0
1463083444,2001:470:83ae:2:212:6d02::4040,995,1,1,0,0,0,0,255,0,0,0,0
1463083444,2001:470:83ae:2:212:6d02::4040,996,0,0,0,0,0,0,255,0,0,0,0
1463083445,2001:470:83ae:2:212:6d02::4040,997,1,1,0,0,0,0,255,0,0,0,0
1463083445,2001:470:83ae:2:212:6d02::4040,998,1,1,0,0,0,0,255,0,0,0,0
1463083445,2001:470:83ae:2:212:6d02::4040,999,0,0,0,0,0,0,255,0,0,0,0
1463083445,2001:470:83ae:2:212:6d02::4040,1000,1,1,0,0,0,0,255,0,0,0,0
1463083445,2001:470:83ae:2:212:6d02::4040,1001,1,1,0,0,0,0,255,0,0,0,0
1463083446,2001:470:83ae:2:212:6d02::4040,1002,1,1,0,0,0,0,255,0,0,0,0
1463083446,2001:470:83ae:2:212:6d02::4040,1003,0,0,0,0,0,0,255,0,0,0,0
1463083446,2001:470:83ae:2:212:6d02::4040,1004,1,1,0,0,0,0,255,0,0,0,0
1463083446,2001:470:83ae:2:212:6d02::4040,1005,0,0,0,0,0,0,255,0,0,0,0
1463083446,2001:470:83ae:2:212:6d02::4040,1006,1,1,0,0,0,0,255,0,0,0,0
1463083446,2001:470:83ae:2:212:6d02::4040,1007,0,0,0,0,0,0,255,0,0,0,0
1463083447,2001:470:83ae:2:212:6d02::4040,1008,1,1,0,0,0,0,255,0,0,0,0
1463083447,2001:470:83ae:2:212:6d02::4040,1009,0,0,0,0,0,0,255,0,0,0,0
1463083447,2001:470:83ae:2:212:6d02::4040,1010,1,1,0,0,0,0,255,0,0,0,0
1463083447,2001:470:83ae:2:212:6d02::4040,1011,0,0,0,0,0,0,255,0,0,0,0
1463083447,2001:470:83ae:2:212:6d02::4040,1012,1,1,0,0,0,0,255,0,0,0,0
1463083447,2001:470:83ae:2:212:6d02::4040,1013,0,0,0,0,0,0,255,0,0,0,0
1463083448,2001:470:83ae:2:212:6d02::4040,1014,1,1,0,0,0,0,255,0,0,0,0
1463083448,2001:470:83ae:2:212:6d02::4040,1015,0,0,0,0,0,0,255,0,0,0,0
1463083448,2001:470:83ae:2:212:6d02::4040,1016,1,1,0,0,0,0,255,0,0,0,0
1463083448,2001:470:83ae:2:212:6d02::4040,1017,0,0,0,0,0,0,255,0,0,0,0
1463083448,2001:470:83ae:2:212:6d02::4040,1018,1,1,0,0,0,0,255,0,0,0,0
1463083448,2001:470:83ae:2:212:6d02::4040,1019,0,0,0,0,0,0,255,0,0,0,0
1463083449,2001:470:83ae:2:212:6d02::4040,1020,1,1,0,0,0,0,255,0,0,0,0
1463083449,2001:470:83ae:2:212:6d02::4040,1021,0,0,0,0,0,0,255,0,0,0,0
1463083449,2001:470:83ae:2:212:6d02::4040,1022,1,1,0,0,0,0,255,0,0,0,0
1463083449,2001:470:83ae:2:212:6d02::4040,1023,0,0,0,0,0,0,255,0,0,0,0
1463083449,2001:470:83ae:2:212:6d02::4040,1024,1,1,0,0,0,0,255,0,0,0,0
1463083450,2001:470:83ae:2:212:6d02::4040,1025,1,1,0,0,0,0,255,0,0,0,0
1463083450,2001:470:83ae:2:212:6d02::4040,1026,1,1,0,0,0,0,255,0,0,0,0
1463083450,2001:470:83ae:2:212:6d02::4040,1027,1,1,0,0,0,0,255,0,0,0,0
1463083450,2001:470:83ae:2:212:6d02::4040,1028,1,1,0,0,0,0,255,0,0,0,0
1463083450,2001:470:83ae:2:212:6d02::4040,1029,0,0,0,0,0,0,255,0,0,0,0
1463083450,2001:470:83ae:2:212:6d02::4040,1030,1,1,0,0,0,0,255,0,0,0,0
1463083451,2001:470:83ae:2:212:6d02::4040,1031,0,0,0,0,0,0,255,0,0,0,0
1463083451,2001:470:83ae:2:212:6d02::4040,1032,1,1,0,0,0,0,255,0,0,0,0
1463083451,2001:470:83ae:2:212:6d02::4040,1033,0,0,0,0,0,0,255,0,0,0,0
1463083451,2001:470:83ae:2:212:6d02::4040,1034,1,1,0,0,0,0,255,0,0,0,0
1463083451,2001:470:83ae:2:212:6d02::4040,1035,0,0,0,0,0,0,255,0,0,0,0
1463083451,2001:470:83ae:2:212:6d02::4040,1036,1,1,0,0,0,0,255,0,0,0,0
1463083452,2001:470:83ae:2:212:6d02::4040,1037,0,0,0,0,0,0,255,0,0,0,0
1463083452,2001:470:83ae:2:212:6d02::4040,1038,1,1,0,0,0,0,255,0,0,0,0
1463083452,2001:470:83ae:2:212:6d02::4040,1039,0,0,0,0,0,0,255,0,0,0,0
1463083452,2001:470:83ae:2:212:6d02::4040,1040,1,1,0,0,0,0,255,0,0,0,0
1463083453,2001:470:83ae:2:212:6d02::4040,1041,0,0,0,0,0,0,255,0,0,0,0
1463083453,2001:470:83ae:2:212:6d02::4040,1042,1,1,0,0,0,0,255,0,0,0,0
1463083453,2001:470:83ae:2:212:6d02::4040,1043,0,0,0,0,0,0,255,0,0,0,0
1463083453,2001:470:83ae:2:212:6d02::4040,1044,1,1,0,0,0,0,255,0,0,0,0
1463083453,2001:470:83ae:2:212:6d02::4040,1045,0,0,0,0,0,0,255,0,0,0,0
1463083454,2001:470:83ae:2:212:6d02::4040,1046,1,1,0,0,0,0,255,0,0,0,0
1463083454,2001:470:83ae:2:212:6d02::4040,1047,0,0,0,0,0,0,255,0,0,0,0
1463083454,2001:470:83ae:2:212:6d02::4040,1048,1,1,0,0,0,0,255,0,0,0,0
1463083454,2001:470:83ae:2:212:6d02::4040,1049,0,0,0,0,0,0,255,0,0,0,0
1463083454,2001:470:83ae:2:212:6d02::4040,1050,1,1,0,0,0,0,255,0,0,0,0
1463083454,2001:470:83ae:2:212:6d02::4040,1051,0,0,0,0,0,0,255,0,0,0,0
1463083455,2001:470:83ae:2:212:6d02::4040,1052,1,1,0,0,0,0,255,0,0,0,0
1463083455,2001:470:83ae:2:212:6d02::4040,1053,0,0,0,0,0,0,255,0,0,0,0
1463083455,2001:470:83ae:2:212:6d02::4040,1054,1,1,0,0,0,0,255,0,0,0,0
1463083455,2001:470:83ae:2:212:6d02::4040,1055,0,0,0,0,0,0,255,0,0,0,0
1463083455,2001:470:83ae:2:212:6d02::4040,1056,1,1,0,0,0,0,255,0,0,0,0
1463083455,2001:470:83ae:2:212:6d02::4040,1057,0,0,0,0,0,0,255,0,0,0,0
1463083456,2001:470:83ae:2:212:6d02::4040,1058,1,1,0,0,0,0,255,0,0,0,0
1463083456,2001:470:83ae:2:212:6d02::4040,1059,0,0,0,0,0,0,255,0,0,0,0
1463083456,2001:470:83ae:2:212:6d02::4040,1060,1,1,0,0,0,0,255,0,0,0,0
1463083456,2001:470:83ae:2:212:6d02::4040,1061,0,0,0,0,0,0,255,0,0,0,0
1463083456,2001:470:83ae:2:212:6d02::4040,1062,1,1,0,0,0,0,255,0,0,0,0
1463083456,2001:470:83ae:2:212:6d02::4040,1063,0,0,0,0,0,0,255,0,0,0,0
1463083457,2001:470:83ae:2:212:6d02::4040,1064,1,1,0,0,0,0,255,0,0,0,0
1463083457,2001:470:83ae:2:212:6d02::4040,1065,0,0,0,0,0,0,255,0,0,0,0
1463083457,2001:470:83ae:2:212:6d02::4040,1066,1,1,0,0,0,0,255,0,0,0,0
1463083457,2001:470:83ae:2:212:6d02::4040,1067,0,0,0,0,0,0,255,0,0,0,0
1463083457,2001:470:83ae:2:212:6d02::4040,1068,1,1,0,0,0,0,255,0,0,0,0
1463083457,2001:470:83ae:2:212:6d02::4040,1069,0,0,0,0,0,0,255,0,0,0,0
1463083458,2001:470:83ae:2:212:6d02::4040,1070,1,1,0,0,0,0,255,0,0,0,0
1463083458,2001:470:83ae:2:212:6d02::4040,1071,1,1,0,0,0,0,255,0,0,0,0
1463083458,2001:470:83ae:2:212:6d02::4040,1072,1,1,0,0,0,0,255,0,0,0,0
1463083458,2001:470:83ae:2:212:6d02::4040,1073,0,0,0,0,0,0,255,0,0,0,0
1463083458,2001:470:83ae:2:212:6d02::4040,1074,1,1,0,0,0,0,255,0,0,0,0
1463083458,2001:470:83ae:2:212:6d02::4040,1075,0,0,0,0,0,0,255,0,0,0,0
1463083459,2001:470:83ae:2:212:6d02::4040,1076,0,0,0,0,0,0,255,0,0,0,0
1463083459,2001:470:83ae:2:212:6d02::4040,1077,1,1,0,0,0,0,255,0,0,0,0
1463083459,2001:470:83ae:2:212:6d02::4040,1078,0,0,0,0,0,0,255,0,0,0,0
1463083459,2001:470:83ae:2:212:6d02::4040,1079,1,1,0,0,0,0,255,0,0,0,0
1463083459,2001:470:83ae:2:212:6d02::4040,1080,0,0,0,0,0,0,255,0,0,0,0
1463083459,2001:470:83ae:2:212:6d02::4040,1081,1,1,0,0,0,0,255,0,0,0,0
1463083460,2001:470:83ae:2:212:6d02::4040,1082,0,0,0,0,0,0,255,0,0,0,0
1463083460,2001:470:83ae:2:212:6d02::4040,1083,1,1,0,0,0,0,255,0,0,0,0
1463083460,2001:470:83ae:2:212:6d02::4040,1084,0,0,0,0,0,0,255,0,0,0,0
1463083460,2001:470:83ae:2:212:6d02::4040,1085,2,2,0,0,0,0,255,0,0,0,0
1463083460,2001:470:83ae:2:212:6d02::4040,1086,0,0,0,0,0,0,255,0,0,0,0
1463083460,2001:470:83ae:2:212:6d02::4040,1087,1,1,0,0,0,0,255,0,0,0,0
1463083461,2001:470:83ae:2:212:6d02::4040,1088,0,0,0,0,0,0,255,0,0,0,0
1463083461,2001:470:83ae:2:212:6d02::4040,1089,1,1,0,0,0,0,255,0,0,0,0
1463083461,2001:470:83ae:2:212:6d02::4040,1090,0,0,0,0,0,0,255,0,0,0,0
1463083461,2001:470:83ae:2:212:6d02::4040,1091,1,1,0,0,0,0,255,0,0,0,0
1463083461,2001:470:83ae:2:212:6d02::4040,1092,0,0,0,0,0,0,255,0,0,0,0
1463083461,2001:470:83ae:2:212:6d02::4040,1093,1,1,0,0,0,0,255,0,0,0,0
1463083462,2001:470:83ae:2:212:6d02::4040,1094,0,0,0,0,0,0,255,0,0,0,0
1463083462,2001:470:83ae:2:212:6d02::4040,1095,1,1,0,0,0,0,255,0,0,0,0
1463083462,2001:470:83ae:2:212:6d02::4040,1096,0,0,0,0,0,0,255,0,0,0,0
1463083462,2001:470:83ae:2:212:6d02::4040,1097,1,1,0,0,0,0,255,0,0,0,0
1463083462,2001:470:83ae:2:212:6d02::4040,1098,0,0,0,0,0,0,255,0,0,0,0
1463083462,2001:470:83ae:2:212:6d02::4040,1099,1,1,0,0,0,0,255,0,0,0,0
1463083463,2001:470:83ae:2:212:6d02::4040,1100,0,0,0,0,0,0,255,0,0,0,0
1463083463,2001:470:83ae:2:212:6d02::4040,1101,1,1,0,0,0,0,255,0,0,0,0
1463083463,2001:470:83ae:2:212:6d02::4040,1102,0,0,0,0,0,0,255,0,0,0,0
1463083463,2001:470:83ae:2:212:6d02::4040,1103,1,1,0,0,0,0,255,0,0,0,0
1463083463,2001:470:83ae:2:212:6d02::4040,1104,0,0,0,0,0,0,255,0,0,0,0
1463083463,2001:470:83ae:2:212:6d02::4040,1105,1,1,0,0,0,0,255,0,0,0,0
1463083464,2001:470:83ae:2:212:6d02::4040,1106,0,0,0,0,0,0,255,0,0,0,0
1463083464,2001:470:83ae:2:212:6d02::4040,1107,1,1,0,0,0,0,255,0,0,0,0
1463083464,2001:470:83ae:2:212:6d02::4040,1108,0,0,0,0,0,0,255,0,0,0,0
1463083464,2001:470:83ae:2:212:6d02::4040,1109,1,1,0,0,0,0,255,0,0,0,0
1463083464,2001:470:83ae:2:212:6d02::4040,1110,1,1,0,0,0,0,255,0,0,0,0
1463083464,2001:470:83ae:2:212:6d02::4040,1111,1,1,0,0,0,0,255,0,0,0,0
1463083465,2001:470:83ae:2:212:6d02::4040,1112,0,0,0,0,0,0,255,0,0,0,0
1463083465,2001:470:83ae:2:212:6d02::4040,1113,1,1,0,0,0,0,255,0,0,0,0
1463083465,2001:470:83ae:2:212:6d02::4040,1114,0,0,0,0,0,0,255,0,0,0,0
1463083465,2001:470:83ae:2:212:6d02::4040,1115,1,1,0,0,0,0,255,0,0,0,0
1463083465,2001:470:83ae:2:212:6d02::4040,1116,0,0,0,0,0,0,255,0,0,0,0
1463083465,2001:470:83ae:2:212:6d02::4040,1117,1,1,0,0,0,0,255,0,0,0,0
1463083466,2001:470:83ae:2:212:6d02::4040,1118,0,0,0,0,0,0,255,0,0,0,0
1463083466,2001:470:83ae:2:212:6d02::4040,1119,1,1,0,0,0,0,255,0,0,0,0
1463083466,2001:470:83ae:2:212:6d02::4040,1120,0,0,0,0,0,0,255,0,0,0,0
1463083466,2001:470:83ae:2:212:6d02::4040,1121,1,1,0,0,0,0,255,0,0,0,0
1463083466,2001:470:83ae:2:212:6d02::4040,1122,0,0,0,0,0,0,255,0,0,0,0
1463083466,2001:470:83ae:2:212:6d02::4040,1123,1,1,0,0,0,0,255,0,0,0,0
1463083467,2001:470:83ae:2:212:6d02::4040,1124,0,0,0,0,0,0,255,0,0,0,0
1463083467,2001:470:83ae:2:212:6d02::4040,1125,1,1,0,0,0,0,255,0,0,0,0
1463083467,2001:470:83ae:2:212:6d02::4040,1126,0,0,0,0,0,0,255,0,0,0,0
1463083467,2001:470:83ae:2:212:6d02::4040,1127,1,1,0,0,0,0,255,0,0,0,0
1463083467,2001:470:83ae:2:212:6d02::4040,1128,0,0,0,0,0,0,255,0,0,0,0
1463083467,2001:470:83ae:2:212:6d02::4040,1129,1,1,0,0,0,0,255,0,0,0,0
1463083468,2001:470:83ae:2:212:6d02::4040,1130,0,0,0,0,0,0,255,0,0,0,0
1463083468,2001:470:83ae:2:212:6d02::4040,1131,1,1,0,0,0,0,255,0,0,0,0
1463083468,2001:470:83ae:2:212:6d02::4040,1132,0,0,0,0,0,0,255,0,0,0,0
1463083468,2001:470:83ae:2:212:6d02::4040,1133,1,1,0,0,0,0,255,0,0,0,0
1463083468,2001:470:83ae:2:212:6d02::4040,1134,0,0,0,0,0,0,255,0,0,0,0
1463083468,2001:470:83ae:2:212:6d02::4040,1135,1,1,0,0,0,0,255,0,0,0,0
1463083469,2001:470:83ae:2:212:6d02::4040,1136,0,0,0,0,0,0,255,0,0,0,0
1463083469,2001:470:83ae:2:212:6d02::4040,1137,1,1,0,0,0,0,255,0,0,0,0
1463083469,2001:470:83ae:2:212:6d02::4040,1138,0,0,0,0,0,0,255,0,0,0,0
1463083469,2001:470:83ae:2:212:6d02::4040,1139,1,1,0,0,0,0,255,0,0,0,0
1463083469,2001:470:83ae:2:212:6d02::4040,1140,0,0,0,0,0,0,255,0,0,0,0
1463083469,2001:470:83ae:2:212:6d02::4040,1141,1,1,0,0,0,0,255,0,0,0,0
1463083470,2001:470:83ae:2:212:6d02::4040,1142,0,0,0,0,0,0,255,0,0,0,0
1463083470,2001:470:83ae:2:212:6d02::4040,1143,1,1,0,0,0,0,255,0,0,0,0
1463083470,2001:470:83ae:2:212:6d02::4040,1144,0,0,0,0,0,0,255,0,0,0,0
1463083470,2001:470:83ae:2:212:6d02::4040,1145,1,1,0,0,0,0,255,0,0,0,0
1463083470,2001:470:83ae:2:212:6d02::4040,1146,1,1,0,0,0,0,255,0,0,0,0
1463083470,2001:470:83ae:2:212:6d02::4040,1147,1,1,0,0,0,0,255,0,0,0,0
1463083471,2001:470:83ae:2:212:6d02::4040,1148,0,0,0,0,0,0,255,0,0,0,0
1463083471,2001:470:83ae:2:212:6d02::4040,1149,1,1,0,0,0,0,255,0,0,0,0
1463083471,2001:470:83ae:2:212:6d02::4040,1150,0,0,0,0,0,0,255,0,0,0,0
1463083471,2001:470:83ae:2:212:6d02::4040,1151,1,1,0,0,0,0,255,0,0,0,0
1463083471,2001:470:83ae:2:212:6d02::4040,1152,0,0,0,0,0,0,255,0,0,0,0
1463083471,2001:470:83ae:2:212:6d02::4040,1153,1,1,0,0,0,0,255,0,0,0,0
1463083472,2001:470:83ae:2:212:6d02::4040,1154,1,1,0,0,0,0,255,0,0,0,0
1463083472,2001:470:83ae:2:212:6d02::4040,1155,0,0,0,0,0,0,255,0,0,0,0
1463083472,2001:470:83ae:2:212:6d02::4040,1156,1,1,0,0,0,0,255,0,0,0,0
1463083472,2001:470:83ae:2:212:6d02::4040,1157,1,1,0,0,0,0,255,0,0,0,0
1463083472,2001:470:83ae:2:212:6d02::4040,1158,1,1,0,0,0,0,255,0,0,0,0
1463083472,2001:470:83ae:2:212:6d02::4040,1159,0,0,0,0,0,0,255,0,0,0,0
1463083473,2001:470:83ae:2:212:6d02::4040,1160,1,1,0,0,0,0,255,0,0,0,0
1463083473,2001:470:83ae:2:212:6d02::4040,1161,0,0,0,0,0,0,255,0,0,0,0
1463083473,2001:470:83ae:2:212:6d02::4040,1162,1,1,0,0,0,0,255,0,0,0,0
1463083473,2001:470:83ae:2:212:6d02::4040,1163,0,0,0,0,0,0,255,0,0,0,0
1463083473,2001:470:83ae:2:212:6d02::4040,1164,1,1,0,0,0,0,255,0,0,0,0
1463083473,2001:470:83ae:2:212:6d02::4040,1165,0,0,0,0,0,0,255,0,0,0,0
1463083474,2001:470:83ae:2:212:6d02::4040,1166,1,1,0,0,0,0,255,0,0,0,0
1463083474,2001:470:83ae:2:212:6d02::4040,1167,0,0,0,0,0,0,255,0,0,0,0
1463083474,2001:470:83ae:2:212:6d02::4040,1168,1,1,0,0,0,0,255,0,0,0,0
1463083475,2001:470:83ae:2:212:6d02::4040,1169,0,0,0,0,0,0,255,0,0,0,0
