1461897345,2001:470:83ae:2:212:6d02:0:4013,0,4,4,3,6,1,2
1461897346,2001:470:83ae:2:212:6d02:0:4043,0,3,3,2,7,1,2
1461897355,2001:470:83ae:2:212:6d02:0:4013,1,2,2,1,3,0,0
1461897356,2001:470:83ae:2:212:6d02:0:4043,1,2,2,1,3,0,0
1461897365,2001:470:83ae:2:212:6d02:0:4013,2,1,1,0,3,0,0
1461897366,2001:470:83ae:2:212:6d02:0:3005,2,3,3,1,2,0,0
1461897375,2001:470:83ae:2:212:6d02:0:4013,3,2,2,1,0,0,0
1461897376,2001:470:83ae:2:212:6d02:0:4043,3,1,1,0,1,0,0
1461897376,2001:470:83ae:2:212:6d02:0:3005,3,1,1,0,1,0,0
1461897385,2001:470:83ae:2:212:6d02:0:4013,4,1,1,0,0,0,0
1461897386,2001:470:83ae:2:212:6d02:0:4043,4,1,1,0,1,0,0
1461897386,2001:470:83ae:2:212:6d02:0:3005,4,1,1,0,1,0,0
1461897395,2001:470:83ae:2:212:6d02:0:4013,5,2,2,1,1,0,0
1461897396,2001:470:83ae:2:212:6d02:0:4043,5,1,1,0,1,0,0
1461897396,2001:470:83ae:2:212:6d02:0:3005,5,1,1,0,1,0,0
1461897405,2001:470:83ae:2:212:6d02:0:4013,6,1,1,0,2,0,0
1461897406,2001:470:83ae:2:212:6d02:0:4043,6,2,2,1,1,0,0
1461897406,2001:470:83ae:2:212:6d02:0:3005,6,2,2,1,1,0,0
1461897415,2001:470:83ae:2:212:6d02:0:4013,7,1,1,0,0,0,0
1461897416,2001:470:83ae:2:212:6d02:0:4043,7,1,1,0,0,0,0
1461897416,2001:470:83ae:2:212:6d02:0:3005,7,1,1,0,0,0,0
1461897425,2001:470:83ae:2:212:6d02:0:4013,8,1,1,0,0,0,0
1461897425,2001:470:83ae:2:212:6d02:0:4043,8,1,1,0,0,0,0
1461897427,2001:470:83ae:2:212:6d02:0:3005,8,1,1,0,0,0,0
1461897435,2001:470:83ae:2:212:6d02:0:4013,9,1,1,0,1,0,0
1461897435,2001:470:83ae:2:212:6d02:0:4043,9,1,1,0,1,0,0
1461897437,2001:470:83ae:2:212:6d02:0:3005,9,1,1,0,1,0,0
1461897445,2001:470:83ae:2:212:6d02:0:4013,10,1,1,0,0,0,0
1461897445,2001:470:83ae:2:212:6d02:0:4043,10,1,1,0,1,0,0
1461897447,2001:470:83ae:2:212:6d02:0:3005,10,1,1,0,1,0,0
1461897455,2001:470:83ae:2:212:6d02:0:4013,11,2,2,1,0,0,0
1461897455,2001:470:83ae:2:212:6d02:0:4043,11,1,1,0,0,0,0
1461897457,2001:470:83ae:2:212:6d02:0:3005,11,1,1,0,0,0,0
1461897465,2001:470:83ae:2:212:6d02:0:4013,12,1,1,0,2,0,0
1461897465,2001:470:83ae:2:212:6d02:0:4043,12,2,2,1,1,0,0
1461897467,2001:470:83ae:2:212:6d02:0:3005,12,2,2,1,1,0,0
1461897475,2001:470:83ae:2:212:6d02:0:4013,13,1,1,0,0,0,0
1461897475,2001:470:83ae:2:212:6d02:0:4043,13,1,1,0,0,0,0
1461897477,2001:470:83ae:2:212:6d02:0:3005,13,1,1,0,0,0,0
1461897485,2001:470:83ae:2:212:6d02:0:4013,14,1,1,0,0,0,0
1461897485,2001:470:83ae:2:212:6d02:0:4043,14,1,1,0,0,0,0
1461897487,2001:470:83ae:2:212:6d02:0:3005,14,1,1,0,0,0,0
1461897495,2001:470:83ae:2:212:6d02:0:4013,15,1,1,0,0,0,0
1461897495,2001:470:83ae:2:212:6d02:0:4043,15,1,1,0,0,0,0
1461897497,2001:470:83ae:2:212:6d02:0:3005,15,1,1,0,0,0,0
1461897505,2001:470:83ae:2:212:6d02:0:4013,16,1,1,0,0,0,0
1461897505,2001:470:83ae:2:212:6d02:0:4043,16,1,1,0,0,0,0
1461897507,2001:470:83ae:2:212:6d02:0:3005,16,1,1,0,0,0,0
1461897515,2001:470:83ae:2:212:6d02:0:4013,17,1,1,0,0,0,0
1461897515,2001:470:83ae:2:212:6d02:0:4043,17,1,1,0,0,0,0
1461897517,2001:470:83ae:2:212:6d02:0:3005,17,1,1,0,0,0,0
1461897525,2001:470:83ae:2:212:6d02:0:4013,18,1,2,0,0,0,0
1461897525,2001:470:83ae:2:212:6d02:0:4043,18,1,1,0,0,0,0
1461897527,2001:470:83ae:2:212:6d02:0:3005,18,1,1,0,0,0,0
1461897535,2001:470:83ae:2:212:6d02:0:4013,19,1,1,0,1,0,0
1461897535,2001:470:83ae:2:212:6d02:0:4043,19,1,1,0,1,0,0
1461897538,2001:470:83ae:2:212:6d02:0:3005,19,1,1,0,1,0,0
1461897545,2001:470:83ae:2:212:6d02:0:4013,20,1,1,0,2,0,0
1461897548,2001:470:83ae:2:212:6d02:0:3005,20,2,2,1,1,0,0
1461897558,2001:470:83ae:2:212:6d02:0:3005,21,1,1,0,0,0,0
1461897565,2001:470:83ae:2:212:6d02:0:4013,22,2,2,1,0,0,0
1461897565,2001:470:83ae:2:212:6d02:0:4043,22,1,1,0,1,0,0
1461897568,2001:470:83ae:2:212:6d02:0:3005,22,1,1,0,1,0,0
1461897575,2001:470:83ae:2:212:6d02:0:4013,23,1,1,0,0,0,0
1461897575,2001:470:83ae:2:212:6d02:0:4043,23,1,1,0,0,0,0
1461897578,2001:470:83ae:2:212:6d02:0:3005,23,1,1,0,0,0,0
1461897585,2001:470:83ae:2:212:6d02:0:4013,24,1,1,0,0,0,0
1461897585,2001:470:83ae:2:212:6d02:0:4043,24,1,1,0,0,0,0
1461897588,2001:470:83ae:2:212:6d02:0:3005,24,1,1,0,0,0,0
1461897595,2001:470:83ae:2:212:6d02:0:4013,25,1,1,0,0,0,0
1461897595,2001:470:83ae:2:212:6d02:0:4043,25,1,1,0,0,0,0
1461897598,2001:470:83ae:2:212:6d02:0:3005,25,1,1,0,0,0,0
1461897605,2001:470:83ae:2:212:6d02:0:4013,26,1,1,0,0,0,0
1461897605,2001:470:83ae:2:212:6d02:0:4043,26,1,1,0,0,0,0
1461897608,2001:470:83ae:2:212:6d02:0:3005,26,1,1,0,0,0,0
1461897615,2001:470:83ae:2:212:6d02:0:4013,27,1,1,0,0,0,0
1461897615,2001:470:83ae:2:212:6d02:0:4043,27,1,1,0,0,0,0
1461897618,2001:470:83ae:2:212:6d02:0:3005,27,1,1,0,0,0,0
1461897625,2001:470:83ae:2:212:6d02:0:4013,28,1,1,0,0,0,0
1461897625,2001:470:83ae:2:212:6d02:0:4043,28,1,1,0,0,0,0
1461897628,2001:470:83ae:2:212:6d02:0:3005,28,1,1,0,0,0,0
1461897635,2001:470:83ae:2:212:6d02:0:4013,29,1,1,0,0,0,0
1461897635,2001:470:83ae:2:212:6d02:0:4043,29,1,1,0,0,0,0
1461897638,2001:470:83ae:2:212:6d02:0:3005,29,1,1,0,0,0,0
1461897645,2001:470:83ae:2:212:6d02:0:4013,30,1,1,0,0,0,0
1461897645,2001:470:83ae:2:212:6d02:0:4043,30,1,1,0,0,0,0
1461897649,2001:470:83ae:2:212:6d02:0:3005,30,1,1,0,0,0,0
1461897655,2001:470:83ae:2:212:6d02:0:4013,31,1,1,0,0,0,0
1461897655,2001:470:83ae:2:212:6d02:0:4043,31,1,1,0,0,0,0
1461897659,2001:470:83ae:2:212:6d02:0:3005,31,1,1,0,0,0,0
1461897665,2001:470:83ae:2:212:6d02:0:4013,32,1,1,0,0,0,0
1461897665,2001:470:83ae:2:212:6d02:0:4043,32,1,1,0,0,0,0
1461897669,2001:470:83ae:2:212:6d02:0:3005,32,1,1,0,0,0,0
1461897675,2001:470:83ae:2:212:6d02:0:4013,33,1,1,0,0,0,0
1461897675,2001:470:83ae:2:212:6d02:0:4043,33,1,1,0,0,0,0
1461897679,2001:470:83ae:2:212:6d02:0:3005,33,1,2,0,0,0,0
1461897685,2001:470:83ae:2:212:6d02:0:4013,34,1,1,0,0,0,0
1461897685,2001:470:83ae:2:212:6d02:0:4043,34,1,1,0,0,0,0
1461897689,2001:470:83ae:2:212:6d02:0:3005,34,1,1,0,0,0,0
1461897695,2001:470:83ae:2:212:6d02:0:4013,35,1,1,0,0,0,0
1461897695,2001:470:83ae:2:212:6d02:0:4043,35,1,1,0,0,0,0
1461897699,2001:470:83ae:2:212:6d02:0:3005,35,1,1,0,0,0,0
1461897705,2001:470:83ae:2:212:6d02:0:4013,36,1,1,0,0,0,0
1461897705,2001:470:83ae:2:212:6d02:0:4043,36,1,6,0,0,0,0
1461897709,2001:470:83ae:2:212:6d02:0:3005,36,1,1,0,0,0,0
1461897715,2001:470:83ae:2:212:6d02:0:4013,37,1,1,0,0,0,0
1461897715,2001:470:83ae:2:212:6d02:0:4043,37,1,1,0,0,0,0
1461897719,2001:470:83ae:2:212:6d02:0:3005,37,1,1,0,0,0,0
1461897725,2001:470:83ae:2:212:6d02:0:4013,38,1,1,0,0,0,0
1461897725,2001:470:83ae:2:212:6d02:0:4043,38,1,1,0,0,0,0
1461897729,2001:470:83ae:2:212:6d02:0:3005,38,1,1,0,0,0,0
1461897735,2001:470:83ae:2:212:6d02:0:4013,39,2,2,1,0,0,0
1461897735,2001:470:83ae:2:212:6d02:0:4043,39,1,1,0,1,0,0
1461897739,2001:470:83ae:2:212:6d02:0:3005,39,1,1,0,1,0,0
1461897745,2001:470:83ae:2:212:6d02:0:4013,40,1,1,0,0,0,0
1461897745,2001:470:83ae:2:212:6d02:0:4043,40,1,1,0,0,0,0
1461897749,2001:470:83ae:2:212:6d02:0:3005,40,1,1,0,0,0,0
1461897755,2001:470:83ae:2:212:6d02:0:4013,41,1,1,0,0,0,0
1461897755,2001:470:83ae:2:212:6d02:0:4043,41,1,1,0,0,0,0
1461897759,2001:470:83ae:2:212:6d02:0:3005,41,1,1,0,0,0,0
1461897765,2001:470:83ae:2:212:6d02:0:4013,42,1,1,0,0,0,0
1461897765,2001:470:83ae:2:212:6d02:0:4043,42,1,1,0,0,0,0
1461897770,2001:470:83ae:2:212:6d02:0:3005,42,1,1,0,1,0,0
1461897775,2001:470:83ae:2:212:6d02:0:4013,43,1,1,0,2,0,0
1461897775,2001:470:83ae:2:212:6d02:0:4043,43,2,2,1,1,0,0
1461897780,2001:470:83ae:2:212:6d02:0:3005,43,2,2,1,0,0,0
1461897785,2001:470:83ae:2:212:6d02:0:4013,44,1,1,0,0,0,0
1461897785,2001:470:83ae:2:212:6d02:0:4043,44,1,1,0,0,0,0
1461897790,2001:470:83ae:2:212:6d02:0:3005,44,1,1,0,0,0,0
1461897795,2001:470:83ae:2:212:6d02:0:4013,45,1,1,0,0,0,0
1461897795,2001:470:83ae:2:212:6d02:0:4043,45,1,1,0,0,0,0
1461897800,2001:470:83ae:2:212:6d02:0:3005,45,1,1,0,0,0,0
1461897805,2001:470:83ae:2:212:6d02:0:4013,46,1,1,0,0,0,0
1461897805,2001:470:83ae:2:212:6d02:0:4043,46,1,1,0,0,0,0
1461897810,2001:470:83ae:2:212:6d02:0:3005,46,1,1,0,0,0,0
1461897815,2001:470:83ae:2:212:6d02:0:4043,47,2,2,0,0,0,0
1461897825,2001:470:83ae:2:212:6d02:0:4013,48,1,1,0,0,0,0
1461897825,2001:470:83ae:2:212:6d02:0:4043,48,2,2,0,0,0,0
1461897830,2001:470:83ae:2:212:6d02:0:3005,48,1,1,0,0,0,0
1461897835,2001:470:83ae:2:212:6d02:0:4013,49,1,1,0,0,0,0
1461897835,2001:470:83ae:2:212:6d02:0:4043,49,2,2,0,0,0,0
1461897840,2001:470:83ae:2:212:6d02:0:3005,49,1,1,0,0,0,0
1461897845,2001:470:83ae:2:212:6d02:0:4013,50,1,1,0,0,0,0
1461897850,2001:470:83ae:2:212:6d02:0:3005,50,1,1,0,0,0,0
1461897855,2001:470:83ae:2:212:6d02:0:4013,51,1,1,0,0,0,0
1461897860,2001:470:83ae:2:212:6d02:0:3005,51,1,1,0,0,0,0
1461897865,2001:470:83ae:2:212:6d02:0:4013,52,1,1,0,0,0,0
1461897870,2001:470:83ae:2:212:6d02:0:3005,52,1,1,0,0,0,0
1461897875,2001:470:83ae:2:212:6d02:0:4043,53,1,1,0,0,0,0
1461897875,2001:470:83ae:2:212:6d02:0:4013,53,1,1,0,0,0,0
1461897881,2001:470:83ae:2:212:6d02:0:3005,53,1,1,0,0,0,0
1461897885,2001:470:83ae:2:212:6d02:0:4043,54,2,2,0,0,0,0
1461897885,2001:470:83ae:2:212:6d02:0:4013,54,1,1,0,0,0,0
1461897891,2001:470:83ae:2:212:6d02:0:3005,54,1,1,0,0,0,0
1461897895,2001:470:83ae:2:212:6d02:0:4043,55,2,2,0,0,0,0
1461897895,2001:470:83ae:2:212:6d02:0:4013,55,1,1,0,0,0,0
1461897901,2001:470:83ae:2:212:6d02:0:3005,55,1,1,0,0,0,0
1461897905,2001:470:83ae:2:212:6d02:0:4043,56,2,4,0,0,0,0
1461897905,2001:470:83ae:2:212:6d02:0:4013,56,1,1,0,0,0,0
1461897911,2001:470:83ae:2:212:6d02:0:3005,56,1,1,0,0,0,0
1461897921,2001:470:83ae:2:212:6d02:0:3005,57,1,1,0,0,0,0
1461897931,2001:470:83ae:2:212:6d02:0:3005,58,1,1,0,0,0,0
1461897941,2001:470:83ae:2:212:6d02:0:3005,59,1,1,0,0,0,0
1461897951,2001:470:83ae:2:212:6d02:0:3005,60,1,1,0,0,0,0
1461897961,2001:470:83ae:2:212:6d02:0:3005,61,1,1,0,0,0,0
1461897971,2001:470:83ae:2:212:6d02:0:3005,62,1,1,0,0,0,0
1461897981,2001:470:83ae:2:212:6d02:0:3005,63,1,1,0,0,0,0
1461897992,2001:470:83ae:2:212:6d02:0:3005,64,1,1,0,0,0,0
1461898002,2001:470:83ae:2:212:6d02:0:3005,65,1,1,0,0,0,0
1461898012,2001:470:83ae:2:212:6d02:0:3005,66,1,1,0,0,0,0
1461898022,2001:470:83ae:2:212:6d02:0:3005,67,1,1,0,0,0,0
1461898032,2001:470:83ae:2:212:6d02:0:3005,68,1,1,0,0,0,0
1461898042,2001:470:83ae:2:212:6d02:0:3005,69,1,1,0,0,0,0
1461898052,2001:470:83ae:2:212:6d02:0:3005,70,1,1,0,0,0,0
1461898062,2001:470:83ae:2:212:6d02:0:3005,71,1,1,0,0,0,0
1461898072,2001:470:83ae:2:212:6d02:0:3005,72,1,1,0,0,0,0
1461898082,2001:470:83ae:2:212:6d02:0:3005,73,1,1,0,0,0,0
1461898092,2001:470:83ae:2:212:6d02:0:3005,74,1,1,0,0,0,0
1461898103,2001:470:83ae:2:212:6d02:0:3005,75,1,1,0,0,0,0
1461898113,2001:470:83ae:2:212:6d02:0:3005,76,1,1,0,3,0,0
1461898114,2001:470:83ae:2:212:6d02:0:4043,77,20,20,2,1,0,0
1461898115,2001:470:83ae:2:212:6d02:0:4013,77,11,11,0,2,0,0
1461898123,2001:470:83ae:2:212:6d02:0:3005,77,1,1,0,1,0,0
1461898125,2001:470:83ae:2:212:6d02:0:4043,78,3,8,1,0,0,0
1461898133,2001:470:83ae:2:212:6d02:0:3005,78,1,1,0,1,0,0
1461898143,2001:470:83ae:2:212:6d02:0:3005,79,1,1,0,0,0,0
1461898153,2001:470:83ae:2:212:6d02:0:3005,80,1,1,0,1,0,0
1461898163,2001:470:83ae:2:212:6d02:0:3005,81,2,2,1,1,0,0
1461898173,2001:470:83ae:2:212:6d02:0:3005,82,1,1,0,0,0,0
1461898183,2001:470:83ae:2:212:6d02:0:3005,83,1,1,0,0,0,0
1461898193,2001:470:83ae:2:212:6d02:0:3005,84,1,1,0,0,0,0
1461898204,2001:470:83ae:2:212:6d02:0:3005,85,1,1,0,0,0,0
1461898213,2001:470:83ae:2:212:6d02:0:3005,86,1,4,0,0,0,0
1461899383,2001:470:83ae:2:212:6d02:0:4043,204,1,1,0,0,0,0
1461899384,2001:470:83ae:2:212:6d02:0:3005,202,1,1,0,0,0,0
1461899385,2001:470:83ae:2:212:6d02:0:4013,204,3,3,0,0,0,0
1461899393,2001:470:83ae:2:212:6d02:0:4043,205,1,1,0,0,0,0
1461899394,2001:470:83ae:2:212:6d02:0:3005,203,1,1,0,0,0,0
1461899395,2001:470:83ae:2:212:6d02:0:4013,205,3,3,0,0,0,0
1461899403,2001:470:83ae:2:212:6d02:0:4043,206,1,1,0,0,0,0
1461899404,2001:470:83ae:2:212:6d02:0:3005,204,1,1,0,0,0,0
1461899405,2001:470:83ae:2:212:6d02:0:4013,206,3,3,0,0,0,0
1461899413,2001:470:83ae:2:212:6d02:0:4043,207,1,1,0,0,0,0
1461899414,2001:470:83ae:2:212:6d02:0:3005,205,1,1,0,0,0,0
1461899415,2001:470:83ae:2:212:6d02:0:4013,207,3,3,0,0,0,0
1461899423,2001:470:83ae:2:212:6d02:0:4043,208,1,1,0,0,0,0
1461899424,2001:470:83ae:2:212:6d02:0:3005,206,1,1,0,0,0,0
1461899425,2001:470:83ae:2:212:6d02:0:4013,208,3,3,0,0,0,0
1461899433,2001:470:83ae:2:212:6d02:0:4043,209,1,1,0,0,0,0
1461899434,2001:470:83ae:2:212:6d02:0:3005,207,1,1,0,0,0,0
1461899435,2001:470:83ae:2:212:6d02:0:4013,209,3,3,0,0,0,0
1461899443,2001:470:83ae:2:212:6d02:0:4043,210,1,1,0,0,0,0
1461899444,2001:470:83ae:2:212:6d02:0:3005,208,1,1,0,0,0,0
1461899445,2001:470:83ae:2:212:6d02:0:4013,210,3,3,0,0,0,0
1461899453,2001:470:83ae:2:212:6d02:0:4043,211,1,1,0,0,0,0
1461899454,2001:470:83ae:2:212:6d02:0:3005,209,1,1,0,0,0,0
1461899455,2001:470:83ae:2:212:6d02:0:4013,211,3,3,0,0,0,0
1461899463,2001:470:83ae:2:212:6d02:0:4043,212,1,1,0,0,0,0
1461899465,2001:470:83ae:2:212:6d02:0:3005,210,1,1,0,0,0,0
1461899465,2001:470:83ae:2:212:6d02:0:4013,212,3,3,0,0,0,0
1461899473,2001:470:83ae:2:212:6d02:0:4043,213,1,1,0,0,0,0
1461899475,2001:470:83ae:2:212:6d02:0:3005,211,1,1,0,0,0,0
1461899475,2001:470:83ae:2:212:6d02:0:4013,213,3,3,0,0,0,0
1461899483,2001:470:83ae:2:212:6d02:0:4043,214,1,1,0,0,0,0
1461899485,2001:470:83ae:2:212:6d02:0:3005,212,1,1,0,0,0,0
1461899485,2001:470:83ae:2:212:6d02:0:4013,214,3,3,0,0,0,0
1461899493,2001:470:83ae:2:212:6d02:0:4043,215,1,1,0,0,0,0
1461899495,2001:470:83ae:2:212:6d02:0:3005,213,1,1,0,0,0,0
1461899495,2001:470:83ae:2:212:6d02:0:4013,215,3,3,0,0,0,0
1461899503,2001:470:83ae:2:212:6d02:0:4043,216,1,1,0,0,0,0
1461899505,2001:470:83ae:2:212:6d02:0:3005,214,1,1,0,0,0,0
1461899505,2001:470:83ae:2:212:6d02:0:4013,216,3,3,0,0,0,0
1461899513,2001:470:83ae:2:212:6d02:0:4043,217,1,1,0,0,0,0
1461899515,2001:470:83ae:2:212:6d02:0:4013,217,2,2,0,0,0,0
1461899564,2001:470:83ae:2:212:6d02:0:4043,222,24,24,0,2,1,2
1461899565,2001:470:83ae:2:212:6d02:0:4013,222,19,19,2,4,1,2
1461899565,2001:470:83ae:2:212:6d02:0:3005,220,3,3,1,5,1,2
1461899573,2001:470:83ae:2:212:6d02:0:4043,223,6,6,3,6,2,0
1461899575,2001:470:83ae:2:212:6d02:0:4013,223,4,4,3,8,0,2
1461899575,2001:470:83ae:2:212:6d02:0:3005,221,4,4,3,8,0,2
1461899583,2001:470:83ae:2:212:6d02:0:4043,224,1,1,0,5,0,0
1461899603,2001:470:83ae:2:212:6d02:0:4043,226,8,8,1,1,1,2
1461899613,2001:470:83ae:2:212:6d02:0:4013,0,6,6,4,8,2,2
1461899614,2001:470:83ae:2:212:6d02:0:4043,0,2,2,1,10,1,4
1461899614,2001:470:83ae:2:212:6d02:0:3005,0,4,4,2,9,2,3
1461899623,2001:470:83ae:2:212:6d02:0:4013,1,2,2,1,4,0,0
1461899625,2001:470:83ae:2:212:6d02:0:3005,1,2,2,1,4,0,0
1461899633,2001:470:83ae:2:212:6d02:0:4013,2,1,1,0,3,0,0
1461899634,2001:470:83ae:2:212:6d02:0:4043,2,2,8,1,2,0,0
1461899635,2001:470:83ae:2:212:6d02:0:3005,2,2,2,1,1,0,0
1461899643,2001:470:83ae:2:212:6d02:0:4013,3,2,2,1,2,0,0
1461899644,2001:470:83ae:2:212:6d02:0:4043,3,3,3,2,1,0,0
1461899653,2001:470:83ae:2:212:6d02:0:4013,4,1,1,0,0,0,0
1461899654,2001:470:83ae:2:212:6d02:0:4043,4,1,1,0,0,0,0
1461899655,2001:470:83ae:2:212:6d02:0:3005,4,1,7,0,0,0,0
1461899663,2001:470:83ae:2:212:6d02:0:4013,5,2,2,0,4,0,0
1461899664,2001:470:83ae:2:212:6d02:0:4043,5,2,2,1,2,0,0
1461899673,2001:470:83ae:2:212:6d02:0:4013,6,2,6,1,1,0,0
1461899674,2001:470:83ae:2:212:6d02:0:4043,6,1,1,0,2,0,0
1461899675,2001:470:83ae:2:212:6d02:0:3005,6,2,3,1,0,0,0
1461899683,2001:470:83ae:2:212:6d02:0:4013,7,1,2,0,1,0,0
1461899684,2001:470:83ae:2:212:6d02:0:4043,7,1,7,0,1,0,0
1461899685,2001:470:83ae:2:212:6d02:0:3005,7,2,2,1,0,0,0
1461899693,2001:470:83ae:2:212:6d02:0:4013,8,2,2,0,1,0,0
1461899694,2001:470:83ae:2:212:6d02:0:4043,8,2,2,1,0,0,0
1461899695,2001:470:83ae:2:212:6d02:0:3005,8,1,1,0,1,0,0
1461899703,2001:470:83ae:2:212:6d02:0:4013,9,2,2,0,0,0,0
1461899704,2001:470:83ae:2:212:6d02:0:4043,9,1,1,0,0,0,0
1461899705,2001:470:83ae:2:212:6d02:0:3005,9,1,1,0,1,0,0
1461899713,2001:470:83ae:2:212:6d02:0:4013,10,2,2,0,0,0,0
1461899714,2001:470:83ae:2:212:6d02:0:4043,10,1,1,0,1,0,0
1461899715,2001:470:83ae:2:212:6d02:0:3005,10,2,2,1,0,0,0
1461899723,2001:470:83ae:2:212:6d02:0:4013,11,3,3,1,1,0,0
1461899724,2001:470:83ae:2:212:6d02:0:4043,11,1,1,0,1,0,0
1461899725,2001:470:83ae:2:212:6d02:0:3005,11,1,1,0,1,0,0
1461899733,2001:470:83ae:2:212:6d02:0:4013,12,4,4,0,0,0,0
1461899734,2001:470:83ae:2:212:6d02:0:4043,12,2,2,0,0,0,0
1461899736,2001:470:83ae:2:212:6d02:0:3005,12,2,3,0,0,0,0
1461899743,2001:470:83ae:2:212:6d02:0:4013,13,5,5,0,0,0,0
1461899744,2001:470:83ae:2:212:6d02:0:4043,13,2,2,0,0,0,0
1461899746,2001:470:83ae:2:212:6d02:0:3005,13,2,2,0,0,0,0
1461899753,2001:470:83ae:2:212:6d02:0:4013,14,2,2,0,0,0,0
1461899754,2001:470:83ae:2:212:6d02:0:4043,14,2,2,1,0,0,0
1461899756,2001:470:83ae:2:212:6d02:0:3005,14,2,2,0,1,0,0
1461899763,2001:470:83ae:2:212:6d02:0:4013,15,2,2,0,1,0,0
1461899764,2001:470:83ae:2:212:6d02:0:4043,15,1,1,0,0,0,0
1461899766,2001:470:83ae:2:212:6d02:0:3005,15,2,2,0,0,0,0
1461899773,2001:470:83ae:2:212:6d02:0:4013,16,2,8,0,0,0,0
1461899774,2001:470:83ae:2:212:6d02:0:4043,16,1,1,0,0,0,0
1461899776,2001:470:83ae:2:212:6d02:0:3005,16,3,3,0,0,0,0
1461899783,2001:470:83ae:2:212:6d02:0:4013,17,3,3,0,1,0,0
1461899784,2001:470:83ae:2:212:6d02:0:4043,17,1,1,0,1,0,0
1461899786,2001:470:83ae:2:212:6d02:0:3005,17,5,8,1,0,0,0
1461899793,2001:470:83ae:2:212:6d02:0:4013,18,2,2,0,0,0,0
1461899794,2001:470:83ae:2:212:6d02:0:4043,18,1,1,0,0,0,0
1461899796,2001:470:83ae:2:212:6d02:0:3005,18,4,4,0,0,0,0
1461899803,2001:470:83ae:2:212:6d02:0:4013,19,3,3,1,1,0,0
1461899804,2001:470:83ae:2:212:6d02:0:4043,19,1,1,0,1,0,0
1461899806,2001:470:83ae:2:212:6d02:0:3005,19,1,1,0,3,0,0
1461899813,2001:470:83ae:2:212:6d02:0:4013,20,4,4,2,0,0,0
1461899814,2001:470:83ae:2:212:6d02:0:4043,20,1,1,0,2,0,0
1461899816,2001:470:83ae:2:212:6d02:0:3005,20,1,1,0,1,0,0
1461899823,2001:470:83ae:2:212:6d02:0:4013,21,4,4,0,0,0,0
1461899824,2001:470:83ae:2:212:6d02:0:4043,21,2,2,0,1,0,0
1461899826,2001:470:83ae:2:212:6d02:0:3005,21,2,2,0,1,0,0
1461899833,2001:470:83ae:2:212:6d02:0:4013,22,3,4,1,0,0,0
1461899834,2001:470:83ae:2:212:6d02:0:4043,22,1,1,0,0,0,0
1461899836,2001:470:83ae:2:212:6d02:0:3005,22,1,1,0,0,0,0
1461899843,2001:470:83ae:2:212:6d02:0:4013,23,2,2,0,0,0,0
1461899844,2001:470:83ae:2:212:6d02:0:4043,23,1,1,0,0,0,0
1461899846,2001:470:83ae:2:212:6d02:0:3005,23,1,1,0,0,0,0
1461899853,2001:470:83ae:2:212:6d02:0:4013,24,3,3,1,1,0,0
1461899854,2001:470:83ae:2:212:6d02:0:4043,24,2,2,1,1,0,0
1461899857,2001:470:83ae:2:212:6d02:0:3005,24,1,1,0,2,0,0
1461899863,2001:470:83ae:2:212:6d02:0:4013,25,2,2,0,0,0,0
1461899864,2001:470:83ae:2:212:6d02:0:4043,25,2,2,0,0,0,0
1461899867,2001:470:83ae:2:212:6d02:0:3005,25,2,2,0,0,0,0
1461899873,2001:470:83ae:2:212:6d02:0:4013,26,4,4,0,0,0,0
1461899874,2001:470:83ae:2:212:6d02:0:4043,26,1,1,0,0,0,0
1461899877,2001:470:83ae:2:212:6d02:0:3005,26,1,1,0,0,0,0
1461899883,2001:470:83ae:2:212:6d02:0:4013,27,2,2,0,1,0,0
1461899884,2001:470:83ae:2:212:6d02:0:4043,27,1,1,0,1,0,0
1461899887,2001:470:83ae:2:212:6d02:0:3005,27,2,2,1,0,0,0
1461899893,2001:470:83ae:2:212:6d02:0:4013,28,2,2,0,0,0,0
1461899894,2001:470:83ae:2:212:6d02:0:4043,28,1,1,0,0,0,0
1461899897,2001:470:83ae:2:212:6d02:0:3005,28,1,1,0,0,0,0
1461899903,2001:470:83ae:2:212:6d02:0:4013,29,3,3,0,0,0,0
1461899904,2001:470:83ae:2:212:6d02:0:4043,29,1,1,0,0,0,0
1461899974,2001:470:83ae:2:212:6d02:0:4013,4,3,3,1,2,1,2
1461899976,2001:470:83ae:2:212:6d02:0:3005,4,3,3,1,7,1,2
1461899984,2001:470:83ae:2:212:6d02:0:4013,5,4,4,3,7,0,0
1461899985,2001:470:83ae:2:212:6d02:0:4043,5,3,3,2,5,0,0
1461899986,2001:470:83ae:2:212:6d02:0:3005,5,3,3,2,6,0,0
1461899994,2001:470:83ae:2:212:6d02:0:4013,6,1,1,0,1,0,0
1461899995,2001:470:83ae:2:212:6d02:0:4043,6,1,1,0,0,0,0
1461899996,2001:470:83ae:2:212:6d02:0:3005,6,1,1,0,0,0,0
1461900004,2001:470:83ae:2:212:6d02:0:4013,7,7,7,1,2,0,0
1461900005,2001:470:83ae:2:212:6d02:0:4043,7,7,9,1,2,0,0
1461900006,2001:470:83ae:2:212:6d02:0:3005,7,7,7,1,2,0,0
1461900020,2001:470:83ae:2:212:6d02:0:4013,0,9,9,2,4,2,4
1461900021,2001:470:83ae:2:212:6d02:0:4043,0,8,8,1,5,2,4
1461900032,2001:470:83ae:2:212:6d02:0:4013,0,5,5,3,6,2,4
1461900033,2001:470:83ae:2:212:6d02:0:4043,0,4,4,2,5,2,4
1461900042,2001:470:83ae:2:212:6d02:0:4013,1,4,4,2,7,0,1
1461900043,2001:470:83ae:2:212:6d02:0:4043,1,3,3,1,5,1,0
1461900052,2001:470:83ae:2:212:6d02:0:4013,2,3,3,2,3,0,1
1461900053,2001:470:83ae:2:212:6d02:0:4043,2,2,2,0,4,1,0
1461900053,2001:470:83ae:2:212:6d02:0:3005,2,4,4,2,3,0,1
1461900062,2001:470:83ae:2:212:6d02:0:4013,3,3,3,2,4,0,0
1461900063,2001:470:83ae:2:212:6d02:0:4043,3,2,2,1,4,0,0
1461900063,2001:470:83ae:2:212:6d02:0:3005,3,3,3,2,4,0,0
1461900072,2001:470:83ae:2:212:6d02:0:4013,4,1,1,0,1,0,0
1461900073,2001:470:83ae:2:212:6d02:0:4043,4,1,2,0,1,0,0
1461900074,2001:470:83ae:2:212:6d02:0:3005,4,2,2,1,0,0,0
1461900082,2001:470:83ae:2:212:6d02:0:4013,5,3,3,2,2,0,1
1461900083,2001:470:83ae:2:212:6d02:0:4043,5,2,2,0,3,1,0
1461900084,2001:470:83ae:2:212:6d02:0:3005,5,3,3,2,4,0,1
1461900092,2001:470:83ae:2:212:6d02:0:4013,6,3,3,2,3,0,0
1461900093,2001:470:83ae:2:212:6d02:0:4043,6,2,3,1,4,0,0
1461900094,2001:470:83ae:2:212:6d02:0:3005,6,2,2,1,2,0,0
1461900102,2001:470:83ae:2:212:6d02:0:4013,7,2,2,1,0,0,0
1461900103,2001:470:83ae:2:212:6d02:0:4043,7,1,1,0,1,0,0
1461900104,2001:470:83ae:2:212:6d02:0:3005,7,2,2,1,1,0,0
1461900112,2001:470:83ae:2:212:6d02:0:4013,8,1,1,0,1,0,0
1461900113,2001:470:83ae:2:212:6d02:0:4043,8,1,1,0,1,0,0
1461900114,2001:470:83ae:2:212:6d02:0:3005,8,1,1,0,0,0,0
1461900122,2001:470:83ae:2:212:6d02:0:4013,9,1,1,0,0,0,0
1461900123,2001:470:83ae:2:212:6d02:0:4043,9,1,1,0,0,0,0
1461900124,2001:470:83ae:2:212:6d02:0:3005,9,1,1,0,0,0,0
1461900132,2001:470:83ae:2:212:6d02:0:4013,10,2,2,1,3,0,1
1461900133,2001:470:83ae:2:212:6d02:0:4043,10,2,2,0,4,1,0
1461900134,2001:470:83ae:2:212:6d02:0:3005,10,3,3,2,4,0,1
1461900142,2001:470:83ae:2:212:6d02:0:4013,11,3,3,2,3,0,0
1461900143,2001:470:83ae:2:212:6d02:0:4043,11,1,1,0,2,0,0
1461900144,2001:470:83ae:2:212:6d02:0:3005,11,2,2,1,2,0,0
1461900152,2001:470:83ae:2:212:6d02:0:4013,12,1,1,0,2,0,0
1461900153,2001:470:83ae:2:212:6d02:0:4043,12,2,2,1,1,0,0
1461900154,2001:470:83ae:2:212:6d02:0:3005,12,1,1,0,2,0,0
1461900162,2001:470:83ae:2:212:6d02:0:4013,13,2,2,1,1,0,0
1461900163,2001:470:83ae:2:212:6d02:0:4043,13,1,1,0,2,0,0
1461900164,2001:470:83ae:2:212:6d02:0:3005,13,2,2,1,1,0,0
1461900172,2001:470:83ae:2:212:6d02:0:4013,14,1,1,0,0,0,0
1461900173,2001:470:83ae:2:212:6d02:0:4043,14,1,1,0,0,0,0
1461900174,2001:470:83ae:2:212:6d02:0:3005,14,1,1,0,1,0,0
1461900182,2001:470:83ae:2:212:6d02:0:4013,15,2,2,1,1,0,0
1461900183,2001:470:83ae:2:212:6d02:0:4043,15,1,1,0,2,0,0
1461900185,2001:470:83ae:2:212:6d02:0:3005,15,1,1,0,1,0,0
1461900192,2001:470:83ae:2:212:6d02:0:4013,16,1,1,0,1,0,0
1461900193,2001:470:83ae:2:212:6d02:0:4043,16,1,1,0,1,0,0
1461900195,2001:470:83ae:2:212:6d02:0:3005,16,2,2,1,0,0,0
1461900202,2001:470:83ae:2:212:6d02:0:4013,17,1,1,0,0,0,0
1461900203,2001:470:83ae:2:212:6d02:0:4043,17,1,1,0,0,0,0
1461900205,2001:470:83ae:2:212:6d02:0:3005,17,1,1,0,0,0,0
1461900212,2001:470:83ae:2:212:6d02:0:4013,18,1,1,0,0,0,0
1461900213,2001:470:83ae:2:212:6d02:0:4043,18,1,1,0,0,0,0
1461900215,2001:470:83ae:2:212:6d02:0:3005,18,1,1,0,0,0,0
1461900222,2001:470:83ae:2:212:6d02:0:4013,19,1,1,0,0,0,0
1461900223,2001:470:83ae:2:212:6d02:0:4043,19,1,2,0,0,0,0
1461900225,2001:470:83ae:2:212:6d02:0:3005,19,1,1,0,0,0,0
1461900232,2001:470:83ae:2:212:6d02:0:4013,20,1,1,0,0,0,0
1461900233,2001:470:83ae:2:212:6d02:0:4043,20,1,1,0,0,0,0
1461900235,2001:470:83ae:2:212:6d02:0:3005,20,1,1,0,0,0,0
1461900242,2001:470:83ae:2:212:6d02:0:4013,21,1,1,0,1,0,0
1461900243,2001:470:83ae:2:212:6d02:0:4043,21,1,1,0,1,0,0
1461900245,2001:470:83ae:2:212:6d02:0:3005,21,2,2,1,0,0,0
1461900252,2001:470:83ae:2:212:6d02:0:4013,22,2,2,1,1,0,0
1461900253,2001:470:83ae:2:212:6d02:0:4043,22,2,2,1,1,0,0
1461900255,2001:470:83ae:2:212:6d02:0:3005,22,1,1,0,2,0,0
1461900262,2001:470:83ae:2:212:6d02:0:4013,23,1,1,0,0,0,0
1461900263,2001:470:83ae:2:212:6d02:0:4043,23,1,1,0,0,0,0
1461900265,2001:470:83ae:2:212:6d02:0:3005,23,1,1,0,0,0,0
1461900272,2001:470:83ae:2:212:6d02:0:4013,24,1,1,0,0,0,0
1461900273,2001:470:83ae:2:212:6d02:0:4043,24,1,1,0,0,0,0
1461900275,2001:470:83ae:2:212:6d02:0:3005,24,1,1,0,0,0,0
1461900282,2001:470:83ae:2:212:6d02:0:4013,25,1,1,0,0,0,0
1461900283,2001:470:83ae:2:212:6d02:0:4043,25,1,1,0,0,0,0
1461900285,2001:470:83ae:2:212:6d02:0:3005,25,1,1,0,0,0,0
1461900292,2001:470:83ae:2:212:6d02:0:4013,26,1,1,0,0,0,0
1461900293,2001:470:83ae:2:212:6d02:0:4043,26,1,1,0,0,0,0
1461900296,2001:470:83ae:2:212:6d02:0:3005,26,1,1,0,0,0,0
1461900302,2001:470:83ae:2:212:6d02:0:4013,27,1,1,0,0,0,0
1461900303,2001:470:83ae:2:212:6d02:0:4043,27,1,1,0,0,0,0
1461900306,2001:470:83ae:2:212:6d02:0:3005,27,1,1,0,0,0,0
1461900312,2001:470:83ae:2:212:6d02:0:4013,28,1,1,0,0,0,0
1461900313,2001:470:83ae:2:212:6d02:0:4043,28,1,1,0,0,0,0
1461900316,2001:470:83ae:2:212:6d02:0:3005,28,1,1,0,0,0,0
1461900322,2001:470:83ae:2:212:6d02:0:4013,29,1,1,0,1,0,0
1461900323,2001:470:83ae:2:212:6d02:0:4043,29,1,1,0,0,0,0
1461900326,2001:470:83ae:2:212:6d02:0:3005,29,1,1,0,2,0,0
1461900332,2001:470:83ae:2:212:6d02:0:4013,30,2,2,1,0,0,0
1461900333,2001:470:83ae:2:212:6d02:0:4043,30,1,1,0,1,0,0
1461900336,2001:470:83ae:2:212:6d02:0:3005,30,1,1,0,0,0,0
1461900342,2001:470:83ae:2:212:6d02:0:4013,31,1,1,0,0,0,0
1461900343,2001:470:83ae:2:212:6d02:0:4043,31,1,1,0,0,0,0
1461900346,2001:470:83ae:2:212:6d02:0:3005,31,1,1,0,0,0,0
1461900352,2001:470:83ae:2:212:6d02:0:4013,32,2,2,0,0,0,0
1461900353,2001:470:83ae:2:212:6d02:0:4043,32,2,2,0,0,0,0
1461900356,2001:470:83ae:2:212:6d02:0:3005,32,2,2,0,0,0,0
1461900362,2001:470:83ae:2:212:6d02:0:4013,33,1,1,0,0,0,0
1461900363,2001:470:83ae:2:212:6d02:0:4043,33,1,1,0,0,0,0
1461900366,2001:470:83ae:2:212:6d02:0:3005,33,1,1,0,0,0,0
1461900372,2001:470:83ae:2:212:6d02:0:4013,34,1,1,0,1,0,0
1461900373,2001:470:83ae:2:212:6d02:0:4043,34,1,1,0,1,0,0
1461900376,2001:470:83ae:2:212:6d02:0:3005,34,2,2,1,0,0,0
1461900382,2001:470:83ae:2:212:6d02:0:4013,35,1,1,0,0,0,0
1461900383,2001:470:83ae:2:212:6d02:0:4043,35,1,1,0,0,0,0
1461900386,2001:470:83ae:2:212:6d02:0:3005,35,1,1,0,0,0,0
1461900392,2001:470:83ae:2:212:6d02:0:4013,36,1,1,0,0,0,0
1461900392,2001:470:83ae:2:212:6d02:0:4043,36,1,1,0,0,0,0
1461900396,2001:470:83ae:2:212:6d02:0:3005,36,1,1,0,0,0,0
1461900402,2001:470:83ae:2:212:6d02:0:4013,37,1,1,0,0,0,0
1461900402,2001:470:83ae:2:212:6d02:0:4043,37,1,1,0,0,0,0
1461900406,2001:470:83ae:2:212:6d02:0:3005,37,1,1,0,0,0,0
1461900412,2001:470:83ae:2:212:6d02:0:4013,38,1,1,0,0,0,0
1461900412,2001:470:83ae:2:212:6d02:0:4043,38,1,1,0,0,0,0
1461900417,2001:470:83ae:2:212:6d02:0:3005,38,1,1,0,0,0,0
1461900422,2001:470:83ae:2:212:6d02:0:4013,39,1,1,0,0,0,0
1461900422,2001:470:83ae:2:212:6d02:0:4043,39,1,1,0,0,0,0
1461900427,2001:470:83ae:2:212:6d02:0:3005,39,1,1,0,0,0,0
1461900432,2001:470:83ae:2:212:6d02:0:4013,40,1,1,0,0,0,0
1461900432,2001:470:83ae:2:212:6d02:0:4043,40,1,1,0,0,0,0
1461900437,2001:470:83ae:2:212:6d02:0:3005,40,1,1,0,0,0,0
1461900442,2001:470:83ae:2:212:6d02:0:4013,41,1,1,0,0,0,0
1461900442,2001:470:83ae:2:212:6d02:0:4043,41,2,2,1,0,0,0
1461900447,2001:470:83ae:2:212:6d02:0:3005,41,1,1,0,1,0,0
1461900452,2001:470:83ae:2:212:6d02:0:4013,42,1,1,0,1,0,0
1461900452,2001:470:83ae:2:212:6d02:0:4043,42,1,1,0,0,0,0
1461900457,2001:470:83ae:2:212:6d02:0:3005,42,1,1,0,0,0,0
1461900462,2001:470:83ae:2:212:6d02:0:4013,43,1,1,0,0,0,0
1461900462,2001:470:83ae:2:212:6d02:0:4043,43,1,1,0,0,0,0
1461900467,2001:470:83ae:2:212:6d02:0:3005,43,1,1,0,0,0,0
1461900472,2001:470:83ae:2:212:6d02:0:4013,44,1,1,0,0,0,0
1461900472,2001:470:83ae:2:212:6d02:0:4043,44,1,1,0,0,0,0
1461900477,2001:470:83ae:2:212:6d02:0:3005,44,1,1,0,0,0,0
1461900482,2001:470:83ae:2:212:6d02:0:4013,45,1,1,0,0,0,0
1461900482,2001:470:83ae:2:212:6d02:0:4043,45,1,1,0,0,0,0
1461900487,2001:470:83ae:2:212:6d02:0:3005,45,1,1,0,0,0,0
1461900492,2001:470:83ae:2:212:6d02:0:4013,46,1,1,0,0,0,0
1461900492,2001:470:83ae:2:212:6d02:0:4043,46,1,1,0,0,0,0
1461900497,2001:470:83ae:2:212:6d02:0:3005,46,1,1,0,0,0,0
1461900502,2001:470:83ae:2:212:6d02:0:4013,47,1,1,0,0,0,0
1461900502,2001:470:83ae:2:212:6d02:0:4043,47,1,1,0,0,0,0
1461900507,2001:470:83ae:2:212:6d02:0:3005,47,1,1,0,0,0,0
1461900512,2001:470:83ae:2:212:6d02:0:4013,48,1,1,0,0,0,0
1461900512,2001:470:83ae:2:212:6d02:0:4043,48,1,1,0,0,0,0
1461900517,2001:470:83ae:2:212:6d02:0:3005,48,1,1,0,0,0,0
1461900522,2001:470:83ae:2:212:6d02:0:4013,49,1,1,0,0,0,0
1461900522,2001:470:83ae:2:212:6d02:0:4043,49,1,1,0,0,0,0
1461900528,2001:470:83ae:2:212:6d02:0:3005,49,1,1,0,0,0,0
1461900532,2001:470:83ae:2:212:6d02:0:4013,50,1,1,0,0,0,0
1461900538,2001:470:83ae:2:212:6d02:0:3005,50,1,1,0,0,0,0
1461900542,2001:470:83ae:2:212:6d02:0:4013,51,1,1,0,1,0,0
1461900548,2001:470:83ae:2:212:6d02:0:3005,51,2,2,1,0,0,0
1461900552,2001:470:83ae:2:212:6d02:0:4043,52,1,1,0,1,0,0
1461900558,2001:470:83ae:2:212:6d02:0:3005,52,1,1,0,1,0,0
1461900562,2001:470:83ae:2:212:6d02:0:4043,53,1,1,0,0,0,0
1461900568,2001:470:83ae:2:212:6d02:0:3005,53,1,1,0,0,0,0
1461900572,2001:470:83ae:2:212:6d02:0:4043,54,1,1,0,0,0,0
1461900572,2001:470:83ae:2:212:6d02:0:4013,54,1,1,0,0,0,0
1461900578,2001:470:83ae:2:212:6d02:0:3005,54,1,1,0,0,0,0
1461900582,2001:470:83ae:2:212:6d02:0:4043,55,1,1,0,0,0,0
1461900582,2001:470:83ae:2:212:6d02:0:4013,55,1,1,0,0,0,0
1461900588,2001:470:83ae:2:212:6d02:0:3005,55,1,1,0,0,0,0
1461900592,2001:470:83ae:2:212:6d02:0:4043,56,1,1,0,0,0,0
1461900592,2001:470:83ae:2:212:6d02:0:4013,56,1,1,0,0,0,0
1461900598,2001:470:83ae:2:212:6d02:0:3005,56,1,1,0,0,0,0
1461900602,2001:470:83ae:2:212:6d02:0:4043,57,1,1,0,0,0,0
1461900602,2001:470:83ae:2:212:6d02:0:4013,57,1,1,0,0,0,0
1461900608,2001:470:83ae:2:212:6d02:0:3005,57,1,1,0,0,0,0
1461900612,2001:470:83ae:2:212:6d02:0:4043,58,1,1,0,0,0,0
1461900612,2001:470:83ae:2:212:6d02:0:4013,58,1,1,0,0,0,0
1461900618,2001:470:83ae:2:212:6d02:0:3005,58,1,1,0,0,0,0
1461900622,2001:470:83ae:2:212:6d02:0:4043,59,1,1,0,0,0,0
1461900622,2001:470:83ae:2:212:6d02:0:4013,59,1,1,0,0,0,0
1461900628,2001:470:83ae:2:212:6d02:0:3005,59,1,1,0,0,0,0
1461900632,2001:470:83ae:2:212:6d02:0:4043,60,1,1,0,0,0,0
1461900632,2001:470:83ae:2:212:6d02:0:4013,60,1,1,0,0,0,0
1461900638,2001:470:83ae:2:212:6d02:0:3005,60,1,1,0,0,0,0
1461900642,2001:470:83ae:2:212:6d02:0:4043,61,1,1,0,0,0,0
1461900642,2001:470:83ae:2:212:6d02:0:4013,61,1,1,0,0,0,0
1461900649,2001:470:83ae:2:212:6d02:0:3005,61,1,1,0,0,0,0
1461900652,2001:470:83ae:2:212:6d02:0:4043,62,2,2,0,0,0,0
1461900652,2001:470:83ae:2:212:6d02:0:4013,62,2,2,0,0,0,0
1461900659,2001:470:83ae:2:212:6d02:0:3005,62,2,2,0,0,0,0
1461900662,2001:470:83ae:2:212:6d02:0:4043,63,1,1,0,0,0,0
1461900662,2001:470:83ae:2:212:6d02:0:4013,63,1,1,0,0,0,0
1461900669,2001:470:83ae:2:212:6d02:0:3005,63,1,1,0,0,0,0
1461900672,2001:470:83ae:2:212:6d02:0:4043,64,1,1,0,0,0,0
1461900672,2001:470:83ae:2:212:6d02:0:4013,64,1,1,0,0,0,0
1461900679,2001:470:83ae:2:212:6d02:0:3005,64,1,1,0,0,0,0
1461900682,2001:470:83ae:2:212:6d02:0:4043,65,1,1,0,0,0,0
1461900682,2001:470:83ae:2:212:6d02:0:4013,65,1,1,0,0,0,0
1461900689,2001:470:83ae:2:212:6d02:0:3005,65,1,1,0,0,0,0
1461900692,2001:470:83ae:2:212:6d02:0:4043,66,1,1,0,0,0,0
1461900692,2001:470:83ae:2:212:6d02:0:4013,66,1,1,0,0,0,0
1461900699,2001:470:83ae:2:212:6d02:0:3005,66,1,1,0,0,0,0
1461900702,2001:470:83ae:2:212:6d02:0:4043,67,1,1,0,0,0,0
1461900702,2001:470:83ae:2:212:6d02:0:4013,67,1,1,0,0,0,0
1461900709,2001:470:83ae:2:212:6d02:0:3005,67,1,1,0,0,0,0
1461900712,2001:470:83ae:2:212:6d02:0:4043,68,1,1,0,0,0,0
1461900712,2001:470:83ae:2:212:6d02:0:4013,68,1,1,0,0,0,0
1461900719,2001:470:83ae:2:212:6d02:0:3005,68,1,1,0,0,0,0
1461900722,2001:470:83ae:2:212:6d02:0:4043,69,1,1,0,0,0,0
1461900722,2001:470:83ae:2:212:6d02:0:4013,69,1,1,0,0,0,0
1461900729,2001:470:83ae:2:212:6d02:0:3005,69,1,1,0,0,0,0
1461900732,2001:470:83ae:2:212:6d02:0:4043,70,1,1,0,0,0,0
1461900732,2001:470:83ae:2:212:6d02:0:4013,70,1,1,0,0,0,0
1461900739,2001:470:83ae:2:212:6d02:0:3005,70,1,1,0,0,0,0
1461900742,2001:470:83ae:2:212:6d02:0:4043,71,1,1,0,0,0,0
1461900742,2001:470:83ae:2:212:6d02:0:4013,71,1,1,0,0,0,0
1461900749,2001:470:83ae:2:212:6d02:0:3005,71,1,1,0,0,0,0
1461900752,2001:470:83ae:2:212:6d02:0:4043,72,1,1,0,0,0,0
1461900752,2001:470:83ae:2:212:6d02:0:4013,72,1,1,0,0,0,0
1461900760,2001:470:83ae:2:212:6d02:0:3005,72,1,1,0,0,0,0
1461900762,2001:470:83ae:2:212:6d02:0:4043,73,1,1,0,0,0,0
1461900762,2001:470:83ae:2:212:6d02:0:4013,73,1,1,0,0,0,0
1461900770,2001:470:83ae:2:212:6d02:0:3005,73,1,1,0,0,0,0
1461900772,2001:470:83ae:2:212:6d02:0:4043,74,1,1,0,0,0,0
1461900772,2001:470:83ae:2:212:6d02:0:4013,74,1,1,0,0,0,0
1461900780,2001:470:83ae:2:212:6d02:0:3005,74,1,1,0,0,0,0
1461900782,2001:470:83ae:2:212:6d02:0:4043,75,1,1,0,0,0,0
1461900782,2001:470:83ae:2:212:6d02:0:4013,75,1,1,0,0,0,0
1461900790,2001:470:83ae:2:212:6d02:0:3005,75,1,1,0,0,0,0
1461900792,2001:470:83ae:2:212:6d02:0:4043,76,1,1,0,0,0,0
1461900792,2001:470:83ae:2:212:6d02:0:4013,76,1,1,0,0,0,0
1461900800,2001:470:83ae:2:212:6d02:0:3005,76,1,1,0,0,0,0
1461900802,2001:470:83ae:2:212:6d02:0:4043,77,1,1,0,0,0,0
1461900802,2001:470:83ae:2:212:6d02:0:4013,77,1,1,0,0,0,0
1461900810,2001:470:83ae:2:212:6d02:0:3005,77,1,1,0,0,0,0
1461900812,2001:470:83ae:2:212:6d02:0:4043,78,1,1,0,0,0,0
1461900812,2001:470:83ae:2:212:6d02:0:4013,78,1,1,0,0,0,0
1461900820,2001:470:83ae:2:212:6d02:0:3005,78,1,1,0,0,0,0
1461900822,2001:470:83ae:2:212:6d02:0:4043,79,1,1,0,0,0,0
1461900822,2001:470:83ae:2:212:6d02:0:4013,79,1,1,0,0,0,0
1461900830,2001:470:83ae:2:212:6d02:0:3005,79,1,1,0,1,0,0
1461900832,2001:470:83ae:2:212:6d02:0:4043,80,2,2,1,0,0,0
1461900832,2001:470:83ae:2:212:6d02:0:4013,80,1,1,0,1,0,0
1461900840,2001:470:83ae:2:212:6d02:0:3005,80,1,1,0,0,0,0
1461900842,2001:470:83ae:2:212:6d02:0:4043,81,1,1,0,0,0,0
1461900842,2001:470:83ae:2:212:6d02:0:4013,81,1,1,0,0,0,0
1461900850,2001:470:83ae:2:212:6d02:0:3005,81,1,1,0,0,0,0
1461900852,2001:470:83ae:2:212:6d02:0:4043,82,1,1,0,0,0,0
1461900852,2001:470:83ae:2:212:6d02:0:4013,82,1,1,0,0,0,0
1461900860,2001:470:83ae:2:212:6d02:0:3005,82,1,1,0,0,0,0
1461900862,2001:470:83ae:2:212:6d02:0:4043,83,1,1,0,0,0,0
1461900862,2001:470:83ae:2:212:6d02:0:4013,83,1,1,0,0,0,0
1461900870,2001:470:83ae:2:212:6d02:0:3005,83,1,1,0,0,0,0
1461900872,2001:470:83ae:2:212:6d02:0:4043,84,1,1,0,0,0,0
1461900872,2001:470:83ae:2:212:6d02:0:4013,84,1,1,0,0,0,0
1461900881,2001:470:83ae:2:212:6d02:0:3005,84,1,1,0,0,0,0
1461900882,2001:470:83ae:2:212:6d02:0:4043,85,1,1,0,0,0,0
1461900882,2001:470:83ae:2:212:6d02:0:4013,85,1,1,0,0,0,0
1461900891,2001:470:83ae:2:212:6d02:0:3005,85,1,1,0,0,0,0
1461900892,2001:470:83ae:2:212:6d02:0:4043,86,1,1,0,0,0,0
1461900892,2001:470:83ae:2:212:6d02:0:4013,86,1,1,0,0,0,0
1461900901,2001:470:83ae:2:212:6d02:0:3005,86,1,1,0,0,0,0
1461900902,2001:470:83ae:2:212:6d02:0:4043,87,1,1,0,0,0,0
1461900902,2001:470:83ae:2:212:6d02:0:4013,87,1,1,0,0,0,0
1461900912,2001:470:83ae:2:212:6d02:0:4043,88,1,1,0,1,0,0
1461900912,2001:470:83ae:2:212:6d02:0:4013,88,1,1,0,1,0,0
1461900922,2001:470:83ae:2:212:6d02:0:4043,89,1,1,0,0,0,0
1461900922,2001:470:83ae:2:212:6d02:0:4013,89,1,1,0,0,0,0
1461900932,2001:470:83ae:2:212:6d02:0:4043,90,1,1,0,0,0,0
1461900932,2001:470:83ae:2:212:6d02:0:4013,90,1,1,0,0,0,0
1461900942,2001:470:83ae:2:212:6d02:0:4043,91,1,1,0,0,0,0
1461900942,2001:470:83ae:2:212:6d02:0:4013,91,1,1,0,0,0,0
1461900952,2001:470:83ae:2:212:6d02:0:4043,92,2,2,0,1,0,0
1461900952,2001:470:83ae:2:212:6d02:0:4013,92,3,3,1,0,0,0
1461900961,2001:470:83ae:2:212:6d02:0:3005,92,2,2,0,0,0,0
1461900962,2001:470:83ae:2:212:6d02:0:4043,93,1,1,0,0,0,0
1461900962,2001:470:83ae:2:212:6d02:0:4013,93,1,1,0,0,0,0
1461900971,2001:470:83ae:2:212:6d02:0:3005,93,1,1,0,0,0,0
1461900972,2001:470:83ae:2:212:6d02:0:4043,94,1,1,0,0,0,0
1461900972,2001:470:83ae:2:212:6d02:0:4013,94,1,1,0,0,0,0
1461900981,2001:470:83ae:2:212:6d02:0:3005,94,1,1,0,0,0,0
1461900982,2001:470:83ae:2:212:6d02:0:4043,95,1,1,0,0,0,0
1461900982,2001:470:83ae:2:212:6d02:0:4013,95,1,1,0,0,0,0
1461900992,2001:470:83ae:2:212:6d02:0:3005,95,1,1,0,0,0,0
1461900992,2001:470:83ae:2:212:6d02:0:4013,96,1,1,0,0,0,0
1461901002,2001:470:83ae:2:212:6d02:0:4043,97,1,1,0,0,0,0
1461901002,2001:470:83ae:2:212:6d02:0:3005,96,1,1,0,0,0,0
1461901002,2001:470:83ae:2:212:6d02:0:4013,97,1,1,0,0,0,0
1461901012,2001:470:83ae:2:212:6d02:0:4043,98,1,1,0,0,0,0
1461901012,2001:470:83ae:2:212:6d02:0:3005,97,1,1,0,0,0,0
1461901012,2001:470:83ae:2:212:6d02:0:4013,98,1,1,0,0,0,0
1461901021,2001:470:83ae:2:212:6d02:0:4043,99,1,1,0,0,0,0
1461901022,2001:470:83ae:2:212:6d02:0:3005,98,1,1,0,0,0,0
1461901022,2001:470:83ae:2:212:6d02:0:4013,99,1,1,0,0,0,0
1461901031,2001:470:83ae:2:212:6d02:0:4043,100,1,1,0,0,0,0
1461901032,2001:470:83ae:2:212:6d02:0:3005,99,1,1,0,0,0,0
1461901032,2001:470:83ae:2:212:6d02:0:4013,100,1,1,0,0,0,0
1461901041,2001:470:83ae:2:212:6d02:0:4043,101,1,1,0,0,0,0
1461901042,2001:470:83ae:2:212:6d02:0:3005,100,1,1,0,0,0,0
1461901042,2001:470:83ae:2:212:6d02:0:4013,101,1,1,0,0,0,0
1461901051,2001:470:83ae:2:212:6d02:0:4043,102,1,1,0,0,0,0
1461901052,2001:470:83ae:2:212:6d02:0:3005,101,1,1,0,0,0,0
1461901052,2001:470:83ae:2:212:6d02:0:4013,102,1,1,0,0,0,0
1461901061,2001:470:83ae:2:212:6d02:0:4043,103,1,1,0,0,0,0
1461901062,2001:470:83ae:2:212:6d02:0:3005,102,1,1,0,0,0,0
1461901062,2001:470:83ae:2:212:6d02:0:4013,103,1,1,0,0,0,0
1461901071,2001:470:83ae:2:212:6d02:0:4043,104,1,1,0,0,0,0
1461901072,2001:470:83ae:2:212:6d02:0:3005,103,1,1,0,0,0,0
1461901072,2001:470:83ae:2:212:6d02:0:4013,104,1,1,0,0,0,0
1461901081,2001:470:83ae:2:212:6d02:0:4043,105,1,1,0,0,0,0
1461901082,2001:470:83ae:2:212:6d02:0:3005,104,1,1,0,0,0,0
1461901082,2001:470:83ae:2:212:6d02:0:4013,105,1,1,0,0,0,0
1461901091,2001:470:83ae:2:212:6d02:0:4043,106,1,1,0,0,0,0
1461901092,2001:470:83ae:2:212:6d02:0:4013,106,1,1,0,0,0,0
1461901101,2001:470:83ae:2:212:6d02:0:4043,107,1,1,0,0,0,0
1461901102,2001:470:83ae:2:212:6d02:0:4013,107,1,1,0,0,0,0
1461901102,2001:470:83ae:2:212:6d02:0:3005,106,1,1,0,0,0,0
1461901111,2001:470:83ae:2:212:6d02:0:4043,108,1,1,0,0,0,0
1461901112,2001:470:83ae:2:212:6d02:0:4013,108,1,1,0,0,0,0
1461901113,2001:470:83ae:2:212:6d02:0:3005,107,1,1,0,0,0,0
1461901121,2001:470:83ae:2:212:6d02:0:4043,109,1,1,0,0,0,0
1461901122,2001:470:83ae:2:212:6d02:0:4013,109,1,1,0,0,0,0
1461901123,2001:470:83ae:2:212:6d02:0:3005,108,1,1,0,0,0,0
1461901131,2001:470:83ae:2:212:6d02:0:4043,110,1,1,0,0,0,0
1461901132,2001:470:83ae:2:212:6d02:0:4013,110,1,1,0,0,0,0
1461901133,2001:470:83ae:2:212:6d02:0:3005,109,1,1,0,0,0,0
1461901141,2001:470:83ae:2:212:6d02:0:4043,111,1,1,0,0,0,0
1461901142,2001:470:83ae:2:212:6d02:0:4013,111,1,1,0,0,0,0
1461901143,2001:470:83ae:2:212:6d02:0:3005,110,1,1,0,0,0,0
1461901151,2001:470:83ae:2:212:6d02:0:4043,112,1,1,0,0,0,0
1461901152,2001:470:83ae:2:212:6d02:0:4013,112,1,1,0,0,0,0
1461901153,2001:470:83ae:2:212:6d02:0:3005,111,1,1,0,0,0,0
1461901161,2001:470:83ae:2:212:6d02:0:4043,113,1,1,0,0,0,0
1461901162,2001:470:83ae:2:212:6d02:0:4013,113,1,1,0,0,0,0
1461901163,2001:470:83ae:2:212:6d02:0:3005,112,1,1,0,0,0,0
1461901171,2001:470:83ae:2:212:6d02:0:4043,114,1,1,0,0,0,0
1461901172,2001:470:83ae:2:212:6d02:0:4013,114,1,1,0,0,0,0
1461901173,2001:470:83ae:2:212:6d02:0:3005,113,1,1,0,0,0,0
1461901181,2001:470:83ae:2:212:6d02:0:4043,115,1,1,0,0,0,0
1461901182,2001:470:83ae:2:212:6d02:0:4013,115,1,1,0,0,0,0
1461901183,2001:470:83ae:2:212:6d02:0:3005,114,1,1,0,0,0,0
1461901191,2001:470:83ae:2:212:6d02:0:4043,116,1,1,0,0,0,0
1461901192,2001:470:83ae:2:212:6d02:0:4013,116,1,1,0,0,0,0
1461901193,2001:470:83ae:2:212:6d02:0:3005,115,1,1,0,0,0,0
1461901201,2001:470:83ae:2:212:6d02:0:4043,117,1,1,0,0,0,0
1461901202,2001:470:83ae:2:212:6d02:0:4013,117,1,1,0,0,0,0
1461901203,2001:470:83ae:2:212:6d02:0:3005,116,1,1,0,0,0,0
1461901211,2001:470:83ae:2:212:6d02:0:4043,118,1,1,0,0,0,0
1461901212,2001:470:83ae:2:212:6d02:0:4013,118,1,1,0,0,0,0
1461901213,2001:470:83ae:2:212:6d02:0:3005,117,1,1,0,0,0,0
1461901221,2001:470:83ae:2:212:6d02:0:4043,119,1,1,0,0,0,0
1461901222,2001:470:83ae:2:212:6d02:0:4013,119,1,1,0,0,0,0
1461901224,2001:470:83ae:2:212:6d02:0:3005,118,1,1,0,0,0,0
1461901231,2001:470:83ae:2:212:6d02:0:4043,120,1,1,0,0,0,0
1461901232,2001:470:83ae:2:212:6d02:0:4013,120,1,1,0,0,0,0
1461901234,2001:470:83ae:2:212:6d02:0:3005,119,1,1,0,0,0,0
1461901241,2001:470:83ae:2:212:6d02:0:4043,121,1,1,0,0,0,0
1461901242,2001:470:83ae:2:212:6d02:0:4013,121,1,1,0,0,0,0
1461901244,2001:470:83ae:2:212:6d02:0:3005,120,1,1,0,0,0,0
1461901251,2001:470:83ae:2:212:6d02:0:4043,122,1,1,0,0,0,0
1461901252,2001:470:83ae:2:212:6d02:0:4013,122,2,2,0,0,0,0
1461901254,2001:470:83ae:2:212:6d02:0:3005,121,2,2,0,0,0,0
1461901261,2001:470:83ae:2:212:6d02:0:4043,123,2,2,0,0,0,0
1461901262,2001:470:83ae:2:212:6d02:0:4013,123,1,1,0,0,0,0
1461901264,2001:470:83ae:2:212:6d02:0:3005,122,1,1,0,0,0,0
1461901271,2001:470:83ae:2:212:6d02:0:4043,124,1,2,0,0,0,0
1461901272,2001:470:83ae:2:212:6d02:0:4013,124,1,1,0,0,0,0
1461901274,2001:470:83ae:2:212:6d02:0:3005,123,1,1,0,0,0,0
1461901281,2001:470:83ae:2:212:6d02:0:4043,125,1,1,0,0,0,0
1461901282,2001:470:83ae:2:212:6d02:0:4013,125,1,1,0,0,0,0
1461901284,2001:470:83ae:2:212:6d02:0:3005,124,1,1,0,0,0,0
1461901291,2001:470:83ae:2:212:6d02:0:4043,126,1,1,0,0,0,0
1461901292,2001:470:83ae:2:212:6d02:0:4013,126,1,1,0,0,0,0
1461901294,2001:470:83ae:2:212:6d02:0:3005,125,1,1,0,0,0,0
1461901301,2001:470:83ae:2:212:6d02:0:4043,127,1,1,0,0,0,0
1461901303,2001:470:83ae:2:212:6d02:0:4013,127,1,1,0,0,0,0
1461901304,2001:470:83ae:2:212:6d02:0:3005,126,1,1,0,0,0,0
1461901311,2001:470:83ae:2:212:6d02:0:4043,128,1,1,0,0,0,0
1461901312,2001:470:83ae:2:212:6d02:0:4013,128,1,1,0,0,0,0
1461901314,2001:470:83ae:2:212:6d02:0:3005,127,1,1,0,0,0,0
1461901321,2001:470:83ae:2:212:6d02:0:4043,129,1,1,0,0,0,0
1461901322,2001:470:83ae:2:212:6d02:0:4013,129,1,1,0,0,0,0
1461901324,2001:470:83ae:2:212:6d02:0:3005,128,1,1,0,0,0,0
1461901331,2001:470:83ae:2:212:6d02:0:4043,130,1,1,0,0,0,0
1461901333,2001:470:83ae:2:212:6d02:0:4013,130,1,1,0,0,0,0
1461901334,2001:470:83ae:2:212:6d02:0:3005,129,1,1,0,0,0,0
1461901341,2001:470:83ae:2:212:6d02:0:4043,131,1,1,0,0,0,0
1461901342,2001:470:83ae:2:212:6d02:0:4013,131,1,1,0,0,0,0
1461901345,2001:470:83ae:2:212:6d02:0:3005,130,1,1,0,0,0,0
1461901351,2001:470:83ae:2:212:6d02:0:4043,132,1,1,0,0,0,0
1461901353,2001:470:83ae:2:212:6d02:0:4013,132,1,1,0,0,0,0
1461901355,2001:470:83ae:2:212:6d02:0:3005,131,1,1,0,0,0,0
1461901361,2001:470:83ae:2:212:6d02:0:4043,133,1,1,0,0,0,0
1461901363,2001:470:83ae:2:212:6d02:0:4013,133,1,1,0,0,0,0
1461901365,2001:470:83ae:2:212:6d02:0:3005,132,1,1,0,0,0,0
1461901371,2001:470:83ae:2:212:6d02:0:4043,134,1,1,0,0,0,0
1461901373,2001:470:83ae:2:212:6d02:0:4013,134,1,1,0,0,0,0
1461901375,2001:470:83ae:2:212:6d02:0:3005,133,1,1,0,0,0,0
1461901381,2001:470:83ae:2:212:6d02:0:4043,135,1,1,0,0,0,0
1461901383,2001:470:83ae:2:212:6d02:0:4013,135,1,1,0,0,0,0
1461901385,2001:470:83ae:2:212:6d02:0:3005,134,1,1,0,0,0,0
1461901391,2001:470:83ae:2:212:6d02:0:4043,136,1,1,0,0,0,0
1461901393,2001:470:83ae:2:212:6d02:0:4013,136,1,1,0,0,0,0
1461901395,2001:470:83ae:2:212:6d02:0:3005,135,1,1,0,0,0,0
1461901401,2001:470:83ae:2:212:6d02:0:4043,137,1,1,0,0,0,0
1461901403,2001:470:83ae:2:212:6d02:0:4013,137,1,1,0,0,0,0
1461901405,2001:470:83ae:2:212:6d02:0:3005,136,1,1,0,0,0,0
1461901411,2001:470:83ae:2:212:6d02:0:4043,138,1,1,0,0,0,0
1461901413,2001:470:83ae:2:212:6d02:0:4013,138,1,1,0,0,0,0
1461901415,2001:470:83ae:2:212:6d02:0:3005,137,1,1,0,0,0,0
1461901421,2001:470:83ae:2:212:6d02:0:4043,139,1,1,0,0,0,0
1461901423,2001:470:83ae:2:212:6d02:0:4013,139,1,1,0,0,0,0
1461901425,2001:470:83ae:2:212:6d02:0:3005,138,1,1,0,0,0,0
1461901431,2001:470:83ae:2:212:6d02:0:4043,140,1,1,0,0,0,0
1461901433,2001:470:83ae:2:212:6d02:0:4013,140,1,1,0,0,0,0
1461901435,2001:470:83ae:2:212:6d02:0:3005,139,1,1,0,0,0,0
1461901441,2001:470:83ae:2:212:6d02:0:4043,141,1,1,0,0,0,0
1461901443,2001:470:83ae:2:212:6d02:0:4013,141,1,1,0,0,0,0
1461901445,2001:470:83ae:2:212:6d02:0:3005,140,1,1,0,0,0,0
1461901451,2001:470:83ae:2:212:6d02:0:4043,142,1,1,0,0,0,0
1461901453,2001:470:83ae:2:212:6d02:0:4013,142,1,1,0,0,0,0
1461901456,2001:470:83ae:2:212:6d02:0:3005,141,1,1,0,0,0,0
1461901461,2001:470:83ae:2:212:6d02:0:4043,143,1,1,0,0,0,0
1461901463,2001:470:83ae:2:212:6d02:0:4013,143,1,1,0,0,0,0
1461901466,2001:470:83ae:2:212:6d02:0:3005,142,1,1,0,0,0,0
1461901471,2001:470:83ae:2:212:6d02:0:4043,144,1,1,0,0,0,0
1461901473,2001:470:83ae:2:212:6d02:0:4013,144,1,1,0,0,0,0
1461901476,2001:470:83ae:2:212:6d02:0:3005,143,1,1,0,0,0,0
1461901481,2001:470:83ae:2:212:6d02:0:4043,145,1,1,0,0,0,0
1461901483,2001:470:83ae:2:212:6d02:0:4013,145,1,1,0,0,0,0
1461901486,2001:470:83ae:2:212:6d02:0:3005,144,1,1,0,0,0,0
1461901491,2001:470:83ae:2:212:6d02:0:4043,146,1,1,0,0,0,0
1461901493,2001:470:83ae:2:212:6d02:0:4013,146,1,1,0,0,0,0
1461901496,2001:470:83ae:2:212:6d02:0:3005,145,1,1,0,0,0,0
1461901501,2001:470:83ae:2:212:6d02:0:4043,147,1,1,0,0,0,0
1461901503,2001:470:83ae:2:212:6d02:0:4013,147,1,1,0,0,0,0
1461901506,2001:470:83ae:2:212:6d02:0:3005,146,1,1,0,0,0,0
1461901511,2001:470:83ae:2:212:6d02:0:4043,148,1,1,0,0,0,0
1461901513,2001:470:83ae:2:212:6d02:0:4013,148,1,1,0,0,0,0
1461901516,2001:470:83ae:2:212:6d02:0:3005,147,1,1,0,0,0,0
1461901521,2001:470:83ae:2:212:6d02:0:4043,149,1,1,0,0,0,0
1461901523,2001:470:83ae:2:212:6d02:0:4013,149,1,1,0,0,0,0
1461901526,2001:470:83ae:2:212:6d02:0:3005,148,1,1,0,0,0,0
1461901531,2001:470:83ae:2:212:6d02:0:4043,150,1,1,0,0,0,0
1461901532,2001:470:83ae:2:212:6d02:0:4013,150,1,1,0,0,0,0
1461901536,2001:470:83ae:2:212:6d02:0:3005,149,1,1,0,0,0,0
1461901541,2001:470:83ae:2:212:6d02:0:4043,151,1,1,0,0,0,0
1461901542,2001:470:83ae:2:212:6d02:0:4013,151,1,1,0,0,0,0
1461901546,2001:470:83ae:2:212:6d02:0:3005,150,1,1,0,0,0,0
1461901551,2001:470:83ae:2:212:6d02:0:4043,152,1,1,0,0,0,0
1461901552,2001:470:83ae:2:212:6d02:0:4013,152,2,2,0,0,0,0
1461901556,2001:470:83ae:2:212:6d02:0:3005,151,2,2,0,0,0,0
1461901561,2001:470:83ae:2:212:6d02:0:4043,153,2,2,0,0,0,0
1461901562,2001:470:83ae:2:212:6d02:0:4013,153,1,1,0,0,0,0
1461901567,2001:470:83ae:2:212:6d02:0:3005,152,1,1,0,0,0,0
1461901571,2001:470:83ae:2:212:6d02:0:4043,154,1,1,0,0,0,0
1461901572,2001:470:83ae:2:212:6d02:0:4013,154,1,1,0,0,0,0
1461901577,2001:470:83ae:2:212:6d02:0:3005,153,1,1,0,0,0,0
1461901581,2001:470:83ae:2:212:6d02:0:4043,155,1,1,0,0,0,0
1461901582,2001:470:83ae:2:212:6d02:0:4013,155,1,1,0,1,0,0
1461901587,2001:470:83ae:2:212:6d02:0:3005,154,1,1,0,1,0,0
1461901591,2001:470:83ae:2:212:6d02:0:4043,156,2,2,1,0,0,0
1461901592,2001:470:83ae:2:212:6d02:0:4013,156,1,1,0,0,0,0
1461901597,2001:470:83ae:2:212:6d02:0:3005,155,1,1,0,0,0,0
1461901601,2001:470:83ae:2:212:6d02:0:4043,157,1,1,0,0,0,0
1461901602,2001:470:83ae:2:212:6d02:0:4013,157,1,1,0,0,0,0
1461901607,2001:470:83ae:2:212:6d02:0:3005,156,1,1,0,0,0,0
1461901611,2001:470:83ae:2:212:6d02:0:4043,158,1,1,0,0,0,0
1461901612,2001:470:83ae:2:212:6d02:0:4013,158,1,1,0,0,0,0
1461901617,2001:470:83ae:2:212:6d02:0:3005,157,1,1,0,0,0,0
1461901620,2001:470:83ae:2:212:6d02:0:4043,159,1,1,0,0,0,0
1461901622,2001:470:83ae:2:212:6d02:0:4013,159,1,1,0,0,0,0
1461901627,2001:470:83ae:2:212:6d02:0:3005,158,1,1,0,0,0,0
1461901630,2001:470:83ae:2:212:6d02:0:4043,160,1,1,0,0,0,0
1461901632,2001:470:83ae:2:212:6d02:0:4013,160,1,1,0,0,0,0
1461901637,2001:470:83ae:2:212:6d02:0:3005,159,1,1,0,0,0,0
1461901640,2001:470:83ae:2:212:6d02:0:4043,161,1,1,0,0,0,0
1461901642,2001:470:83ae:2:212:6d02:0:4013,161,1,1,0,0,0,0
1461901647,2001:470:83ae:2:212:6d02:0:3005,160,1,1,0,0,0,0
1461901650,2001:470:83ae:2:212:6d02:0:4043,162,1,1,0,0,0,0
1461901652,2001:470:83ae:2:212:6d02:0:4013,162,1,1,0,0,0,0
1461901657,2001:470:83ae:2:212:6d02:0:3005,161,1,1,0,0,0,0
1461901660,2001:470:83ae:2:212:6d02:0:4043,163,1,1,0,0,0,0
1461901662,2001:470:83ae:2:212:6d02:0:4013,163,1,1,0,0,0,0
1461901667,2001:470:83ae:2:212:6d02:0:3005,162,1,1,0,1,0,0
1461901670,2001:470:83ae:2:212:6d02:0:4043,164,1,1,0,1,0,0
1461901672,2001:470:83ae:2:212:6d02:0:4013,164,2,2,1,0,0,0
1461901677,2001:470:83ae:2:212:6d02:0:3005,163,1,1,0,1,0,0
1461901682,2001:470:83ae:2:212:6d02:0:4013,165,1,1,0,0,0,0
1461901688,2001:470:83ae:2:212:6d02:0:3005,164,1,1,0,0,0,0
1461901690,2001:470:83ae:2:212:6d02:0:4043,166,1,7,0,0,0,0
1461901692,2001:470:83ae:2:212:6d02:0:4013,166,2,2,0,0,0,0
1461901698,2001:470:83ae:2:212:6d02:0:3005,165,1,1,0,0,0,0
1461901700,2001:470:83ae:2:212:6d02:0:4043,167,1,1,0,0,0,0
1461901702,2001:470:83ae:2:212:6d02:0:4013,167,2,2,0,0,0,0
1461901708,2001:470:83ae:2:212:6d02:0:3005,166,1,1,0,0,0,0
1461901710,2001:470:83ae:2:212:6d02:0:4043,168,1,1,0,0,0,0
1461901712,2001:470:83ae:2:212:6d02:0:4013,168,2,2,0,0,0,0
1461901718,2001:470:83ae:2:212:6d02:0:3005,167,2,2,1,0,0,0
1461901720,2001:470:83ae:2:212:6d02:0:4043,169,1,1,0,1,0,0
1461901722,2001:470:83ae:2:212:6d02:0:4013,169,2,2,0,1,0,0
1461901728,2001:470:83ae:2:212:6d02:0:3005,168,1,1,0,0,0,0
1461901730,2001:470:83ae:2:212:6d02:0:4043,170,1,1,0,0,0,0
1461901732,2001:470:83ae:2:212:6d02:0:4013,170,2,2,0,0,0,0
1461901738,2001:470:83ae:2:212:6d02:0:3005,169,1,1,0,0,0,0
1461901740,2001:470:83ae:2:212:6d02:0:4043,171,1,1,0,0,0,0
1461901743,2001:470:83ae:2:212:6d02:0:4013,171,2,2,0,0,0,0
1461901748,2001:470:83ae:2:212:6d02:0:3005,170,1,1,0,0,0,0
1461901750,2001:470:83ae:2:212:6d02:0:4043,172,1,1,0,0,0,0
1461901752,2001:470:83ae:2:212:6d02:0:4013,172,2,2,0,0,0,0
1461901758,2001:470:83ae:2:212:6d02:0:3005,171,1,1,0,0,0,0
1461901760,2001:470:83ae:2:212:6d02:0:4043,173,1,1,0,0,0,0
1461901762,2001:470:83ae:2:212:6d02:0:4013,173,2,2,0,0,0,0
1461901768,2001:470:83ae:2:212:6d02:0:3005,172,1,1,0,0,0,0
1461901770,2001:470:83ae:2:212:6d02:0:4043,174,1,1,0,0,0,0
1461901772,2001:470:83ae:2:212:6d02:0:4013,174,2,2,0,0,0,0
1461901778,2001:470:83ae:2:212:6d02:0:3005,173,1,1,0,0,0,0
1461901780,2001:470:83ae:2:212:6d02:0:4043,175,1,1,0,0,0,0
1461901783,2001:470:83ae:2:212:6d02:0:4013,175,2,2,0,0,0,0
1461901788,2001:470:83ae:2:212:6d02:0:3005,174,1,1,0,0,0,0
1461901790,2001:470:83ae:2:212:6d02:0:4043,176,1,1,0,0,0,0
1461901792,2001:470:83ae:2:212:6d02:0:4013,176,2,2,0,0,0,0
1461901799,2001:470:83ae:2:212:6d02:0:3005,175,1,1,0,0,0,0
1461901800,2001:470:83ae:2:212:6d02:0:4043,177,1,1,0,0,0,0
1461901802,2001:470:83ae:2:212:6d02:0:4013,177,2,2,0,0,0,0
1461901809,2001:470:83ae:2:212:6d02:0:3005,176,1,1,0,0,0,0
1461901810,2001:470:83ae:2:212:6d02:0:4043,178,1,1,0,0,0,0
1461901812,2001:470:83ae:2:212:6d02:0:4013,178,2,2,0,0,0,0
1461901819,2001:470:83ae:2:212:6d02:0:3005,177,1,1,0,0,0,0
1461901820,2001:470:83ae:2:212:6d02:0:4043,179,1,1,0,0,0,0
1461901822,2001:470:83ae:2:212:6d02:0:4013,179,2,2,0,0,0,0
1461901829,2001:470:83ae:2:212:6d02:0:3005,178,1,1,0,0,0,0
1461901830,2001:470:83ae:2:212:6d02:0:4043,180,1,1,0,0,0,0
1461901832,2001:470:83ae:2:212:6d02:0:4013,180,2,2,0,0,0,0
1461901839,2001:470:83ae:2:212:6d02:0:3005,179,1,1,0,0,0,0
1461901840,2001:470:83ae:2:212:6d02:0:4043,181,1,1,0,0,0,0
1461901842,2001:470:83ae:2:212:6d02:0:4013,181,2,2,0,0,0,0
1461901849,2001:470:83ae:2:212:6d02:0:3005,180,1,1,0,0,0,0
1461901850,2001:470:83ae:2:212:6d02:0:4043,182,1,1,0,0,0,0
1461901853,2001:470:83ae:2:212:6d02:0:4013,182,2,2,0,0,0,0
1461901859,2001:470:83ae:2:212:6d02:0:3005,181,1,2,0,0,0,0
1461901860,2001:470:83ae:2:212:6d02:0:4043,183,1,1,0,0,0,0
1461901862,2001:470:83ae:2:212:6d02:0:4013,183,3,3,0,0,0,0
1461901869,2001:470:83ae:2:212:6d02:0:3005,182,2,2,0,0,0,0
1461901870,2001:470:83ae:2:212:6d02:0:4043,184,2,2,0,0,0,0
1461901872,2001:470:83ae:2:212:6d02:0:4013,184,3,3,0,0,0,0
1461901879,2001:470:83ae:2:212:6d02:0:3005,183,1,1,0,0,0,0
1461901880,2001:470:83ae:2:212:6d02:0:4043,185,1,1,0,0,0,0
1461901882,2001:470:83ae:2:212:6d02:0:4013,185,2,2,0,0,0,0
1461901889,2001:470:83ae:2:212:6d02:0:3005,184,1,1,0,0,0,0
1461901890,2001:470:83ae:2:212:6d02:0:4043,186,1,1,0,0,0,0
1461901892,2001:470:83ae:2:212:6d02:0:4013,186,2,2,0,0,0,0
1461901899,2001:470:83ae:2:212:6d02:0:3005,185,1,1,0,0,0,0
1461901900,2001:470:83ae:2:212:6d02:0:4043,187,1,1,0,0,0,0
1461901902,2001:470:83ae:2:212:6d02:0:4013,187,2,2,0,0,0,0
1461901910,2001:470:83ae:2:212:6d02:0:3005,186,1,1,0,0,0,0
1461901910,2001:470:83ae:2:212:6d02:0:4043,188,1,1,0,0,0,0
1461901912,2001:470:83ae:2:212:6d02:0:4013,188,2,2,0,0,0,0
1461901920,2001:470:83ae:2:212:6d02:0:3005,187,1,1,0,0,0,0
1461901920,2001:470:83ae:2:212:6d02:0:4043,189,1,1,0,0,0,0
1461901922,2001:470:83ae:2:212:6d02:0:4013,189,2,2,0,0,0,0
1461901930,2001:470:83ae:2:212:6d02:0:3005,188,1,1,0,0,0,0
1461901930,2001:470:83ae:2:212:6d02:0:4043,190,1,1,0,0,0,0
1461901932,2001:470:83ae:2:212:6d02:0:4013,190,2,2,0,0,0,0
1461901940,2001:470:83ae:2:212:6d02:0:3005,189,1,1,0,0,0,0
1461901940,2001:470:83ae:2:212:6d02:0:4043,191,1,1,0,0,0,0
1461901942,2001:470:83ae:2:212:6d02:0:4013,191,2,2,0,0,0,0
1461901950,2001:470:83ae:2:212:6d02:0:3005,190,1,1,0,0,0,0
1461901950,2001:470:83ae:2:212:6d02:0:4043,192,1,1,0,0,0,0
1461901952,2001:470:83ae:2:212:6d02:0:4013,192,2,2,0,0,0,0
1461901960,2001:470:83ae:2:212:6d02:0:4043,193,1,1,0,0,0,0
1461901962,2001:470:83ae:2:212:6d02:0:4013,193,2,2,0,0,0,0
1461901970,2001:470:83ae:2:212:6d02:0:4043,194,1,1,0,0,0,0
1461901970,2001:470:83ae:2:212:6d02:0:3005,192,1,1,0,0,0,0
1461901972,2001:470:83ae:2:212:6d02:0:4013,194,2,2,0,0,0,0
1461901980,2001:470:83ae:2:212:6d02:0:4043,195,1,1,0,0,0,0
1461901980,2001:470:83ae:2:212:6d02:0:3005,193,1,1,0,0,0,0
1461901982,2001:470:83ae:2:212:6d02:0:4013,195,2,2,0,0,0,0
1461901990,2001:470:83ae:2:212:6d02:0:4043,196,1,1,0,0,0,0
1461901990,2001:470:83ae:2:212:6d02:0:3005,194,1,1,0,0,0,0
1461901992,2001:470:83ae:2:212:6d02:0:4013,196,2,2,0,0,0,0
1461902000,2001:470:83ae:2:212:6d02:0:4043,197,1,1,0,0,0,0
1461902000,2001:470:83ae:2:212:6d02:0:3005,195,1,1,0,0,0,0
1461902002,2001:470:83ae:2:212:6d02:0:4013,197,2,2,0,0,0,0
1461902010,2001:470:83ae:2:212:6d02:0:4043,198,1,1,0,0,0,0
1461902010,2001:470:83ae:2:212:6d02:0:3005,196,1,2,0,0,0,0
1461902012,2001:470:83ae:2:212:6d02:0:4013,198,2,2,0,0,0,0
1461902020,2001:470:83ae:2:212:6d02:0:4043,199,1,1,0,0,0,0
1461902021,2001:470:83ae:2:212:6d02:0:3005,197,1,3,0,0,0,0
1461902022,2001:470:83ae:2:212:6d02:0:4013,199,2,2,0,0,0,0
1461902030,2001:470:83ae:2:212:6d02:0:4043,200,1,1,0,0,0,0
1461902031,2001:470:83ae:2:212:6d02:0:3005,198,1,1,0,0,0,0
1461902032,2001:470:83ae:2:212:6d02:0:4013,200,2,2,0,0,0,0
1461902040,2001:470:83ae:2:212:6d02:0:4043,201,1,1,0,0,0,0
1461902041,2001:470:83ae:2:212:6d02:0:3005,199,1,1,0,0,0,0
1461902042,2001:470:83ae:2:212:6d02:0:4013,201,2,2,0,0,0,0
1461902050,2001:470:83ae:2:212:6d02:0:4043,202,1,1,0,0,0,0
1461902051,2001:470:83ae:2:212:6d02:0:3005,200,1,1,0,0,0,0
1461902052,2001:470:83ae:2:212:6d02:0:4013,202,2,2,0,0,0,0
1461902060,2001:470:83ae:2:212:6d02:0:4043,203,1,1,0,0,0,0
1461902061,2001:470:83ae:2:212:6d02:0:3005,201,1,1,0,0,0,0
1461902062,2001:470:83ae:2:212:6d02:0:4013,203,2,2,0,0,0,0
1461902070,2001:470:83ae:2:212:6d02:0:4043,204,1,1,0,0,0,0
1461902071,2001:470:83ae:2:212:6d02:0:3005,202,1,1,0,0,0,0
1461902072,2001:470:83ae:2:212:6d02:0:4013,204,2,2,0,0,0,0
1461902080,2001:470:83ae:2:212:6d02:0:4043,205,1,1,0,0,0,0
1461902081,2001:470:83ae:2:212:6d02:0:3005,203,1,1,0,0,0,0
1461902082,2001:470:83ae:2:212:6d02:0:4013,205,2,2,0,0,0,0
1461902090,2001:470:83ae:2:212:6d02:0:4043,206,1,1,0,0,0,0
1461902091,2001:470:83ae:2:212:6d02:0:3005,204,1,2,0,0,0,0
1461902092,2001:470:83ae:2:212:6d02:0:4013,206,2,2,0,0,0,0
1461902100,2001:470:83ae:2:212:6d02:0:4043,207,1,1,0,0,0,0
1461902101,2001:470:83ae:2:212:6d02:0:3005,205,1,1,0,0,0,0
1461902102,2001:470:83ae:2:212:6d02:0:4013,207,2,2,0,0,0,0
1461902110,2001:470:83ae:2:212:6d02:0:4043,208,1,1,0,0,0,0
1461902111,2001:470:83ae:2:212:6d02:0:3005,206,1,1,0,0,0,0
1461902112,2001:470:83ae:2:212:6d02:0:4013,208,2,2,0,0,0,0
1461902120,2001:470:83ae:2:212:6d02:0:4043,209,1,1,0,0,0,0
1461902121,2001:470:83ae:2:212:6d02:0:3005,207,1,1,0,0,0,0
1461902122,2001:470:83ae:2:212:6d02:0:4013,209,2,2,0,0,0,0
1461902130,2001:470:83ae:2:212:6d02:0:4043,210,1,1,0,0,0,0
1461902131,2001:470:83ae:2:212:6d02:0:3005,208,1,1,0,0,0,0
1461902132,2001:470:83ae:2:212:6d02:0:4013,210,2,2,0,0,0,0
1461902140,2001:470:83ae:2:212:6d02:0:4043,211,1,1,0,0,0,0
1461902142,2001:470:83ae:2:212:6d02:0:3005,209,1,1,0,0,0,0
1461902142,2001:470:83ae:2:212:6d02:0:4013,211,2,2,0,0,0,0
1461902150,2001:470:83ae:2:212:6d02:0:4043,212,1,1,0,0,0,0
1461902152,2001:470:83ae:2:212:6d02:0:3005,210,1,1,0,0,0,0
1461902152,2001:470:83ae:2:212:6d02:0:4013,212,2,2,0,0,0,0
1461902160,2001:470:83ae:2:212:6d02:0:4043,213,1,1,0,0,0,0
1461902162,2001:470:83ae:2:212:6d02:0:3005,211,1,1,0,0,0,0
1461902162,2001:470:83ae:2:212:6d02:0:4013,213,2,2,0,0,0,0
1461902170,2001:470:83ae:2:212:6d02:0:4043,214,2,2,0,0,0,0
1461902172,2001:470:83ae:2:212:6d02:0:3005,212,2,2,0,0,0,0
1461902172,2001:470:83ae:2:212:6d02:0:4013,214,4,4,0,0,0,0
1461902180,2001:470:83ae:2:212:6d02:0:4043,215,1,1,0,0,0,0
1461902182,2001:470:83ae:2:212:6d02:0:3005,213,1,1,0,0,0,0
1461902182,2001:470:83ae:2:212:6d02:0:4013,215,2,2,0,0,0,0
1461902190,2001:470:83ae:2:212:6d02:0:4043,216,1,1,0,0,0,0
1461902192,2001:470:83ae:2:212:6d02:0:3005,214,1,1,0,0,0,0
1461902192,2001:470:83ae:2:212:6d02:0:4013,216,2,2,0,0,0,0
1461902200,2001:470:83ae:2:212:6d02:0:4043,217,1,1,0,0,0,0
1461902202,2001:470:83ae:2:212:6d02:0:3005,215,1,1,0,0,0,0
1461902202,2001:470:83ae:2:212:6d02:0:4013,217,2,2,0,0,0,0
1461902210,2001:470:83ae:2:212:6d02:0:4043,218,1,1,0,0,0,0
1461902212,2001:470:83ae:2:212:6d02:0:3005,216,1,1,0,0,0,0
1461902212,2001:470:83ae:2:212:6d02:0:4013,218,2,2,0,0,0,0
1461902220,2001:470:83ae:2:212:6d02:0:4043,219,1,1,0,0,0,0
1461902222,2001:470:83ae:2:212:6d02:0:3005,217,1,1,0,0,0,0
1461902222,2001:470:83ae:2:212:6d02:0:4013,219,2,2,0,0,0,0
1461902230,2001:470:83ae:2:212:6d02:0:4043,220,1,1,0,0,0,0
1461902232,2001:470:83ae:2:212:6d02:0:3005,218,1,1,0,0,0,0
1461902240,2001:470:83ae:2:212:6d02:0:4043,221,1,1,0,0,0,0
1461902242,2001:470:83ae:2:212:6d02:0:4013,221,2,2,0,0,0,0
1461902250,2001:470:83ae:2:212:6d02:0:4043,222,1,1,0,0,0,0
1461902252,2001:470:83ae:2:212:6d02:0:4013,222,2,2,0,0,0,0
1461902253,2001:470:83ae:2:212:6d02:0:3005,220,1,1,0,0,0,0
1461902259,2001:470:83ae:2:212:6d02:0:4043,223,1,1,0,0,0,0
1461902262,2001:470:83ae:2:212:6d02:0:4013,223,2,2,0,0,0,0
1461902263,2001:470:83ae:2:212:6d02:0:3005,221,1,1,0,0,0,0
1461902269,2001:470:83ae:2:212:6d02:0:4043,224,1,1,0,0,0,0
1461902272,2001:470:83ae:2:212:6d02:0:4013,224,2,2,0,0,0,0
1461902273,2001:470:83ae:2:212:6d02:0:3005,222,1,1,0,0,0,0
1461902279,2001:470:83ae:2:212:6d02:0:4043,225,1,1,0,0,0,0
1461902282,2001:470:83ae:2:212:6d02:0:4013,225,2,2,0,0,0,0
1461902283,2001:470:83ae:2:212:6d02:0:3005,223,1,1,0,0,0,0
1461902289,2001:470:83ae:2:212:6d02:0:4043,226,1,1,0,0,0,0
1461902292,2001:470:83ae:2:212:6d02:0:4013,226,2,2,0,0,0,0
1461902293,2001:470:83ae:2:212:6d02:0:3005,224,1,1,0,0,0,0
1461902299,2001:470:83ae:2:212:6d02:0:4043,227,1,1,0,0,0,0
1461902302,2001:470:83ae:2:212:6d02:0:4013,227,2,2,0,0,0,0
1461902303,2001:470:83ae:2:212:6d02:0:3005,225,1,1,0,0,0,0
1461902309,2001:470:83ae:2:212:6d02:0:4043,228,1,1,0,0,0,0
1461902312,2001:470:83ae:2:212:6d02:0:4013,228,2,2,0,0,0,0
1461902313,2001:470:83ae:2:212:6d02:0:3005,226,1,1,0,0,0,0
1461902319,2001:470:83ae:2:212:6d02:0:4043,229,1,1,0,0,0,0
1461902322,2001:470:83ae:2:212:6d02:0:4013,229,2,2,0,0,0,0
1461902323,2001:470:83ae:2:212:6d02:0:3005,227,1,1,0,0,0,0
1461902329,2001:470:83ae:2:212:6d02:0:4043,230,1,1,0,0,0,0
1461902332,2001:470:83ae:2:212:6d02:0:4013,230,2,2,0,0,0,0
1461902333,2001:470:83ae:2:212:6d02:0:3005,228,1,1,0,0,0,0
1461902339,2001:470:83ae:2:212:6d02:0:4043,231,1,1,0,0,0,0
1461902342,2001:470:83ae:2:212:6d02:0:4013,231,2,2,0,0,0,0
1461902343,2001:470:83ae:2:212:6d02:0:3005,229,1,1,0,0,0,0
1461902349,2001:470:83ae:2:212:6d02:0:4043,232,1,1,0,0,0,0
1461902352,2001:470:83ae:2:212:6d02:0:4013,232,2,2,0,0,0,0
1461902353,2001:470:83ae:2:212:6d02:0:3005,230,1,2,0,0,0,0
1461902359,2001:470:83ae:2:212:6d02:0:4043,233,1,1,0,0,0,0
1461902362,2001:470:83ae:2:212:6d02:0:4013,233,2,2,0,0,0,0
1461902364,2001:470:83ae:2:212:6d02:0:3005,231,1,1,0,0,0,0
1461902369,2001:470:83ae:2:212:6d02:0:4043,234,1,1,0,0,0,0
1461902372,2001:470:83ae:2:212:6d02:0:4013,234,2,2,0,0,0,0
1461902374,2001:470:83ae:2:212:6d02:0:3005,232,1,1,0,0,0,0
1461902379,2001:470:83ae:2:212:6d02:0:4043,235,1,1,0,0,0,0
1461902382,2001:470:83ae:2:212:6d02:0:4013,235,2,2,0,0,0,0
1461902384,2001:470:83ae:2:212:6d02:0:3005,233,1,5,0,0,0,0
1461902389,2001:470:83ae:2:212:6d02:0:4043,236,1,1,0,0,0,0
1461902392,2001:470:83ae:2:212:6d02:0:4013,236,2,2,0,0,0,0
1461902394,2001:470:83ae:2:212:6d02:0:3005,234,1,1,0,0,0,0
1461902399,2001:470:83ae:2:212:6d02:0:4043,237,1,1,0,0,0,0
1461902402,2001:470:83ae:2:212:6d02:0:4013,237,2,2,0,0,0,0
1461902404,2001:470:83ae:2:212:6d02:0:3005,235,1,1,0,0,0,0
1461902409,2001:470:83ae:2:212:6d02:0:4043,238,1,1,0,0,0,0
1461902412,2001:470:83ae:2:212:6d02:0:4013,238,2,2,0,0,0,0
1461902419,2001:470:83ae:2:212:6d02:0:4043,239,1,1,0,0,0,0
1461902422,2001:470:83ae:2:212:6d02:0:4013,239,2,2,0,0,0,0
1461902424,2001:470:83ae:2:212:6d02:0:3005,237,1,7,0,0,0,0
1461902429,2001:470:83ae:2:212:6d02:0:4043,240,1,1,0,0,0,0
1461902432,2001:470:83ae:2:212:6d02:0:4013,240,3,3,0,0,0,0
1461902434,2001:470:83ae:2:212:6d02:0:3005,238,1,1,0,0,0,0
1461902439,2001:470:83ae:2:212:6d02:0:4043,241,1,1,0,0,0,0
1461902442,2001:470:83ae:2:212:6d02:0:4013,241,3,3,0,0,0,0
1461902444,2001:470:83ae:2:212:6d02:0:3005,239,1,1,0,0,0,0
1461902449,2001:470:83ae:2:212:6d02:0:4043,242,1,1,0,0,0,0
1461902452,2001:470:83ae:2:212:6d02:0:4013,242,3,3,0,0,0,0
1461902454,2001:470:83ae:2:212:6d02:0:3005,240,1,1,0,0,0,0
1461902459,2001:470:83ae:2:212:6d02:0:4043,243,1,1,0,0,0,0
1461902462,2001:470:83ae:2:212:6d02:0:4013,243,3,3,0,0,0,0
1461902464,2001:470:83ae:2:212:6d02:0:3005,241,2,2,0,0,0,0
1461902469,2001:470:83ae:2:212:6d02:0:4043,244,2,2,0,0,0,0
1461902472,2001:470:83ae:2:212:6d02:0:4013,244,6,6,0,0,0,0
1461902475,2001:470:83ae:2:212:6d02:0:3005,242,1,1,0,0,0,0
1461902479,2001:470:83ae:2:212:6d02:0:4043,245,1,1,0,0,0,0
1461902482,2001:470:83ae:2:212:6d02:0:4013,245,3,3,0,0,0,0
1461902485,2001:470:83ae:2:212:6d02:0:3005,243,1,1,0,0,0,0
1461902489,2001:470:83ae:2:212:6d02:0:4043,246,1,1,0,0,0,0
1461902492,2001:470:83ae:2:212:6d02:0:4013,246,3,3,0,0,0,0
1461902495,2001:470:83ae:2:212:6d02:0:3005,244,1,1,0,0,0,0
1461902502,2001:470:83ae:2:212:6d02:0:4013,247,4,4,2,6,0,2
1461902504,2001:470:83ae:2:212:6d02:0:4043,0,4,4,2,6,2,0
1461902512,2001:470:83ae:2:212:6d02:0:4013,248,3,3,2,6,0,1
1461902514,2001:470:83ae:2:212:6d02:0:4043,1,4,5,2,5,1,0
1461902522,2001:470:83ae:2:212:6d02:0:4013,249,3,3,2,5,0,0
1461902525,2001:470:83ae:2:212:6d02:0:4043,2,2,3,1,5,0,0
1461902525,2001:470:83ae:2:212:6d02:0:3005,247,4,10,3,3,0,0
1461902532,2001:470:83ae:2:212:6d02:0:4013,250,2,2,1,2,0,0
1461902535,2001:470:83ae:2:212:6d02:0:4043,3,1,1,0,2,0,0
1461902542,2001:470:83ae:2:212:6d02:0:4013,251,1,1,0,1,0,0
1461902545,2001:470:83ae:2:212:6d02:0:3005,249,2,2,1,0,0,0
1461902552,2001:470:83ae:2:212:6d02:0:4013,252,1,1,0,0,0,0
1461902555,2001:470:83ae:2:212:6d02:0:3005,250,1,1,0,1,0,0
1461902556,2001:470:83ae:2:212:6d02:0:4043,5,1,7,0,0,0,0
1461902563,2001:470:83ae:2:212:6d02:0:4013,253,3,3,1,2,0,0
1461902565,2001:470:83ae:2:212:6d02:0:3005,251,2,2,1,2,0,0
1461902566,2001:470:83ae:2:212:6d02:0:4043,6,2,2,1,2,0,0
1461902572,2001:470:83ae:2:212:6d02:0:4013,254,2,4,0,1,0,0
1461902575,2001:470:83ae:2:212:6d02:0:3005,252,1,1,0,0,0,0
1461902576,2001:470:83ae:2:212:6d02:0:4043,7,1,1,0,0,0,0
1461902582,2001:470:83ae:2:212:6d02:0:4013,255,2,2,0,0,0,0
1461902585,2001:470:83ae:2:212:6d02:0:3005,253,1,1,0,0,0,0
1461902587,2001:470:83ae:2:212:6d02:0:4043,8,1,1,0,0,0,0
1461902592,2001:470:83ae:2:212:6d02:0:4013,256,2,2,0,0,0,0
1461902596,2001:470:83ae:2:212:6d02:0:3005,254,1,1,0,0,0,0
1461902597,2001:470:83ae:2:212:6d02:0:4043,9,1,1,0,0,0,0
1461902602,2001:470:83ae:2:212:6d02:0:4013,257,2,2,0,1,0,0
1461902606,2001:470:83ae:2:212:6d02:0:3005,255,1,1,0,2,0,0
1461902607,2001:470:83ae:2:212:6d02:0:4043,10,2,2,1,1,0,0
1461902612,2001:470:83ae:2:212:6d02:0:4013,258,2,2,1,2,0,0
1461902616,2001:470:83ae:2:212:6d02:0:3005,256,1,1,0,3,0,0
1461902618,2001:470:83ae:2:212:6d02:0:4043,11,3,3,2,1,0,0
1461902622,2001:470:83ae:2:212:6d02:0:4013,259,1,1,0,2,0,0
1461902626,2001:470:83ae:2:212:6d02:0:3005,257,2,2,1,0,0,0
1461902628,2001:470:83ae:2:212:6d02:0:4043,12,2,2,1,1,0,0
1461902632,2001:470:83ae:2:212:6d02:0:4013,260,1,1,0,1,0,0
1461902636,2001:470:83ae:2:212:6d02:0:3005,258,1,1,0,1,0,0
1461902638,2001:470:83ae:2:212:6d02:0:4043,13,1,1,0,0,0,0
1461902642,2001:470:83ae:2:212:6d02:0:4013,261,1,1,0,0,0,0
1461902646,2001:470:83ae:2:212:6d02:0:3005,259,1,1,0,0,0,0
1461902649,2001:470:83ae:2:212:6d02:0:4043,14,1,1,0,0,0,0
1461902652,2001:470:83ae:2:212:6d02:0:4013,262,1,1,0,0,0,0
1461902656,2001:470:83ae:2:212:6d02:0:3005,260,1,1,0,0,0,0
1461902659,2001:470:83ae:2:212:6d02:0:4043,15,1,1,0,0,0,0
1461902662,2001:470:83ae:2:212:6d02:0:4013,263,1,1,0,1,0,0
1461902666,2001:470:83ae:2:212:6d02:0:3005,261,1,1,0,1,0,0
1461902669,2001:470:83ae:2:212:6d02:0:4043,16,2,2,1,0,0,0
1461902672,2001:470:83ae:2:212:6d02:0:4013,264,1,1,0,0,0,0
1461902676,2001:470:83ae:2:212:6d02:0:3005,262,1,1,0,0,0,0
1461902680,2001:470:83ae:2:212:6d02:0:4043,17,1,2,0,0,0,0
1461902682,2001:470:83ae:2:212:6d02:0:4013,265,1,1,0,0,0,0
1461902686,2001:470:83ae:2:212:6d02:0:3005,263,1,1,0,0,0,0
1461902690,2001:470:83ae:2:212:6d02:0:4043,18,1,1,0,0,0,0
1461902692,2001:470:83ae:2:212:6d02:0:4013,266,1,1,0,0,0,0
1461902696,2001:470:83ae:2:212:6d02:0:3005,264,1,1,0,1,0,0
1461902700,2001:470:83ae:2:212:6d02:0:4043,19,2,2,1,0,0,0
1461902702,2001:470:83ae:2:212:6d02:0:4013,267,1,1,0,2,0,0
1461902707,2001:470:83ae:2:212:6d02:0:3005,265,1,1,0,1,0,0
1461902711,2001:470:83ae:2:212:6d02:0:4043,20,1,1,0,0,0,0
1461902712,2001:470:83ae:2:212:6d02:0:4013,268,1,1,0,0,0,0
1461902717,2001:470:83ae:2:212:6d02:0:3005,266,1,1,0,0,0,0
1461902721,2001:470:83ae:2:212:6d02:0:4043,21,1,1,0,1,0,0
1461902722,2001:470:83ae:2:212:6d02:0:4013,269,2,2,1,0,0,0
1461902727,2001:470:83ae:2:212:6d02:0:3005,267,1,1,0,1,0,0
1461902731,2001:470:83ae:2:212:6d02:0:4043,22,1,1,0,0,0,0
1461902732,2001:470:83ae:2:212:6d02:0:4013,270,1,1,0,0,0,0
1461902737,2001:470:83ae:2:212:6d02:0:3005,268,1,1,0,0,0,0
1461902742,2001:470:83ae:2:212:6d02:0:4043,23,1,1,0,0,0,0
1461902742,2001:470:83ae:2:212:6d02:0:4013,271,1,1,0,0,0,0
1461902747,2001:470:83ae:2:212:6d02:0:3005,269,1,1,0,0,0,0
1461902752,2001:470:83ae:2:212:6d02:0:4043,24,1,1,0,0,0,0
1461902752,2001:470:83ae:2:212:6d02:0:4013,272,1,1,0,0,0,0
1461902757,2001:470:83ae:2:212:6d02:0:3005,270,1,1,0,0,0,0
1461902762,2001:470:83ae:2:212:6d02:0:4043,25,1,1,0,1,0,0
1461902762,2001:470:83ae:2:212:6d02:0:4013,273,1,1,0,1,0,0
1461902767,2001:470:83ae:2:212:6d02:0:3005,271,3,3,1,0,0,0
1461902773,2001:470:83ae:2:212:6d02:0:4013,274,2,2,0,0,0,0
1461902777,2001:470:83ae:2:212:6d02:0:3005,272,1,1,0,0,0,0
1461902782,2001:470:83ae:2:212:6d02:0:4013,275,1,1,0,0,0,0
1461902783,2001:470:83ae:2:212:6d02:0:4043,27,1,2,0,0,0,0
1461902787,2001:470:83ae:2:212:6d02:0:3005,273,1,1,0,0,0,0
1461902792,2001:470:83ae:2:212:6d02:0:4013,276,1,1,0,0,0,0
1461902793,2001:470:83ae:2:212:6d02:0:4043,28,1,1,0,0,0,0
1461902797,2001:470:83ae:2:212:6d02:0:3005,274,1,1,0,0,0,0
1461902802,2001:470:83ae:2:212:6d02:0:4013,277,1,1,0,0,0,0
1461902803,2001:470:83ae:2:212:6d02:0:4043,29,1,1,0,0,0,0
1461902807,2001:470:83ae:2:212:6d02:0:3005,275,1,1,0,0,0,0
1461902812,2001:470:83ae:2:212:6d02:0:4013,278,1,1,0,0,0,0
1461902814,2001:470:83ae:2:212:6d02:0:4043,30,1,1,0,0,0,0
1461902818,2001:470:83ae:2:212:6d02:0:3005,276,1,1,0,0,0,0
1461902822,2001:470:83ae:2:212:6d02:0:4013,279,1,1,0,0,0,0
1461902824,2001:470:83ae:2:212:6d02:0:4043,31,1,1,0,0,0,0
1461902828,2001:470:83ae:2:212:6d02:0:3005,277,1,1,0,1,0,0
1461902832,2001:470:83ae:2:212:6d02:0:4013,280,1,1,0,1,0,0
1461902834,2001:470:83ae:2:212:6d02:0:4043,32,2,2,1,0,0,0
1461902838,2001:470:83ae:2:212:6d02:0:3005,278,1,1,0,0,0,0
1461902842,2001:470:83ae:2:212:6d02:0:4013,281,1,1,0,0,0,0
1461902845,2001:470:83ae:2:212:6d02:0:4043,33,1,1,0,0,0,0
1461902848,2001:470:83ae:2:212:6d02:0:3005,279,1,1,0,0,0,0
1461902853,2001:470:83ae:2:212:6d02:0:4013,282,1,1,0,0,0,0
1461902855,2001:470:83ae:2:212:6d02:0:4043,34,1,1,0,0,0,0
1461902858,2001:470:83ae:2:212:6d02:0:3005,280,1,1,0,0,0,0
1461902863,2001:470:83ae:2:212:6d02:0:4013,283,1,1,0,0,0,0
1461902865,2001:470:83ae:2:212:6d02:0:4043,35,1,1,0,0,0,0
1461902868,2001:470:83ae:2:212:6d02:0:3005,281,1,1,0,0,0,0
1461902872,2001:470:83ae:2:212:6d02:0:4013,284,1,1,0,0,0,0
1461902876,2001:470:83ae:2:212:6d02:0:4043,36,1,1,0,0,0,0
1461902878,2001:470:83ae:2:212:6d02:0:3005,282,1,1,0,0,0,0
1461902882,2001:470:83ae:2:212:6d02:0:4013,285,1,1,0,0,0,0
1461902886,2001:470:83ae:2:212:6d02:0:4043,37,1,1,0,0,0,0
1461902888,2001:470:83ae:2:212:6d02:0:3005,283,1,1,0,0,0,0
1461902893,2001:470:83ae:2:212:6d02:0:4013,286,1,1,0,1,0,0
1461902896,2001:470:83ae:2:212:6d02:0:4043,38,1,1,0,1,0,0
1461902903,2001:470:83ae:2:212:6d02:0:4013,287,1,1,0,0,0,0
1461902907,2001:470:83ae:2:212:6d02:0:4043,39,1,1,0,0,0,0
1461902908,2001:470:83ae:2:212:6d02:0:3005,285,1,7,0,0,0,0
1461902913,2001:470:83ae:2:212:6d02:0:4013,288,2,2,0,0,0,0
1461902917,2001:470:83ae:2:212:6d02:0:4043,40,1,1,0,0,0,0
1461902918,2001:470:83ae:2:212:6d02:0:3005,286,1,1,0,0,0,0
1461902923,2001:470:83ae:2:212:6d02:0:4013,289,2,2,0,1,0,0
1461902927,2001:470:83ae:2:212:6d02:0:4043,41,1,1,0,1,0,0
1461902929,2001:470:83ae:2:212:6d02:0:3005,287,2,2,1,0,0,0
1461902933,2001:470:83ae:2:212:6d02:0:4013,290,3,3,1,0,0,0
1461902938,2001:470:83ae:2:212:6d02:0:4043,42,1,1,0,1,0,0
1461902948,2001:470:83ae:2:212:6d02:0:4043,43,1,1,0,0,0,0
1461902958,2001:470:83ae:2:212:6d02:0:4043,44,1,1,0,0,0,0
1461902969,2001:470:83ae:2:212:6d02:0:4043,45,1,1,0,0,0,0
1461902979,2001:470:83ae:2:212:6d02:0:4043,46,1,1,0,0,0,0
1461902989,2001:470:83ae:2:212:6d02:0:4043,47,1,1,0,0,0,0
1461903000,2001:470:83ae:2:212:6d02:0:4043,48,1,1,0,0,0,0
1461903010,2001:470:83ae:2:212:6d02:0:4043,49,1,1,0,0,0,0
1461903020,2001:470:83ae:2:212:6d02:0:4043,50,2,2,1,0,0,0
1461903031,2001:470:83ae:2:212:6d02:0:4043,51,1,1,0,0,0,0
1461903041,2001:470:83ae:2:212:6d02:0:4043,52,1,1,0,0,0,0
1461903051,2001:470:83ae:2:212:6d02:0:4043,53,1,1,0,0,0,0
1461903062,2001:470:83ae:2:212:6d02:0:4043,54,1,1,0,0,0,0
1461903072,2001:470:83ae:2:212:6d02:0:4043,55,1,1,0,0,0,0
1461903082,2001:470:83ae:2:212:6d02:0:4043,56,2,2,0,0,0,0
1461903093,2001:470:83ae:2:212:6d02:0:4043,57,1,1,0,0,0,0
1461903103,2001:470:83ae:2:212:6d02:0:4043,58,1,1,0,0,0,0
1461903113,2001:470:83ae:2:212:6d02:0:4043,59,1,1,0,0,0,0
1461903124,2001:470:83ae:2:212:6d02:0:4043,60,1,1,0,0,0,0
1461903134,2001:470:83ae:2:212:6d02:0:4043,61,1,1,0,0,0,0
1461903144,2001:470:83ae:2:212:6d02:0:4043,62,1,1,0,0,0,0
1461903279,2001:470:83ae:2:212:6d02:0:4043,75,2,2,1,4,0,0
1461903282,2001:470:83ae:2:212:6d02:0:3005,322,18,18,2,6,0,0
1461903283,2001:470:83ae:2:212:6d02:0:4013,325,11,11,3,5,0,0
1461903289,2001:470:83ae:2:212:6d02:0:4043,76,3,3,2,4,0,0
1461903292,2001:470:83ae:2:212:6d02:0:3005,323,2,2,1,2,0,0
1461903293,2001:470:83ae:2:212:6d02:0:4013,326,2,2,1,2,0,0
1461903299,2001:470:83ae:2:212:6d02:0:4043,77,2,2,1,0,0,0
1461903302,2001:470:83ae:2:212:6d02:0:3005,324,1,1,0,1,0,0
1461903303,2001:470:83ae:2:212:6d02:0:4013,327,1,1,0,1,0,0
1461903309,2001:470:83ae:2:212:6d02:0:4043,78,1,1,0,2,0,0
1461903312,2001:470:83ae:2:212:6d02:0:3005,325,2,2,1,1,0,0
1461903313,2001:470:83ae:2:212:6d02:0:4013,328,2,2,1,1,0,0
1461903320,2001:470:83ae:2:212:6d02:0:4043,79,1,1,0,0,0,0
1461903322,2001:470:83ae:2:212:6d02:0:3005,326,1,1,0,0,0,0
1461903330,2001:470:83ae:2:212:6d02:0:4043,80,2,2,1,0,0,0
1461903332,2001:470:83ae:2:212:6d02:0:3005,327,2,2,1,2,0,0
1461903333,2001:470:83ae:2:212:6d02:0:4013,330,2,8,1,2,0,0
1461903340,2001:470:83ae:2:212:6d02:0:4043,81,1,1,0,2,0,0
1461903342,2001:470:83ae:2:212:6d02:0:3005,328,2,2,0,0,0,0
1461903343,2001:470:83ae:2:212:6d02:0:4013,331,1,1,0,0,0,0
1461903351,2001:470:83ae:2:212:6d02:0:4043,82,1,1,0,0,0,0
1461903352,2001:470:83ae:2:212:6d02:0:3005,329,2,2,0,0,0,0
1461903353,2001:470:83ae:2:212:6d02:0:4013,332,1,1,0,0,0,0
1461903361,2001:470:83ae:2:212:6d02:0:4043,83,1,1,0,0,0,0
1461903362,2001:470:83ae:2:212:6d02:0:3005,330,2,2,0,0,0,0
1461903363,2001:470:83ae:2:212:6d02:0:4013,333,1,1,0,0,0,0
1461903371,2001:470:83ae:2:212:6d02:0:4043,84,2,5,1,0,0,0
1461903372,2001:470:83ae:2:212:6d02:0:3005,331,2,2,0,1,0,0
1461903373,2001:470:83ae:2:212:6d02:0:4013,334,1,1,0,1,0,0
1461903383,2001:470:83ae:2:212:6d02:0:3005,332,2,2,0,0,0,0
1461903383,2001:470:83ae:2:212:6d02:0:4013,335,1,1,0,0,0,0
1461903392,2001:470:83ae:2:212:6d02:0:4043,86,1,7,0,1,0,0
1461903393,2001:470:83ae:2:212:6d02:0:4013,336,4,4,1,1,0,0
1461903403,2001:470:83ae:2:212:6d02:0:4043,87,1,1,0,1,0,0
1461903403,2001:470:83ae:2:212:6d02:0:4013,337,2,2,0,0,0,0
1461903403,2001:470:83ae:2:212:6d02:0:3005,334,4,4,0,0,0,0
1461903413,2001:470:83ae:2:212:6d02:0:4013,338,1,1,0,0,0,0
1461903413,2001:470:83ae:2:212:6d02:0:3005,335,2,2,0,0,0,0
1461903413,2001:470:83ae:2:212:6d02:0:4043,88,1,1,0,0,0,0
1461903423,2001:470:83ae:2:212:6d02:0:4013,339,2,2,0,0,0,0
1461903423,2001:470:83ae:2:212:6d02:0:3005,336,3,3,0,0,0,0
1461903423,2001:470:83ae:2:212:6d02:0:4043,89,1,1,0,0,0,0
1461903433,2001:470:83ae:2:212:6d02:0:4013,340,2,2,0,0,0,0
1461903433,2001:470:83ae:2:212:6d02:0:3005,337,3,3,0,0,0,0
1461903433,2001:470:83ae:2:212:6d02:0:4043,90,1,1,0,0,0,0
1461903443,2001:470:83ae:2:212:6d02:0:4013,341,2,2,0,0,0,0
1461903443,2001:470:83ae:2:212:6d02:0:3005,338,3,3,0,0,0,0
1461903444,2001:470:83ae:2:212:6d02:0:4043,91,1,1,0,0,0,0
1461903453,2001:470:83ae:2:212:6d02:0:4013,342,2,2,0,0,0,0
1461903453,2001:470:83ae:2:212:6d02:0:3005,339,3,3,0,0,0,0
1461903454,2001:470:83ae:2:212:6d02:0:4043,92,1,1,0,0,0,0
1461903463,2001:470:83ae:2:212:6d02:0:4013,343,2,2,0,0,0,0
1461903463,2001:470:83ae:2:212:6d02:0:3005,340,3,3,0,0,0,0
1461903464,2001:470:83ae:2:212:6d02:0:4043,93,1,1,0,0,0,0
1461903473,2001:470:83ae:2:212:6d02:0:4013,344,2,2,0,0,0,0
1461903473,2001:470:83ae:2:212:6d02:0:3005,341,3,3,0,0,0,0
1461903475,2001:470:83ae:2:212:6d02:0:4043,94,1,1,0,0,0,0
1461903483,2001:470:83ae:2:212:6d02:0:4013,345,2,2,0,1,0,0
1461903483,2001:470:83ae:2:212:6d02:0:3005,342,3,3,0,1,0,0
1461903485,2001:470:83ae:2:212:6d02:0:4043,95,2,2,1,0,0,0
1461903493,2001:470:83ae:2:212:6d02:0:4013,346,2,2,0,0,0,0
1461903493,2001:470:83ae:2:212:6d02:0:3005,343,3,3,0,0,0,0
1461903495,2001:470:83ae:2:212:6d02:0:4043,96,1,1,0,1,0,0
1461903503,2001:470:83ae:2:212:6d02:0:4013,347,2,2,0,1,0,0
1461903504,2001:470:83ae:2:212:6d02:0:3005,344,4,4,1,0,0,0
1461903506,2001:470:83ae:2:212:6d02:0:4043,97,1,1,0,0,0,0
1461903513,2001:470:83ae:2:212:6d02:0:4013,348,2,2,0,0,0,0
1461903514,2001:470:83ae:2:212:6d02:0:3005,345,3,3,0,0,0,0
1461903516,2001:470:83ae:2:212:6d02:0:4043,98,1,1,0,0,0,0
1461903523,2001:470:83ae:2:212:6d02:0:4013,349,3,3,1,0,0,0
1461903524,2001:470:83ae:2:212:6d02:0:3005,346,3,3,0,1,0,0
1461903526,2001:470:83ae:2:212:6d02:0:4043,99,1,1,0,1,0,0
1461903533,2001:470:83ae:2:212:6d02:0:4013,350,2,2,0,0,0,0
1461903534,2001:470:83ae:2:212:6d02:0:3005,347,3,3,0,0,0,0
1461903537,2001:470:83ae:2:212:6d02:0:4043,100,1,1,0,0,0,0
