time,IP,seq
1463030986,2001:470:83ae:2:212:6d02:0:4041,1
1463031010,2001:470:83ae:2:212:6d02:0:4045,1
1463031012,2001:470:83ae:2:212:6d02:0:4043,1
1463031015,2001:470:83ae:2:212:6d02:0:4044,1
1463031018,2001:470:83ae:2:212:6d02:0:400f,1
1463031024,2001:470:83ae:2:212:6d02:0:4035,1
1463031028,2001:470:83ae:2:212:6d02:0:4034,1
1463031040,2001:470:83ae:2:212:6d02:0:4045,2
1463031042,2001:470:83ae:2:212:6d02:0:4043,2
1463031045,2001:470:83ae:2:212:6d02:0:4044,2
1463031048,2001:470:83ae:2:212:6d02:0:400f,2
1463031054,2001:470:83ae:2:212:6d02:0:4035,2
1463031058,2001:470:83ae:2:212:6d02:0:4034,2
1463031070,2001:470:83ae:2:212:6d02:0:4045,3
1463031072,2001:470:83ae:2:212:6d02:0:4043,3
1463031075,2001:470:83ae:2:212:6d02:0:4044,3
1463031078,2001:470:83ae:2:212:6d02:0:400f,3
1463031084,2001:470:83ae:2:212:6d02:0:4035,3
1463031086,2001:470:83ae:2:212:6d02:0:4013,3
1463031088,2001:470:83ae:2:212:6d02:0:4034,3
1463031100,2001:470:83ae:2:212:6d02:0:4045,4
1463031102,2001:470:83ae:2:212:6d02:0:4043,4
1463031105,2001:470:83ae:2:212:6d02:0:4044,4
1463031108,2001:470:83ae:2:212:6d02:0:400f,4
1463031114,2001:470:83ae:2:212:6d02:0:4035,4
1463031116,2001:470:83ae:2:212:6d02:0:4013,4
1463031118,2001:470:83ae:2:212:6d02:0:4034,4
1463031130,2001:470:83ae:2:212:6d02:0:4045,5
1463031132,2001:470:83ae:2:212:6d02:0:4043,5
1463031135,2001:470:83ae:2:212:6d02:0:4044,5
1463031138,2001:470:83ae:2:212:6d02:0:400f,5
1463031144,2001:470:83ae:2:212:6d02:0:4035,5
1463031146,2001:470:83ae:2:212:6d02:0:4013,5
1463031148,2001:470:83ae:2:212:6d02:0:4034,5
1463031160,2001:470:83ae:2:212:6d02:0:4045,6
1463031162,2001:470:83ae:2:212:6d02:0:4043,6
1463031166,2001:470:83ae:2:212:6d02:0:4044,6
1463031168,2001:470:83ae:2:212:6d02:0:400f,6
1463031174,2001:470:83ae:2:212:6d02:0:4035,6
1463031176,2001:470:83ae:2:212:6d02:0:4013,6
1463031178,2001:470:83ae:2:212:6d02:0:4034,6
1463031190,2001:470:83ae:2:212:6d02:0:4045,7
1463031192,2001:470:83ae:2:212:6d02:0:4043,7
1463031196,2001:470:83ae:2:212:6d02:0:4044,7
1463031198,2001:470:83ae:2:212:6d02:0:400f,7
1463031204,2001:470:83ae:2:212:6d02:0:4035,7
1463031206,2001:470:83ae:2:212:6d02:0:4013,7
1463031220,2001:470:83ae:2:212:6d02:0:4045,8
1463031222,2001:470:83ae:2:212:6d02:0:4043,8
1463031226,2001:470:83ae:2:212:6d02:0:4044,8
1463031228,2001:470:83ae:2:212:6d02:0:400f,8
1463031234,2001:470:83ae:2:212:6d02:0:4035,8
1463031236,2001:470:83ae:2:212:6d02:0:4013,8
1463031250,2001:470:83ae:2:212:6d02:0:4045,9
1463031252,2001:470:83ae:2:212:6d02:0:4043,9
1463031256,2001:470:83ae:2:212:6d02:0:4044,9
1463031258,2001:470:83ae:2:212:6d02:0:400f,9
1463031264,2001:470:83ae:2:212:6d02:0:4035,9
1463031266,2001:470:83ae:2:212:6d02:0:4013,9
1463031268,2001:470:83ae:2:212:6d02:0:4034,9
1463031280,2001:470:83ae:2:212:6d02:0:4045,10
1463031282,2001:470:83ae:2:212:6d02:0:4043,10
1463031286,2001:470:83ae:2:212:6d02:0:4044,10
1463031288,2001:470:83ae:2:212:6d02:0:400f,10
1463031292,2001:470:83ae:2:212:6d02:0:4041,10
1463031294,2001:470:83ae:2:212:6d02:0:4035,10
1463031296,2001:470:83ae:2:212:6d02:0:4013,10
1463031298,2001:470:83ae:2:212:6d02:0:4034,10
1463031309,2001:470:83ae:2:212:6d02:0:4045,11
1463031312,2001:470:83ae:2:212:6d02:0:4043,11
1463031316,2001:470:83ae:2:212:6d02:0:4040,11
1463031318,2001:470:83ae:2:212:6d02:0:400f,11
1463031324,2001:470:83ae:2:212:6d02:0:4035,11
1463031326,2001:470:83ae:2:212:6d02:0:4013,11
1463031328,2001:470:83ae:2:212:6d02:0:4034,11
1463031339,2001:470:83ae:2:212:6d02:0:4045,12
1463031342,2001:470:83ae:2:212:6d02:0:4043,12
1463031346,2001:470:83ae:2:212:6d02:0:4040,12
1463031348,2001:470:83ae:2:212:6d02:0:400f,12
1463031354,2001:470:83ae:2:212:6d02:0:4035,12
1463031356,2001:470:83ae:2:212:6d02:0:4013,12
1463031358,2001:470:83ae:2:212:6d02:0:4034,12
1463031369,2001:470:83ae:2:212:6d02:0:4045,13
1463031372,2001:470:83ae:2:212:6d02:0:4043,13
1463031376,2001:470:83ae:2:212:6d02:0:4040,13
1463031378,2001:470:83ae:2:212:6d02:0:400f,13
1463031384,2001:470:83ae:2:212:6d02:0:4035,13
1463031386,2001:470:83ae:2:212:6d02:0:4013,13
1463031388,2001:470:83ae:2:212:6d02:0:4034,13
1463031399,2001:470:83ae:2:212:6d02:0:4045,14
1463031402,2001:470:83ae:2:212:6d02:0:4043,14
1463031406,2001:470:83ae:2:212:6d02:0:4040,14
1463031408,2001:470:83ae:2:212:6d02:0:400f,14
1463031414,2001:470:83ae:2:212:6d02:0:4035,14
1463031417,2001:470:83ae:2:212:6d02:0:4013,14
1463031418,2001:470:83ae:2:212:6d02:0:4034,14
1463031429,2001:470:83ae:2:212:6d02:0:4045,15
1463031432,2001:470:83ae:2:212:6d02:0:4043,15
1463031436,2001:470:83ae:2:212:6d02:0:4040,15
1463031438,2001:470:83ae:2:212:6d02:0:400f,15
1463031444,2001:470:83ae:2:212:6d02:0:4035,15
1463031447,2001:470:83ae:2:212:6d02:0:4013,15
1463031448,2001:470:83ae:2:212:6d02:0:4034,15
1463031459,2001:470:83ae:2:212:6d02:0:4045,16
1463031462,2001:470:83ae:2:212:6d02:0:4043,16
1463031466,2001:470:83ae:2:212:6d02:0:4040,16
1463031468,2001:470:83ae:2:212:6d02:0:400f,16
1463031474,2001:470:83ae:2:212:6d02:0:4035,16
1463031477,2001:470:83ae:2:212:6d02:0:4013,16
1463031478,2001:470:83ae:2:212:6d02:0:4034,16
1463031489,2001:470:83ae:2:212:6d02:0:4045,17
1463031492,2001:470:83ae:2:212:6d02:0:4043,17
1463031496,2001:470:83ae:2:212:6d02:0:4040,17
1463031498,2001:470:83ae:2:212:6d02:0:400f,17
1463031504,2001:470:83ae:2:212:6d02:0:4035,17
1463031507,2001:470:83ae:2:212:6d02:0:4013,17
1463031508,2001:470:83ae:2:212:6d02:0:4034,17
1463031519,2001:470:83ae:2:212:6d02:0:4045,18
1463031522,2001:470:83ae:2:212:6d02:0:4043,18
1463031526,2001:470:83ae:2:212:6d02:0:4040,18
1463031528,2001:470:83ae:2:212:6d02:0:400f,18
1463031534,2001:470:83ae:2:212:6d02:0:4035,18
1463031537,2001:470:83ae:2:212:6d02:0:4013,18
1463031538,2001:470:83ae:2:212:6d02:0:4034,18
1463031549,2001:470:83ae:2:212:6d02:0:4045,19
1463031551,2001:470:83ae:2:212:6d02:0:4043,19
1463031556,2001:470:83ae:2:212:6d02:0:4040,19
1463031558,2001:470:83ae:2:212:6d02:0:400f,19
1463031564,2001:470:83ae:2:212:6d02:0:4035,19
1463031567,2001:470:83ae:2:212:6d02:0:4013,19
1463031568,2001:470:83ae:2:212:6d02:0:4034,19
1463031579,2001:470:83ae:2:212:6d02:0:4045,20
1463031581,2001:470:83ae:2:212:6d02:0:4043,20
1463031586,2001:470:83ae:2:212:6d02:0:4040,20
1463031588,2001:470:83ae:2:212:6d02:0:400f,20
1463031594,2001:470:83ae:2:212:6d02:0:4035,20
1463031597,2001:470:83ae:2:212:6d02:0:4013,20
1463031598,2001:470:83ae:2:212:6d02:0:4034,20
1463031609,2001:470:83ae:2:212:6d02:0:4045,21
1463031611,2001:470:83ae:2:212:6d02:0:4043,21
1463031616,2001:470:83ae:2:212:6d02:0:4040,21
1463031618,2001:470:83ae:2:212:6d02:0:400f,21
1463031618,2001:470:83ae:2:212:6d02:0:4044,21
1463031619,2001:470:83ae:2:212:6d02:0:4042,21
1463031624,2001:470:83ae:2:212:6d02:0:4035,21
1463031627,2001:470:83ae:2:212:6d02:0:4013,21
1463031628,2001:470:83ae:2:212:6d02:0:4034,21
1463031638,2001:470:83ae:2:212:6d02:0:4045,22
1463031641,2001:470:83ae:2:212:6d02:0:4043,22
1463031646,2001:470:83ae:2:212:6d02:0:4040,22
1463031648,2001:470:83ae:2:212:6d02:0:400f,22
1463031649,2001:470:83ae:2:212:6d02:0:4044,22
1463031649,2001:470:83ae:2:212:6d02:0:4042,22
1463031654,2001:470:83ae:2:212:6d02:0:4035,22
1463031657,2001:470:83ae:2:212:6d02:0:4013,22
1463031658,2001:470:83ae:2:212:6d02:0:4034,22
1463031669,2001:470:83ae:2:212:6d02:0:4045,23
1463031671,2001:470:83ae:2:212:6d02:0:4043,23
1463031676,2001:470:83ae:2:212:6d02:0:4040,23
1463031678,2001:470:83ae:2:212:6d02:0:400f,23
1463031679,2001:470:83ae:2:212:6d02:0:4044,23
1463031684,2001:470:83ae:2:212:6d02:0:4035,23
1463031687,2001:470:83ae:2:212:6d02:0:4013,23
1463031688,2001:470:83ae:2:212:6d02:0:4034,23
1463031698,2001:470:83ae:2:212:6d02:0:4045,24
1463031701,2001:470:83ae:2:212:6d02:0:4043,24
1463031706,2001:470:83ae:2:212:6d02:0:4040,24
1463031708,2001:470:83ae:2:212:6d02:0:400f,24
1463031709,2001:470:83ae:2:212:6d02:0:4044,24
1463031711,2001:470:83ae:2:212:6d02:0:4041,24
1463031714,2001:470:83ae:2:212:6d02:0:4035,24
1463031717,2001:470:83ae:2:212:6d02:0:4013,24
1463031718,2001:470:83ae:2:212:6d02:0:4034,24
1463031728,2001:470:83ae:2:212:6d02:0:4045,25
1463031731,2001:470:83ae:2:212:6d02:0:4043,25
1463031736,2001:470:83ae:2:212:6d02:0:4040,25
1463031738,2001:470:83ae:2:212:6d02:0:400f,25
1463031739,2001:470:83ae:2:212:6d02:0:4044,25
1463031741,2001:470:83ae:2:212:6d02:0:4041,25
1463031744,2001:470:83ae:2:212:6d02:0:4035,25
1463031747,2001:470:83ae:2:212:6d02:0:4013,25
1463031748,2001:470:83ae:2:212:6d02:0:4034,25
1463031758,2001:470:83ae:2:212:6d02:0:4045,26
1463031761,2001:470:83ae:2:212:6d02:0:4043,26
1463031766,2001:470:83ae:2:212:6d02:0:4040,26
1463031768,2001:470:83ae:2:212:6d02:0:400f,26
1463031769,2001:470:83ae:2:212:6d02:0:4044,26
1463031771,2001:470:83ae:2:212:6d02:0:4041,26
1463031774,2001:470:83ae:2:212:6d02:0:4035,26
1463031777,2001:470:83ae:2:212:6d02:0:4013,26
1463031777,2001:470:83ae:2:212:6d02:0:4034,26
1463031788,2001:470:83ae:2:212:6d02:0:4045,27
1463031791,2001:470:83ae:2:212:6d02:0:4043,27
1463031796,2001:470:83ae:2:212:6d02:0:4040,27
1463031798,2001:470:83ae:2:212:6d02:0:400f,27
1463031799,2001:470:83ae:2:212:6d02:0:4044,27
1463031801,2001:470:83ae:2:212:6d02:0:4041,27
1463031804,2001:470:83ae:2:212:6d02:0:4035,27
1463031807,2001:470:83ae:2:212:6d02:0:4013,27
1463031807,2001:470:83ae:2:212:6d02:0:4034,27
1463031818,2001:470:83ae:2:212:6d02:0:4045,28
1463031821,2001:470:83ae:2:212:6d02:0:4043,28
1463031826,2001:470:83ae:2:212:6d02:0:4040,28
1463031828,2001:470:83ae:2:212:6d02:0:400f,28
1463031830,2001:470:83ae:2:212:6d02:0:4044,28
1463031831,2001:470:83ae:2:212:6d02:0:4041,28
1463031834,2001:470:83ae:2:212:6d02:0:4035,28
1463031837,2001:470:83ae:2:212:6d02:0:4013,28
1463031837,2001:470:83ae:2:212:6d02:0:4034,28
1463031848,2001:470:83ae:2:212:6d02:0:4045,29
1463031851,2001:470:83ae:2:212:6d02:0:4043,29
1463031856,2001:470:83ae:2:212:6d02:0:4040,29
1463031858,2001:470:83ae:2:212:6d02:0:400f,29
1463031860,2001:470:83ae:2:212:6d02:0:4044,29
1463031861,2001:470:83ae:2:212:6d02:0:4041,29
1463031864,2001:470:83ae:2:212:6d02:0:4035,29
1463031867,2001:470:83ae:2:212:6d02:0:4013,29
1463031867,2001:470:83ae:2:212:6d02:0:4034,29
1463031878,2001:470:83ae:2:212:6d02:0:4045,30
1463031881,2001:470:83ae:2:212:6d02:0:4043,30
1463031886,2001:470:83ae:2:212:6d02:0:4040,30
1463031888,2001:470:83ae:2:212:6d02:0:400f,30
1463031890,2001:470:83ae:2:212:6d02:0:4044,30
1463031891,2001:470:83ae:2:212:6d02:0:4041,30
1463031894,2001:470:83ae:2:212:6d02:0:4035,30
1463031897,2001:470:83ae:2:212:6d02:0:4013,30
1463031897,2001:470:83ae:2:212:6d02:0:4034,30
1463031908,2001:470:83ae:2:212:6d02:0:4045,31
1463031911,2001:470:83ae:2:212:6d02:0:4043,31
1463031916,2001:470:83ae:2:212:6d02:0:4040,31
1463031918,2001:470:83ae:2:212:6d02:0:400f,31
1463031920,2001:470:83ae:2:212:6d02:0:4044,31
1463031921,2001:470:83ae:2:212:6d02:0:4041,31
1463031924,2001:470:83ae:2:212:6d02:0:4035,31
1463031927,2001:470:83ae:2:212:6d02:0:4013,31
1463031927,2001:470:83ae:2:212:6d02:0:4034,31
1463031938,2001:470:83ae:2:212:6d02:0:4045,32
1463031941,2001:470:83ae:2:212:6d02:0:4043,32
1463031946,2001:470:83ae:2:212:6d02:0:4040,32
1463031948,2001:470:83ae:2:212:6d02:0:400f,32
1463031950,2001:470:83ae:2:212:6d02:0:4044,32
1463031951,2001:470:83ae:2:212:6d02:0:4041,32
1463031954,2001:470:83ae:2:212:6d02:0:4035,32
1463031957,2001:470:83ae:2:212:6d02:0:4013,32
1463031957,2001:470:83ae:2:212:6d02:0:4034,32
1463031968,2001:470:83ae:2:212:6d02:0:4045,33
1463031971,2001:470:83ae:2:212:6d02:0:4043,33
1463031976,2001:470:83ae:2:212:6d02:0:4040,33
1463031978,2001:470:83ae:2:212:6d02:0:4042,33
1463031981,2001:470:83ae:2:212:6d02:0:4044,33
1463031981,2001:470:83ae:2:212:6d02:0:4041,33
1463031984,2001:470:83ae:2:212:6d02:0:4035,33
1463031987,2001:470:83ae:2:212:6d02:0:4013,33
1463031987,2001:470:83ae:2:212:6d02:0:4034,33
1463031998,2001:470:83ae:2:212:6d02:0:4045,34
1463032001,2001:470:83ae:2:212:6d02:0:4043,34
1463032006,2001:470:83ae:2:212:6d02:0:4040,34
1463032008,2001:470:83ae:2:212:6d02:0:4042,34
1463032011,2001:470:83ae:2:212:6d02:0:4044,34
1463032014,2001:470:83ae:2:212:6d02:0:4035,34
1463032017,2001:470:83ae:2:212:6d02:0:4013,34
1463032017,2001:470:83ae:2:212:6d02:0:4034,34
1463032027,2001:470:83ae:2:212:6d02:0:4045,35
1463032031,2001:470:83ae:2:212:6d02:0:4043,35
1463032036,2001:470:83ae:2:212:6d02:0:4040,35
1463032038,2001:470:83ae:2:212:6d02:0:4042,35
1463032041,2001:470:83ae:2:212:6d02:0:4044,35
1463032044,2001:470:83ae:2:212:6d02:0:4035,35
1463032047,2001:470:83ae:2:212:6d02:0:4013,35
1463032047,2001:470:83ae:2:212:6d02:0:4034,35
1463032057,2001:470:83ae:2:212:6d02:0:4045,36
1463032061,2001:470:83ae:2:212:6d02:0:4043,36
1463032066,2001:470:83ae:2:212:6d02:0:4040,36
1463032068,2001:470:83ae:2:212:6d02:0:4042,36
1463032071,2001:470:83ae:2:212:6d02:0:4044,36
1463032074,2001:470:83ae:2:212:6d02:0:4035,36
1463032077,2001:470:83ae:2:212:6d02:0:4013,36
1463032077,2001:470:83ae:2:212:6d02:0:4034,36
1463032087,2001:470:83ae:2:212:6d02:0:4045,37
1463032091,2001:470:83ae:2:212:6d02:0:4043,37
1463032096,2001:470:83ae:2:212:6d02:0:4040,37
1463032098,2001:470:83ae:2:212:6d02:0:4042,37
1463032101,2001:470:83ae:2:212:6d02:0:4044,37
1463032104,2001:470:83ae:2:212:6d02:0:4035,37
1463032107,2001:470:83ae:2:212:6d02:0:4013,37
1463032107,2001:470:83ae:2:212:6d02:0:4034,37
1463032117,2001:470:83ae:2:212:6d02:0:4045,38
1463032121,2001:470:83ae:2:212:6d02:0:4043,38
1463032126,2001:470:83ae:2:212:6d02:0:4040,38
1463032128,2001:470:83ae:2:212:6d02:0:4042,38
1463032132,2001:470:83ae:2:212:6d02:0:4044,38
1463032134,2001:470:83ae:2:212:6d02:0:4035,38
1463032137,2001:470:83ae:2:212:6d02:0:4013,38
1463032137,2001:470:83ae:2:212:6d02:0:4034,38
1463032147,2001:470:83ae:2:212:6d02:0:4045,39
1463032151,2001:470:83ae:2:212:6d02:0:4043,39
1463032156,2001:470:83ae:2:212:6d02:0:4040,39
1463032158,2001:470:83ae:2:212:6d02:0:4042,39
1463032162,2001:470:83ae:2:212:6d02:0:4044,39
1463032164,2001:470:83ae:2:212:6d02:0:4035,39
1463032167,2001:470:83ae:2:212:6d02:0:4013,39
1463032167,2001:470:83ae:2:212:6d02:0:4034,39
1463032177,2001:470:83ae:2:212:6d02:0:4045,40
1463032181,2001:470:83ae:2:212:6d02:0:4043,40
1463032186,2001:470:83ae:2:212:6d02:0:4040,40
1463032187,2001:470:83ae:2:212:6d02:0:4042,40
1463032192,2001:470:83ae:2:212:6d02:0:4044,40
1463032194,2001:470:83ae:2:212:6d02:0:4035,40
1463032197,2001:470:83ae:2:212:6d02:0:4013,40
1463032197,2001:470:83ae:2:212:6d02:0:4034,40
1463032207,2001:470:83ae:2:212:6d02:0:4045,41
1463032211,2001:470:83ae:2:212:6d02:0:4043,41
1463032216,2001:470:83ae:2:212:6d02:0:4040,41
1463032217,2001:470:83ae:2:212:6d02:0:4042,41
1463032222,2001:470:83ae:2:212:6d02:0:4044,41
1463032224,2001:470:83ae:2:212:6d02:0:4035,41
1463032227,2001:470:83ae:2:212:6d02:0:4013,41
1463032227,2001:470:83ae:2:212:6d02:0:4034,41
1463032237,2001:470:83ae:2:212:6d02:0:4045,42
1463032240,2001:470:83ae:2:212:6d02:0:4043,42
1463032246,2001:470:83ae:2:212:6d02:0:4040,42
1463032247,2001:470:83ae:2:212:6d02:0:4042,42
1463032252,2001:470:83ae:2:212:6d02:0:4044,42
1463032254,2001:470:83ae:2:212:6d02:0:4035,42
1463032257,2001:470:83ae:2:212:6d02:0:4013,42
1463032257,2001:470:83ae:2:212:6d02:0:4034,42
1463032267,2001:470:83ae:2:212:6d02:0:4045,43
1463032270,2001:470:83ae:2:212:6d02:0:4043,43
1463032276,2001:470:83ae:2:212:6d02:0:4040,43
1463032277,2001:470:83ae:2:212:6d02:0:4042,43
1463032282,2001:470:83ae:2:212:6d02:0:4044,43
1463032284,2001:470:83ae:2:212:6d02:0:4035,43
1463032287,2001:470:83ae:2:212:6d02:0:4013,43
1463032287,2001:470:83ae:2:212:6d02:0:4034,43
1463032297,2001:470:83ae:2:212:6d02:0:4045,44
1463032300,2001:470:83ae:2:212:6d02:0:4043,44
1463032306,2001:470:83ae:2:212:6d02:0:4040,44
1463032307,2001:470:83ae:2:212:6d02:0:4042,44
1463032313,2001:470:83ae:2:212:6d02:0:4044,44
1463032314,2001:470:83ae:2:212:6d02:0:4035,44
1463032317,2001:470:83ae:2:212:6d02:0:4013,44
1463032317,2001:470:83ae:2:212:6d02:0:4034,44
1463032327,2001:470:83ae:2:212:6d02:0:4045,45
1463032330,2001:470:83ae:2:212:6d02:0:4043,45
1463032336,2001:470:83ae:2:212:6d02:0:4040,45
1463032337,2001:470:83ae:2:212:6d02:0:4042,45
1463032343,2001:470:83ae:2:212:6d02:0:4044,45
1463032343,2001:470:83ae:2:212:6d02:0:4035,45
1463032347,2001:470:83ae:2:212:6d02:0:4013,45
1463032357,2001:470:83ae:2:212:6d02:0:4045,46
1463032360,2001:470:83ae:2:212:6d02:0:4043,46
1463032366,2001:470:83ae:2:212:6d02:0:4040,46
1463032367,2001:470:83ae:2:212:6d02:0:4042,46
1463032373,2001:470:83ae:2:212:6d02:0:4044,46
1463032373,2001:470:83ae:2:212:6d02:0:4035,46
1463032377,2001:470:83ae:2:212:6d02:0:4034,46
1463032377,2001:470:83ae:2:212:6d02:0:4013,46
1463032386,2001:470:83ae:2:212:6d02:0:4045,47
1463032390,2001:470:83ae:2:212:6d02:0:4043,47
1463032396,2001:470:83ae:2:212:6d02:0:4040,47
1463032397,2001:470:83ae:2:212:6d02:0:4042,47
1463032403,2001:470:83ae:2:212:6d02:0:4044,47
1463032403,2001:470:83ae:2:212:6d02:0:4035,47
1463032407,2001:470:83ae:2:212:6d02:0:4034,47
1463032407,2001:470:83ae:2:212:6d02:0:4013,47
1463032416,2001:470:83ae:2:212:6d02:0:4045,48
1463032420,2001:470:83ae:2:212:6d02:0:4043,48
1463032426,2001:470:83ae:2:212:6d02:0:4040,48
1463032427,2001:470:83ae:2:212:6d02:0:4042,48
1463032433,2001:470:83ae:2:212:6d02:0:4044,48
1463032433,2001:470:83ae:2:212:6d02:0:4035,48
1463032437,2001:470:83ae:2:212:6d02:0:4034,48
1463032437,2001:470:83ae:2:212:6d02:0:4013,48
1463032446,2001:470:83ae:2:212:6d02:0:4045,49
1463032450,2001:470:83ae:2:212:6d02:0:4043,49
1463032456,2001:470:83ae:2:212:6d02:0:4040,49
1463032457,2001:470:83ae:2:212:6d02:0:4042,49
1463032463,2001:470:83ae:2:212:6d02:0:4035,49
1463032464,2001:470:83ae:2:212:6d02:0:4044,49
1463032467,2001:470:83ae:2:212:6d02:0:4034,49
1463032467,2001:470:83ae:2:212:6d02:0:4013,49
1463032476,2001:470:83ae:2:212:6d02:0:4045,50
1463032480,2001:470:83ae:2:212:6d02:0:4043,50
1463032486,2001:470:83ae:2:212:6d02:0:4040,50
1463032487,2001:470:83ae:2:212:6d02:0:4042,50
1463032493,2001:470:83ae:2:212:6d02:0:4035,50
1463032494,2001:470:83ae:2:212:6d02:0:4044,50
1463032497,2001:470:83ae:2:212:6d02:0:4034,50
1463032497,2001:470:83ae:2:212:6d02:0:4013,50
1463032506,2001:470:83ae:2:212:6d02:0:4045,51
1463032510,2001:470:83ae:2:212:6d02:0:4043,51
1463032516,2001:470:83ae:2:212:6d02:0:4040,51
1463032517,2001:470:83ae:2:212:6d02:0:4042,51
1463032523,2001:470:83ae:2:212:6d02:0:4035,51
1463032524,2001:470:83ae:2:212:6d02:0:4044,51
1463032527,2001:470:83ae:2:212:6d02:0:4034,51
1463032527,2001:470:83ae:2:212:6d02:0:4013,51
1463032536,2001:470:83ae:2:212:6d02:0:4045,52
1463032540,2001:470:83ae:2:212:6d02:0:4043,52
1463032546,2001:470:83ae:2:212:6d02:0:4040,52
1463032547,2001:470:83ae:2:212:6d02:0:4042,52
1463032553,2001:470:83ae:2:212:6d02:0:4035,52
1463032554,2001:470:83ae:2:212:6d02:0:4044,52
1463032557,2001:470:83ae:2:212:6d02:0:4034,52
1463032557,2001:470:83ae:2:212:6d02:0:4013,52
1463032566,2001:470:83ae:2:212:6d02:0:4045,53
1463032570,2001:470:83ae:2:212:6d02:0:4043,53
1463032576,2001:470:83ae:2:212:6d02:0:4040,53
1463032577,2001:470:83ae:2:212:6d02:0:4042,53
1463032583,2001:470:83ae:2:212:6d02:0:4035,53
1463032584,2001:470:83ae:2:212:6d02:0:4044,53
1463032587,2001:470:83ae:2:212:6d02:0:4034,53
1463032587,2001:470:83ae:2:212:6d02:0:4013,53
1463032596,2001:470:83ae:2:212:6d02:0:4045,54
1463032600,2001:470:83ae:2:212:6d02:0:4043,54
1463032606,2001:470:83ae:2:212:6d02:0:4040,54
1463032606,2001:470:83ae:2:212:6d02:0:4042,54
1463032613,2001:470:83ae:2:212:6d02:0:4035,54
1463032615,2001:470:83ae:2:212:6d02:0:4044,54
1463032617,2001:470:83ae:2:212:6d02:0:4034,54
1463032617,2001:470:83ae:2:212:6d02:0:4013,54
1463032626,2001:470:83ae:2:212:6d02:0:4045,55
1463032630,2001:470:83ae:2:212:6d02:0:4043,55
1463032636,2001:470:83ae:2:212:6d02:0:4040,55
1463032636,2001:470:83ae:2:212:6d02:0:4042,55
1463032643,2001:470:83ae:2:212:6d02:0:4035,55
1463032645,2001:470:83ae:2:212:6d02:0:4044,55
1463032646,2001:470:83ae:2:212:6d02:0:4034,55
1463032647,2001:470:83ae:2:212:6d02:0:4013,55
1463032656,2001:470:83ae:2:212:6d02:0:4045,56
1463032660,2001:470:83ae:2:212:6d02:0:4043,56
1463032666,2001:470:83ae:2:212:6d02:0:4040,56
1463032673,2001:470:83ae:2:212:6d02:0:4035,56
1463032675,2001:470:83ae:2:212:6d02:0:4044,56
1463032676,2001:470:83ae:2:212:6d02:0:4034,56
1463032677,2001:470:83ae:2:212:6d02:0:4013,56
1463032685,2001:470:83ae:2:212:6d02:0:4045,57
1463032690,2001:470:83ae:2:212:6d02:0:4043,57
1463032696,2001:470:83ae:2:212:6d02:0:4042,57
1463032696,2001:470:83ae:2:212:6d02:0:4040,57
1463032698,2001:470:83ae:2:212:6d02:0:400f,57
1463032703,2001:470:83ae:2:212:6d02:0:4035,57
1463032705,2001:470:83ae:2:212:6d02:0:4044,57
1463032706,2001:470:83ae:2:212:6d02:0:4034,57
1463032707,2001:470:83ae:2:212:6d02:0:4013,57
1463032715,2001:470:83ae:2:212:6d02:0:4045,58
1463032720,2001:470:83ae:2:212:6d02:0:4043,58
1463032726,2001:470:83ae:2:212:6d02:0:4042,58
1463032726,2001:470:83ae:2:212:6d02:0:4040,58
1463032728,2001:470:83ae:2:212:6d02:0:400f,58
1463032733,2001:470:83ae:2:212:6d02:0:4035,58
1463032735,2001:470:83ae:2:212:6d02:0:4044,58
1463032736,2001:470:83ae:2:212:6d02:0:4034,58
1463032737,2001:470:83ae:2:212:6d02:0:4013,58
1463032745,2001:470:83ae:2:212:6d02:0:4045,59
1463032750,2001:470:83ae:2:212:6d02:0:4043,59
1463032756,2001:470:83ae:2:212:6d02:0:4042,59
1463032756,2001:470:83ae:2:212:6d02:0:4040,59
1463032758,2001:470:83ae:2:212:6d02:0:400f,59
1463032763,2001:470:83ae:2:212:6d02:0:4035,59
1463032765,2001:470:83ae:2:212:6d02:0:4044,59
1463032766,2001:470:83ae:2:212:6d02:0:4034,59
1463032767,2001:470:83ae:2:212:6d02:0:4013,59
1463032775,2001:470:83ae:2:212:6d02:0:4045,60
1463032780,2001:470:83ae:2:212:6d02:0:4043,60
1463032786,2001:470:83ae:2:212:6d02:0:4042,60
1463032786,2001:470:83ae:2:212:6d02:0:4040,60
1463032788,2001:470:83ae:2:212:6d02:0:400f,60
1463032793,2001:470:83ae:2:212:6d02:0:4035,60
1463032796,2001:470:83ae:2:212:6d02:0:4044,60
1463032796,2001:470:83ae:2:212:6d02:0:4034,60
1463032797,2001:470:83ae:2:212:6d02:0:4013,60
1463032805,2001:470:83ae:2:212:6d02:0:4045,61
1463032810,2001:470:83ae:2:212:6d02:0:4043,61
1463032816,2001:470:83ae:2:212:6d02:0:4042,61
1463032816,2001:470:83ae:2:212:6d02:0:4040,61
1463032818,2001:470:83ae:2:212:6d02:0:400f,61
1463032823,2001:470:83ae:2:212:6d02:0:4035,61
1463032826,2001:470:83ae:2:212:6d02:0:4044,61
1463032826,2001:470:83ae:2:212:6d02:0:4034,61
1463032827,2001:470:83ae:2:212:6d02:0:4013,61
1463032835,2001:470:83ae:2:212:6d02:0:4045,62
1463032840,2001:470:83ae:2:212:6d02:0:4043,62
1463032846,2001:470:83ae:2:212:6d02:0:4042,62
1463032846,2001:470:83ae:2:212:6d02:0:4040,62
1463032848,2001:470:83ae:2:212:6d02:0:400f,62
1463032853,2001:470:83ae:2:212:6d02:0:4035,62
1463032856,2001:470:83ae:2:212:6d02:0:4044,62
1463032856,2001:470:83ae:2:212:6d02:0:4034,62
1463032857,2001:470:83ae:2:212:6d02:0:4013,62
1463032865,2001:470:83ae:2:212:6d02:0:4045,63
1463032870,2001:470:83ae:2:212:6d02:0:4043,63
1463032876,2001:470:83ae:2:212:6d02:0:4042,63
1463032876,2001:470:83ae:2:212:6d02:0:4040,63
1463032878,2001:470:83ae:2:212:6d02:0:400f,63
1463032883,2001:470:83ae:2:212:6d02:0:4035,63
1463032886,2001:470:83ae:2:212:6d02:0:4034,63
1463032895,2001:470:83ae:2:212:6d02:0:4045,64
1463032900,2001:470:83ae:2:212:6d02:0:4043,64
1463032906,2001:470:83ae:2:212:6d02:0:4042,64
1463032906,2001:470:83ae:2:212:6d02:0:4040,64
1463032908,2001:470:83ae:2:212:6d02:0:400f,64
1463032913,2001:470:83ae:2:212:6d02:0:4035,64
1463032916,2001:470:83ae:2:212:6d02:0:4034,64
1463032916,2001:470:83ae:2:212:6d02:0:4044,64
1463032925,2001:470:83ae:2:212:6d02:0:4045,65
1463032929,2001:470:83ae:2:212:6d02:0:4043,65
1463032936,2001:470:83ae:2:212:6d02:0:4042,65
1463032936,2001:470:83ae:2:212:6d02:0:4040,65
1463032938,2001:470:83ae:2:212:6d02:0:400f,65
1463032943,2001:470:83ae:2:212:6d02:0:4035,65
1463032946,2001:470:83ae:2:212:6d02:0:4034,65
1463032947,2001:470:83ae:2:212:6d02:0:4044,65
1463032955,2001:470:83ae:2:212:6d02:0:4045,66
1463032959,2001:470:83ae:2:212:6d02:0:4043,66
1463032966,2001:470:83ae:2:212:6d02:0:4042,66
1463032966,2001:470:83ae:2:212:6d02:0:4040,66
1463032968,2001:470:83ae:2:212:6d02:0:400f,66
1463032973,2001:470:83ae:2:212:6d02:0:4035,66
1463032976,2001:470:83ae:2:212:6d02:0:4034,66
1463032977,2001:470:83ae:2:212:6d02:0:4044,66
1463032985,2001:470:83ae:2:212:6d02:0:4045,67
1463032989,2001:470:83ae:2:212:6d02:0:4043,67
1463032996,2001:470:83ae:2:212:6d02:0:4042,67
1463032996,2001:470:83ae:2:212:6d02:0:4040,67
1463032998,2001:470:83ae:2:212:6d02:0:400f,67
1463033003,2001:470:83ae:2:212:6d02:0:4035,67
1463033006,2001:470:83ae:2:212:6d02:0:4034,67
1463033007,2001:470:83ae:2:212:6d02:0:4044,67
1463033014,2001:470:83ae:2:212:6d02:0:4045,68
1463033019,2001:470:83ae:2:212:6d02:0:4043,68
1463033025,2001:470:83ae:2:212:6d02:0:4042,68
1463033026,2001:470:83ae:2:212:6d02:0:4040,68
1463033028,2001:470:83ae:2:212:6d02:0:400f,68
1463033033,2001:470:83ae:2:212:6d02:0:4035,68
1463033036,2001:470:83ae:2:212:6d02:0:4034,68
1463033037,2001:470:83ae:2:212:6d02:0:4013,68
1463033044,2001:470:83ae:2:212:6d02:0:4045,69
1463033049,2001:470:83ae:2:212:6d02:0:4043,69
1463033055,2001:470:83ae:2:212:6d02:0:4042,69
1463033056,2001:470:83ae:2:212:6d02:0:4040,69
1463033058,2001:470:83ae:2:212:6d02:0:400f,69
1463033063,2001:470:83ae:2:212:6d02:0:4035,69
1463033066,2001:470:83ae:2:212:6d02:0:4034,69
1463033067,2001:470:83ae:2:212:6d02:0:4013,69
1463033074,2001:470:83ae:2:212:6d02:0:4045,70
1463033079,2001:470:83ae:2:212:6d02:0:4043,70
1463033085,2001:470:83ae:2:212:6d02:0:4042,70
1463033086,2001:470:83ae:2:212:6d02:0:4040,70
1463033088,2001:470:83ae:2:212:6d02:0:400f,70
1463033093,2001:470:83ae:2:212:6d02:0:4035,70
1463033096,2001:470:83ae:2:212:6d02:0:4034,70
1463033097,2001:470:83ae:2:212:6d02:0:4013,70
1463033104,2001:470:83ae:2:212:6d02:0:4045,71
1463033109,2001:470:83ae:2:212:6d02:0:4043,71
1463033115,2001:470:83ae:2:212:6d02:0:4042,71
1463033116,2001:470:83ae:2:212:6d02:0:4040,71
1463033118,2001:470:83ae:2:212:6d02:0:400f,71
1463033123,2001:470:83ae:2:212:6d02:0:4035,71
1463033126,2001:470:83ae:2:212:6d02:0:4034,71
1463033127,2001:470:83ae:2:212:6d02:0:4013,71
1463033134,2001:470:83ae:2:212:6d02:0:4045,72
1463033139,2001:470:83ae:2:212:6d02:0:4043,72
1463033145,2001:470:83ae:2:212:6d02:0:4042,72
1463033146,2001:470:83ae:2:212:6d02:0:4040,72
1463033148,2001:470:83ae:2:212:6d02:0:400f,72
1463033153,2001:470:83ae:2:212:6d02:0:4035,72
1463033156,2001:470:83ae:2:212:6d02:0:4034,72
1463033157,2001:470:83ae:2:212:6d02:0:4013,72
1463033164,2001:470:83ae:2:212:6d02:0:4045,73
1463033169,2001:470:83ae:2:212:6d02:0:4043,73
1463033175,2001:470:83ae:2:212:6d02:0:4042,73
1463033176,2001:470:83ae:2:212:6d02:0:4040,73
1463033178,2001:470:83ae:2:212:6d02:0:400f,73
1463033183,2001:470:83ae:2:212:6d02:0:4035,73
1463033186,2001:470:83ae:2:212:6d02:0:4034,73
1463033187,2001:470:83ae:2:212:6d02:0:4013,73
1463033194,2001:470:83ae:2:212:6d02:0:4045,74
1463033199,2001:470:83ae:2:212:6d02:0:4043,74
1463033205,2001:470:83ae:2:212:6d02:0:4042,74
1463033206,2001:470:83ae:2:212:6d02:0:4040,74
1463033208,2001:470:83ae:2:212:6d02:0:400f,74
1463033213,2001:470:83ae:2:212:6d02:0:4035,74
1463033216,2001:470:83ae:2:212:6d02:0:4034,74
1463033217,2001:470:83ae:2:212:6d02:0:4013,74
1463033224,2001:470:83ae:2:212:6d02:0:4045,75
1463033229,2001:470:83ae:2:212:6d02:0:4043,75
1463033235,2001:470:83ae:2:212:6d02:0:4042,75
1463033236,2001:470:83ae:2:212:6d02:0:4040,75
1463033238,2001:470:83ae:2:212:6d02:0:400f,75
1463033243,2001:470:83ae:2:212:6d02:0:4035,75
1463033246,2001:470:83ae:2:212:6d02:0:4034,75
1463033247,2001:470:83ae:2:212:6d02:0:4013,75
